2026-09-28T01:02:11.216+0100 [INFO]  Terraform version: 1.15.3
2026-09-28T01:02:11.287+0100 [DEBUG] using github.com/hashicorp/go-tfe v1.105.0
2026-09-28T01:02:11.287+0100 [DEBUG] using github.com/hashicorp/hcl/v2 v2.24.0
2026-09-28T01:02:11.287+0100 [DEBUG] using github.com/hashicorp/terraform-svchost v0.2.1
2026-09-28T01:02:11.287+0100 [DEBUG] using github.com/zclconf/go-cty v1.18.0
2026-09-28T01:02:11.287+0100 [INFO]  Go runtime version: go1.25.10
2026-09-28T01:02:11.287+0100 [INFO]  CLI args: []string{"C:\\Users\\mevae\\AppData\\Local\\Microsoft\\WinGet\\Links\\terraform.exe", "apply"}
2026-09-28T01:02:11.294+0100 [DEBUG] Attempting to open CLI config file: C:\Users\mevae\AppData\Roaming\terraform.rc
2026-09-28T01:02:11.317+0100 [DEBUG] File doesn't exist, but doesn't need to. Ignoring.
2026-09-28T01:02:11.374+0100 [DEBUG] ignoring non-existing provider search directory terraform.d/plugins
2026-09-28T01:02:11.374+0100 [DEBUG] ignoring non-existing provider search directory C:\Users\mevae\AppData\Roaming\terraform.d\plugins
2026-09-28T01:02:11.385+0100 [DEBUG] ignoring non-existing provider search directory C:\Users\mevae\AppData\Roaming\HashiCorp\Terraform\plugins
2026-09-28T01:02:11.385+0100 [INFO]  CLI command args: []string{"apply"}
2026-09-28T01:02:52.563+0100 [DEBUG] checking for provisioner in "."
2026-09-28T01:02:52.563+0100 [DEBUG] checking for provisioner in "C:\\Users\\mevae\\AppData\\Local\\Microsoft\\WinGet\\Links"
2026-09-28T01:02:53.032+0100 [INFO]  backend/local: starting Apply operation
2026-09-28T01:03:00.715+0100 [DEBUG] ReferenceTransformer: "module.s3" references: [var.bucket_name]
2026-09-28T01:03:00.948+0100 [DEBUG] ReferenceTransformer: "module.iam" references: []
2026-09-28T01:03:00.948+0100 [DEBUG] ReferenceTransformer: "var.bucket_name" references: []
2026-09-28T01:03:00.948+0100 [DEBUG] ReferenceTransformer: "var.region" references: []
2026-09-28T01:03:00.948+0100 [DEBUG] ReferenceTransformer: "var.github_repository_subject" references: []
2026-09-28T01:03:01.511+0100 [DEBUG] Starting graph walk: walkInit
2026-09-28T01:03:05.265+0100 [WARN]  Error loading schema for registry.terraform.io/hashicorp/aws to determine its functions: failed to instantiate provider "registry.terraform.io/hashicorp/aws" to obtain schema: unavailable provider "registry.terraform.io/hashicorp/aws"
2026-09-28T01:03:06.277+0100 [WARN]  Error loading schema for registry.terraform.io/hashicorp/aws to determine its functions: failed to instantiate provider "registry.terraform.io/hashicorp/aws" to obtain schema: unavailable provider "registry.terraform.io/hashicorp/aws"
2026-09-28T01:03:06.359+0100 [DEBUG] ReferenceTransformer: "module.iam.var.github_oidc_assume_json (expand)" references: []
2026-09-28T01:03:06.740+0100 [DEBUG] ReferenceTransformer: "module.s3.var.bucket_name (expand)" references: []
2026-09-28T01:03:07.024+0100 [DEBUG] created provider logger: level=debug
2026-09-28T01:03:07.125+0100 [INFO]  provider: configuring client automatic mTLS
2026-09-28T01:03:07.605+0100 [DEBUG] provider: starting plugin: path=.terraform/providers/registry.terraform.io/hashicorp/aws/6.50.0/windows_amd64/terraform-provider-aws_v6.50.0_x5.exe args=[".terraform/providers/registry.terraform.io/hashicorp/aws/6.50.0/windows_amd64/terraform-provider-aws_v6.50.0_x5.exe"]
2026-09-28T01:03:07.911+0100 [DEBUG] provider: plugin started: path=.terraform/providers/registry.terraform.io/hashicorp/aws/6.50.0/windows_amd64/terraform-provider-aws_v6.50.0_x5.exe pid=15660
2026-09-28T01:03:07.913+0100 [DEBUG] provider: waiting for RPC address: plugin=.terraform/providers/registry.terraform.io/hashicorp/aws/6.50.0/windows_amd64/terraform-provider-aws_v6.50.0_x5.exe
2026-09-28T01:03:41.911+0100 [DEBUG] provider.terraform-provider-aws_v6.50.0_x5.exe: Starting github.com/hashicorp/terraform-provider-aws@6.50.0 (go1.26.3)...
2026-09-28T01:03:41.911+0100 [DEBUG] provider.terraform-provider-aws_v6.50.0_x5.exe: Creating Terraform AWS Provider (SDKv2-style)...
2026-09-28T01:03:41.911+0100 [DEBUG] provider.terraform-provider-aws_v6.50.0_x5.exe: Initializing Terraform AWS Provider (SDKv2-style)...
2026-09-28T01:03:54.999+0100 [DEBUG] provider.terraform-provider-aws_v6.50.0_x5.exe: Creating Terraform AWS Provider (Framework-style)...
2026-09-28T01:03:55.038+0100 [DEBUG] provider.terraform-provider-aws_v6.50.0_x5.exe: Initializing Terraform AWS Provider (Framework-style)...
2026-09-28T01:03:55.910+0100 [INFO]  provider.terraform-provider-aws_v6.50.0_x5.exe: configuring server automatic mTLS: timestamp="2026-09-28T01:03:55.689+0100"
2026-09-28T01:03:56.339+0100 [DEBUG] provider: using plugin: version=5
2026-09-28T01:03:56.339+0100 [DEBUG] provider.terraform-provider-aws_v6.50.0_x5.exe: plugin address: network=tcp address=127.0.0.1:10000 timestamp="2026-09-28T01:03:56.338+0100"
2026-09-28T01:04:34.985+0100 [DEBUG] provider.stdio: received EOF, stopping recv loop: err="rpc error: code = Unavailable desc = error reading from server: EOF"
2026-09-28T01:04:35.133+0100 [INFO]  provider: plugin process exited: plugin=.terraform/providers/registry.terraform.io/hashicorp/aws/6.50.0/windows_amd64/terraform-provider-aws_v6.50.0_x5.exe id=15660
2026-09-28T01:04:35.140+0100 [DEBUG] provider: plugin exited
2026-09-28T01:04:35.170+0100 [DEBUG] Building and walking validate graph
2026-09-28T01:04:35.298+0100 [DEBUG] ProviderTransformer: "module.s3.aws_s3_bucket_versioning.terraform_state" (*terraform.NodeValidatableResource) needs provider["registry.terraform.io/hashicorp/aws"]
2026-09-28T01:04:35.298+0100 [DEBUG] ProviderTransformer: "data.aws_iam_policy_document.github_oidc_assume" (*terraform.NodeValidatableResource) needs provider["registry.terraform.io/hashicorp/aws"]
2026-09-28T01:04:35.298+0100 [DEBUG] ProviderTransformer: "module.iam.aws_iam_role_policy_attachment.terraform_ec2" (*terraform.NodeValidatableResource) needs provider["registry.terraform.io/hashicorp/aws"]
2026-09-28T01:04:35.298+0100 [DEBUG] ProviderTransformer: "module.s3.aws_dynamodb_table.terraform_lock" (*terraform.NodeValidatableResource) needs provider["registry.terraform.io/hashicorp/aws"]
2026-09-28T01:04:35.298+0100 [DEBUG] ProviderTransformer: "module.s3.aws_s3_bucket_public_access_block.terraform_state" (*terraform.NodeValidatableResource) needs provider["registry.terraform.io/hashicorp/aws"]
2026-09-28T01:04:35.298+0100 [DEBUG] ProviderTransformer: "module.iam.aws_iam_role_policy_attachment.terraform_ecs" (*terraform.NodeValidatableResource) needs provider["registry.terraform.io/hashicorp/aws"]
2026-09-28T01:04:35.298+0100 [DEBUG] ProviderTransformer: "module.iam.aws_iam_role.github_bootstrap_role" (*terraform.NodeValidatableResource) needs provider["registry.terraform.io/hashicorp/aws"]
2026-09-28T01:04:35.298+0100 [DEBUG] ProviderTransformer: "module.iam.aws_iam_policy.terraform_logs" (*terraform.NodeValidatableResource) needs provider["registry.terraform.io/hashicorp/aws"]
2026-09-28T01:04:35.298+0100 [DEBUG] ProviderTransformer: "module.s3.aws_s3_bucket.terraform_state" (*terraform.NodeValidatableResource) needs provider["registry.terraform.io/hashicorp/aws"]
2026-09-28T01:04:35.298+0100 [DEBUG] ProviderTransformer: "module.iam.aws_iam_role_policy_attachment.bootstrap" (*terraform.NodeValidatableResource) needs provider["registry.terraform.io/hashicorp/aws"]
2026-09-28T01:04:35.298+0100 [DEBUG] ProviderTransformer: "aws_iam_openid_connect_provider.github" (*terraform.NodeValidatableResource) needs provider["registry.terraform.io/hashicorp/aws"]
2026-09-28T01:04:35.298+0100 [DEBUG] ProviderTransformer: "module.s3.aws_s3_bucket_server_side_encryption_configuration.terraform_state" (*terraform.NodeValidatableResource) needs provider["registry.terraform.io/hashicorp/aws"]
2026-09-28T01:04:35.298+0100 [DEBUG] ProviderTransformer: "module.iam.aws_iam_role_policy_attachment.terraform_ecr" (*terraform.NodeValidatableResource) needs provider["registry.terraform.io/hashicorp/aws"]
2026-09-28T01:04:35.298+0100 [DEBUG] ProviderTransformer: "module.iam.aws_iam_policy.terraform_ec2" (*terraform.NodeValidatableResource) needs provider["registry.terraform.io/hashicorp/aws"]
2026-09-28T01:04:35.298+0100 [DEBUG] ProviderTransformer: "module.iam.aws_iam_policy.terraform_ecr" (*terraform.NodeValidatableResource) needs provider["registry.terraform.io/hashicorp/aws"]
2026-09-28T01:04:35.298+0100 [DEBUG] ProviderTransformer: "module.iam.aws_iam_policy.terraform_bootstrap" (*terraform.NodeValidatableResource) needs provider["registry.terraform.io/hashicorp/aws"]
2026-09-28T01:04:35.298+0100 [DEBUG] ProviderTransformer: "module.iam.aws_iam_role_policy_attachment.terraform_logs" (*terraform.NodeValidatableResource) needs provider["registry.terraform.io/hashicorp/aws"]
2026-09-28T01:04:35.298+0100 [DEBUG] ProviderTransformer: "module.iam.aws_iam_policy.terraform_ecs" (*terraform.NodeValidatableResource) needs provider["registry.terraform.io/hashicorp/aws"]
2026-09-28T01:04:35.309+0100 [DEBUG] ReferenceTransformer: "module.s3.output.bucket_name (expand)" references: [module.s3.aws_s3_bucket.terraform_state]
2026-09-28T01:04:35.309+0100 [DEBUG] ReferenceTransformer: "data.aws_iam_policy_document.github_oidc_assume" references: [aws_iam_openid_connect_provider.github var.github_repository_subject]
2026-09-28T01:04:35.309+0100 [DEBUG] ReferenceTransformer: "var.region" references: []
2026-09-28T01:04:35.319+0100 [DEBUG] ReferenceTransformer: "output.s3_bucket_name (expand)" references: [module.s3.output.bucket_name (expand)]
2026-09-28T01:04:35.319+0100 [DEBUG] ReferenceTransformer: "aws_iam_openid_connect_provider.github" references: []
2026-09-28T01:04:35.330+0100 [DEBUG] ReferenceTransformer: "module.iam.aws_iam_policy.terraform_bootstrap" references: []
2026-09-28T01:04:35.330+0100 [DEBUG] ReferenceTransformer: "module.iam.aws_iam_role.github_bootstrap_role" references: [module.iam.var.github_oidc_assume_json (expand)]
2026-09-28T01:04:35.330+0100 [DEBUG] ReferenceTransformer: "module.s3.output.dynamodb_table_name (expand)" references: [module.s3.aws_dynamodb_table.terraform_lock]
2026-09-28T01:04:35.330+0100 [DEBUG] ReferenceTransformer: "module.iam (expand)" references: []
2026-09-28T01:04:35.330+0100 [DEBUG] ReferenceTransformer: "module.s3 (close)" references: []
2026-09-28T01:04:35.330+0100 [DEBUG] ReferenceTransformer: "module.iam.aws_iam_policy.terraform_logs" references: []
2026-09-28T01:04:35.330+0100 [DEBUG] ReferenceTransformer: "module.iam.aws_iam_role_policy_attachment.terraform_logs" references: [module.iam.aws_iam_policy.terraform_logs module.iam.aws_iam_role.github_bootstrap_role]
2026-09-28T01:04:35.330+0100 [DEBUG] ReferenceTransformer: "module.s3.aws_s3_bucket.terraform_state" references: [module.s3.var.bucket_name (expand)]
2026-09-28T01:04:35.330+0100 [DEBUG] ReferenceTransformer: "module.s3.var.bucket_name (expand)" references: [var.bucket_name]
2026-09-28T01:04:35.330+0100 [DEBUG] ReferenceTransformer: "provider[\"registry.terraform.io/hashicorp/aws\"]" references: [var.region]
2026-09-28T01:04:35.330+0100 [DEBUG] ReferenceTransformer: "module.iam.var.github_oidc_assume_json (expand)" references: [data.aws_iam_policy_document.github_oidc_assume]
2026-09-28T01:04:35.330+0100 [DEBUG] ReferenceTransformer: "module.iam.aws_iam_policy.terraform_ecs" references: []
2026-09-28T01:04:35.330+0100 [DEBUG] ReferenceTransformer: "module.iam.aws_iam_role_policy_attachment.terraform_ec2" references: [module.iam.aws_iam_policy.terraform_ec2 module.iam.aws_iam_role.github_bootstrap_role]
2026-09-28T01:04:35.330+0100 [DEBUG] ReferenceTransformer: "module.s3.aws_s3_bucket_server_side_encryption_configuration.terraform_state" references: [module.s3.aws_s3_bucket.terraform_state]
2026-09-28T01:04:35.330+0100 [DEBUG] ReferenceTransformer: "module.s3.aws_dynamodb_table.terraform_lock" references: [module.s3.var.bucket_name (expand)]
2026-09-28T01:04:35.330+0100 [DEBUG] ReferenceTransformer: "module.s3 (expand)" references: []
2026-09-28T01:04:35.330+0100 [DEBUG] ReferenceTransformer: "module.iam.aws_iam_role_policy_attachment.bootstrap" references: [module.iam.aws_iam_policy.terraform_bootstrap module.iam.aws_iam_role.github_bootstrap_role]
2026-09-28T01:04:35.330+0100 [DEBUG] ReferenceTransformer: "module.s3.aws_s3_bucket_versioning.terraform_state" references: [module.s3.aws_s3_bucket.terraform_state]
2026-09-28T01:04:35.330+0100 [DEBUG] ReferenceTransformer: "module.s3.aws_s3_bucket_public_access_block.terraform_state" references: [module.s3.aws_s3_bucket.terraform_state]
2026-09-28T01:04:35.330+0100 [DEBUG] ReferenceTransformer: "var.bucket_name" references: []
2026-09-28T01:04:35.330+0100 [DEBUG] ReferenceTransformer: "module.iam (close)" references: []
2026-09-28T01:04:35.330+0100 [DEBUG] ReferenceTransformer: "output.github_bootstrap_role_arn (expand)" references: [module.iam.output.github_bootstrap_role_arn (expand)]
2026-09-28T01:04:35.330+0100 [DEBUG] ReferenceTransformer: "module.iam.aws_iam_policy.terraform_ecr" references: []
2026-09-28T01:04:35.330+0100 [DEBUG] ReferenceTransformer: "module.iam.aws_iam_role_policy_attachment.terraform_ecr" references: [module.iam.aws_iam_role.github_bootstrap_role module.iam.aws_iam_policy.terraform_ecr]
2026-09-28T01:04:35.330+0100 [DEBUG] ReferenceTransformer: "module.iam.aws_iam_role_policy_attachment.terraform_ecs" references: [module.iam.aws_iam_role.github_bootstrap_role module.iam.aws_iam_policy.terraform_ecs]
2026-09-28T01:04:35.330+0100 [DEBUG] ReferenceTransformer: "module.iam.aws_iam_policy.terraform_ec2" references: []
2026-09-28T01:04:35.330+0100 [DEBUG] ReferenceTransformer: "var.github_repository_subject" references: []
2026-09-28T01:04:35.330+0100 [DEBUG] ReferenceTransformer: "module.iam.output.github_bootstrap_role_arn (expand)" references: [module.iam.aws_iam_role.github_bootstrap_role]
2026-09-28T01:04:35.330+0100 [DEBUG] Starting graph walk: walkValidate
2026-09-28T01:04:35.366+0100 [DEBUG] created provider logger: level=debug
2026-09-28T01:04:35.366+0100 [INFO]  provider: configuring client automatic mTLS
2026-09-28T01:04:35.453+0100 [DEBUG] provider: starting plugin: path=.terraform/providers/registry.terraform.io/hashicorp/aws/6.50.0/windows_amd64/terraform-provider-aws_v6.50.0_x5.exe args=[".terraform/providers/registry.terraform.io/hashicorp/aws/6.50.0/windows_amd64/terraform-provider-aws_v6.50.0_x5.exe"]
2026-09-28T01:04:35.492+0100 [DEBUG] provider: plugin started: path=.terraform/providers/registry.terraform.io/hashicorp/aws/6.50.0/windows_amd64/terraform-provider-aws_v6.50.0_x5.exe pid=14096
2026-09-28T01:04:35.492+0100 [DEBUG] provider: waiting for RPC address: plugin=.terraform/providers/registry.terraform.io/hashicorp/aws/6.50.0/windows_amd64/terraform-provider-aws_v6.50.0_x5.exe
2026-09-28T01:04:35.804+0100 [DEBUG] provider.terraform-provider-aws_v6.50.0_x5.exe: Starting github.com/hashicorp/terraform-provider-aws@6.50.0 (go1.26.3)...
2026-09-28T01:04:35.804+0100 [DEBUG] provider.terraform-provider-aws_v6.50.0_x5.exe: Creating Terraform AWS Provider (SDKv2-style)...
2026-09-28T01:04:35.804+0100 [DEBUG] provider.terraform-provider-aws_v6.50.0_x5.exe: Initializing Terraform AWS Provider (SDKv2-style)...
2026-09-28T01:04:35.874+0100 [DEBUG] provider.terraform-provider-aws_v6.50.0_x5.exe: Creating Terraform AWS Provider (Framework-style)...
2026-09-28T01:04:35.875+0100 [DEBUG] provider.terraform-provider-aws_v6.50.0_x5.exe: Initializing Terraform AWS Provider (Framework-style)...
2026-09-28T01:04:35.941+0100 [INFO]  provider.terraform-provider-aws_v6.50.0_x5.exe: configuring server automatic mTLS: timestamp="2026-09-28T01:04:35.878+0100"
2026-09-28T01:04:35.956+0100 [DEBUG] provider: using plugin: version=5
2026-09-28T01:04:35.956+0100 [DEBUG] provider.terraform-provider-aws_v6.50.0_x5.exe: plugin address: address=127.0.0.1:10000 network=tcp timestamp="2026-09-28T01:04:35.955+0100"
2026-09-28T01:04:37.158+0100 [DEBUG] provider.stdio: received EOF, stopping recv loop: err="rpc error: code = Unavailable desc = error reading from server: EOF"
2026-09-28T01:04:37.204+0100 [INFO]  provider: plugin process exited: plugin=.terraform/providers/registry.terraform.io/hashicorp/aws/6.50.0/windows_amd64/terraform-provider-aws_v6.50.0_x5.exe id=14096
2026-09-28T01:04:37.205+0100 [DEBUG] provider: plugin exited
2026-09-28T01:04:37.228+0100 [INFO]  backend/local: apply calling Plan
2026-09-28T01:04:37.229+0100 [DEBUG] Building and walking plan graph for NormalMode
2026-09-28T01:04:37.278+0100 [DEBUG] ProviderTransformer: "module.s3.aws_s3_bucket_server_side_encryption_configuration.terraform_state (expand)" (*terraform.nodeExpandPlannableResource) needs provider["registry.terraform.io/hashicorp/aws"]
2026-09-28T01:04:37.278+0100 [DEBUG] ProviderTransformer: "module.iam.aws_iam_policy.terraform_bootstrap (expand)" (*terraform.nodeExpandPlannableResource) needs provider["registry.terraform.io/hashicorp/aws"]
2026-09-28T01:04:37.278+0100 [DEBUG] ProviderTransformer: "module.iam.aws_iam_policy.terraform_ecr (expand)" (*terraform.nodeExpandPlannableResource) needs provider["registry.terraform.io/hashicorp/aws"]
2026-09-28T01:04:37.278+0100 [DEBUG] ProviderTransformer: "module.iam.aws_iam_policy.terraform_ec2 (expand)" (*terraform.nodeExpandPlannableResource) needs provider["registry.terraform.io/hashicorp/aws"]
2026-09-28T01:04:37.278+0100 [DEBUG] ProviderTransformer: "module.s3.aws_dynamodb_table.terraform_lock (expand)" (*terraform.nodeExpandPlannableResource) needs provider["registry.terraform.io/hashicorp/aws"]
2026-09-28T01:04:37.278+0100 [DEBUG] ProviderTransformer: "module.iam.aws_iam_role_policy_attachment.terraform_logs (expand)" (*terraform.nodeExpandPlannableResource) needs provider["registry.terraform.io/hashicorp/aws"]
2026-09-28T01:04:37.278+0100 [DEBUG] ProviderTransformer: "module.iam.aws_iam_role_policy_attachment.terraform_ecs (expand)" (*terraform.nodeExpandPlannableResource) needs provider["registry.terraform.io/hashicorp/aws"]
2026-09-28T01:04:37.278+0100 [DEBUG] ProviderTransformer: "module.iam.aws_iam_policy.terraform_ecs (expand)" (*terraform.nodeExpandPlannableResource) needs provider["registry.terraform.io/hashicorp/aws"]
2026-09-28T01:04:37.278+0100 [DEBUG] ProviderTransformer: "module.s3.aws_s3_bucket_public_access_block.terraform_state (expand)" (*terraform.nodeExpandPlannableResource) needs provider["registry.terraform.io/hashicorp/aws"]
2026-09-28T01:04:37.278+0100 [DEBUG] ProviderTransformer: "module.iam.aws_iam_role_policy_attachment.terraform_ec2 (expand)" (*terraform.nodeExpandPlannableResource) needs provider["registry.terraform.io/hashicorp/aws"]
2026-09-28T01:04:37.278+0100 [DEBUG] ProviderTransformer: "module.s3.aws_s3_bucket.terraform_state (expand)" (*terraform.nodeExpandPlannableResource) needs provider["registry.terraform.io/hashicorp/aws"]
2026-09-28T01:04:37.278+0100 [DEBUG] ProviderTransformer: "data.aws_iam_policy_document.github_oidc_assume (expand)" (*terraform.nodeExpandPlannableResource) needs provider["registry.terraform.io/hashicorp/aws"]
2026-09-28T01:04:37.278+0100 [DEBUG] ProviderTransformer: "module.iam.aws_iam_role.github_bootstrap_role (expand)" (*terraform.nodeExpandPlannableResource) needs provider["registry.terraform.io/hashicorp/aws"]
2026-09-28T01:04:37.278+0100 [DEBUG] ProviderTransformer: "module.iam.aws_iam_policy.terraform_logs (expand)" (*terraform.nodeExpandPlannableResource) needs provider["registry.terraform.io/hashicorp/aws"]
2026-09-28T01:04:37.278+0100 [DEBUG] ProviderTransformer: "module.iam.aws_iam_role_policy_attachment.terraform_ecr (expand)" (*terraform.nodeExpandPlannableResource) needs provider["registry.terraform.io/hashicorp/aws"]
2026-09-28T01:04:37.278+0100 [DEBUG] ProviderTransformer: "aws_iam_openid_connect_provider.github (expand)" (*terraform.nodeExpandPlannableResource) needs provider["registry.terraform.io/hashicorp/aws"]
2026-09-28T01:04:37.278+0100 [DEBUG] ProviderTransformer: "module.iam.aws_iam_role_policy_attachment.bootstrap (expand)" (*terraform.nodeExpandPlannableResource) needs provider["registry.terraform.io/hashicorp/aws"]
2026-09-28T01:04:37.278+0100 [DEBUG] ProviderTransformer: "module.s3.aws_s3_bucket_versioning.terraform_state (expand)" (*terraform.nodeExpandPlannableResource) needs provider["registry.terraform.io/hashicorp/aws"]
2026-09-28T01:04:37.278+0100 [DEBUG] ReferenceTransformer: "data.aws_iam_policy_document.github_oidc_assume (expand)" references: [aws_iam_openid_connect_provider.github (expand) var.github_repository_subject]
2026-09-28T01:04:37.278+0100 [DEBUG] ReferenceTransformer: "module.iam.aws_iam_role_policy_attachment.terraform_logs (expand)" references: [module.iam.aws_iam_policy.terraform_logs (expand) module.iam.aws_iam_role.github_bootstrap_role (expand)]
2026-09-28T01:04:37.278+0100 [DEBUG] ReferenceTransformer: "module.iam.aws_iam_role_policy_attachment.bootstrap (expand)" references: [module.iam.aws_iam_policy.terraform_bootstrap (expand) module.iam.aws_iam_role.github_bootstrap_role (expand)]
2026-09-28T01:04:37.278+0100 [DEBUG] ReferenceTransformer: "module.s3.aws_s3_bucket_versioning.terraform_state (expand)" references: [module.s3.aws_s3_bucket.terraform_state (expand)]
2026-09-28T01:04:37.278+0100 [DEBUG] ReferenceTransformer: "module.s3 (close)" references: []
2026-09-28T01:04:37.278+0100 [DEBUG] ReferenceTransformer: "module.iam.aws_iam_role_policy_attachment.terraform_ec2 (expand)" references: [module.iam.aws_iam_policy.terraform_ec2 (expand) module.iam.aws_iam_role.github_bootstrap_role (expand)]
2026-09-28T01:04:37.278+0100 [DEBUG] ReferenceTransformer: "module.iam.aws_iam_role_policy_attachment.terraform_ecs (expand)" references: [module.iam.aws_iam_role.github_bootstrap_role (expand) module.iam.aws_iam_policy.terraform_ecs (expand)]
2026-09-28T01:04:37.278+0100 [DEBUG] ReferenceTransformer: "module.iam.aws_iam_role.github_bootstrap_role (expand)" references: [module.iam.var.github_oidc_assume_json (expand)]
2026-09-28T01:04:37.278+0100 [DEBUG] ReferenceTransformer: "var.region" references: []
2026-09-28T01:04:37.278+0100 [DEBUG] ReferenceTransformer: "module.s3 (expand)" references: []
2026-09-28T01:04:37.278+0100 [DEBUG] ReferenceTransformer: "module.iam.aws_iam_policy.terraform_ecs (expand)" references: []
2026-09-28T01:04:37.278+0100 [DEBUG] ReferenceTransformer: "module.iam.aws_iam_policy.terraform_logs (expand)" references: []
2026-09-28T01:04:37.278+0100 [DEBUG] ReferenceTransformer: "var.github_repository_subject" references: []
2026-09-28T01:04:37.278+0100 [DEBUG] ReferenceTransformer: "module.iam.output.github_bootstrap_role_arn (expand)" references: [module.iam.aws_iam_role.github_bootstrap_role (expand)]
2026-09-28T01:04:37.278+0100 [DEBUG] ReferenceTransformer: "output.github_bootstrap_role_arn (expand)" references: [module.iam.output.github_bootstrap_role_arn (expand)]
2026-09-28T01:04:37.278+0100 [DEBUG] ReferenceTransformer: "module.s3.output.bucket_name (expand)" references: [module.s3.aws_s3_bucket.terraform_state (expand)]
2026-09-28T01:04:37.278+0100 [DEBUG] ReferenceTransformer: "module.iam.aws_iam_role_policy_attachment.terraform_ecr (expand)" references: [module.iam.aws_iam_role.github_bootstrap_role (expand) module.iam.aws_iam_policy.terraform_ecr (expand)]
2026-09-28T01:04:37.278+0100 [DEBUG] ReferenceTransformer: "module.s3.aws_s3_bucket_server_side_encryption_configuration.terraform_state (expand)" references: [module.s3.aws_s3_bucket.terraform_state (expand)]
2026-09-28T01:04:37.278+0100 [DEBUG] ReferenceTransformer: "module.s3.aws_s3_bucket_public_access_block.terraform_state (expand)" references: [module.s3.aws_s3_bucket.terraform_state (expand)]
2026-09-28T01:04:37.278+0100 [DEBUG] ReferenceTransformer: "module.s3.var.bucket_name (expand)" references: [var.bucket_name]
2026-09-28T01:04:37.278+0100 [DEBUG] ReferenceTransformer: "module.iam.aws_iam_policy.terraform_bootstrap (expand)" references: []
2026-09-28T01:04:37.278+0100 [DEBUG] ReferenceTransformer: "module.iam.aws_iam_policy.terraform_ecr (expand)" references: []
2026-09-28T01:04:37.278+0100 [DEBUG] ReferenceTransformer: "provider[\"registry.terraform.io/hashicorp/aws\"]" references: [var.region]
2026-09-28T01:04:37.278+0100 [DEBUG] ReferenceTransformer: "var.bucket_name" references: []
2026-09-28T01:04:37.278+0100 [DEBUG] ReferenceTransformer: "module.iam.var.github_oidc_assume_json (expand)" references: [data.aws_iam_policy_document.github_oidc_assume (expand)]
2026-09-28T01:04:37.278+0100 [DEBUG] ReferenceTransformer: "module.s3.output.dynamodb_table_name (expand)" references: [module.s3.aws_dynamodb_table.terraform_lock (expand)]
2026-09-28T01:04:37.278+0100 [DEBUG] ReferenceTransformer: "module.iam (expand)" references: []
2026-09-28T01:04:37.278+0100 [DEBUG] ReferenceTransformer: "aws_iam_openid_connect_provider.github (expand)" references: []
2026-09-28T01:04:37.278+0100 [DEBUG] ReferenceTransformer: "module.iam.aws_iam_policy.terraform_ec2 (expand)" references: []
2026-09-28T01:04:37.278+0100 [DEBUG] ReferenceTransformer: "module.s3.aws_dynamodb_table.terraform_lock (expand)" references: [module.s3.var.bucket_name (expand)]
2026-09-28T01:04:37.278+0100 [DEBUG] ReferenceTransformer: "module.s3.aws_s3_bucket.terraform_state (expand)" references: [module.s3.var.bucket_name (expand)]
2026-09-28T01:04:37.278+0100 [DEBUG] ReferenceTransformer: "output.s3_bucket_name (expand)" references: [module.s3.output.bucket_name (expand)]
2026-09-28T01:04:37.278+0100 [DEBUG] ReferenceTransformer: "module.iam (close)" references: []
2026-09-28T01:04:37.288+0100 [DEBUG] Starting graph walk: walkPlan
2026-09-28T01:04:37.288+0100 [DEBUG] created provider logger: level=debug
2026-09-28T01:04:37.288+0100 [INFO]  provider: configuring client automatic mTLS
2026-09-28T01:04:37.299+0100 [DEBUG] provider: starting plugin: path=.terraform/providers/registry.terraform.io/hashicorp/aws/6.50.0/windows_amd64/terraform-provider-aws_v6.50.0_x5.exe args=[".terraform/providers/registry.terraform.io/hashicorp/aws/6.50.0/windows_amd64/terraform-provider-aws_v6.50.0_x5.exe"]
2026-09-28T01:04:37.335+0100 [DEBUG] provider: plugin started: path=.terraform/providers/registry.terraform.io/hashicorp/aws/6.50.0/windows_amd64/terraform-provider-aws_v6.50.0_x5.exe pid=13100
2026-09-28T01:04:37.335+0100 [DEBUG] provider: waiting for RPC address: plugin=.terraform/providers/registry.terraform.io/hashicorp/aws/6.50.0/windows_amd64/terraform-provider-aws_v6.50.0_x5.exe
2026-09-28T01:04:37.534+0100 [DEBUG] provider.terraform-provider-aws_v6.50.0_x5.exe: Starting github.com/hashicorp/terraform-provider-aws@6.50.0 (go1.26.3)...
2026-09-28T01:04:37.538+0100 [DEBUG] provider.terraform-provider-aws_v6.50.0_x5.exe: Creating Terraform AWS Provider (SDKv2-style)...
2026-09-28T01:04:37.538+0100 [DEBUG] provider.terraform-provider-aws_v6.50.0_x5.exe: Initializing Terraform AWS Provider (SDKv2-style)...
2026-09-28T01:04:37.580+0100 [DEBUG] provider.terraform-provider-aws_v6.50.0_x5.exe: Creating Terraform AWS Provider (Framework-style)...
2026-09-28T01:04:37.580+0100 [DEBUG] provider.terraform-provider-aws_v6.50.0_x5.exe: Initializing Terraform AWS Provider (Framework-style)...
2026-09-28T01:04:37.642+0100 [INFO]  provider.terraform-provider-aws_v6.50.0_x5.exe: configuring server automatic mTLS: timestamp="2026-09-28T01:04:37.581+0100"
2026-09-28T01:04:37.656+0100 [DEBUG] provider: using plugin: version=5
2026-09-28T01:04:37.656+0100 [DEBUG] provider.terraform-provider-aws_v6.50.0_x5.exe: plugin address: address=127.0.0.1:10000 network=tcp timestamp="2026-09-28T01:04:37.656+0100"
2026-09-28T01:04:37.977+0100 [DEBUG] provider.terraform-provider-aws_v6.50.0_x5.exe: Configuring Terraform AWS Provider: @module=aws tf_mux_provider="*schema.GRPCProviderServer" tf_rpc=ConfigureProvider @caller=github.com/hashicorp/terraform-provider-aws/internal/conns/config.go:150 tf_provider_addr=registry.terraform.io/hashicorp/aws tf_req_id=566dc370-fcfa-cfd8-1b6e-7c2f33922fa6 timestamp="2026-09-28T01:04:37.940+0100"
2026-09-28T01:04:38.085+0100 [DEBUG] provider.terraform-provider-aws_v6.50.0_x5.exe: Resolving credentials provider: tf_req_id=566dc370-fcfa-cfd8-1b6e-7c2f33922fa6 tf_rpc=ConfigureProvider @caller=github.com/hashicorp/aws-sdk-go-base/v2@v2.0.0-beta.73/logging/tf_logger.go:47 tf_provider_addr=registry.terraform.io/hashicorp/aws @module=aws.aws-base tf_mux_provider="*schema.GRPCProviderServer" timestamp="2026-09-28T01:04:38.085+0100"
2026-09-28T01:04:38.174+0100 [DEBUG] provider.terraform-provider-aws_v6.50.0_x5.exe: Loading configuration: tf_mux_provider="*schema.GRPCProviderServer" tf_req_id=566dc370-fcfa-cfd8-1b6e-7c2f33922fa6 @caller=github.com/hashicorp/aws-sdk-go-base/v2@v2.0.0-beta.73/logging/tf_logger.go:47 @module=aws.aws-base tf_provider_addr=registry.terraform.io/hashicorp/aws tf_rpc=ConfigureProvider timestamp="2026-09-28T01:04:38.172+0100"
2026-09-28T01:04:38.368+0100 [DEBUG] provider.terraform-provider-aws_v6.50.0_x5.exe: Retrieving credentials: @module=aws.aws-base tf_mux_provider="*schema.GRPCProviderServer" tf_rpc=ConfigureProvider @caller=github.com/hashicorp/aws-sdk-go-base/v2@v2.0.0-beta.73/logging/tf_logger.go:47 tf_provider_addr=registry.terraform.io/hashicorp/aws tf_req_id=566dc370-fcfa-cfd8-1b6e-7c2f33922fa6 timestamp="2026-09-28T01:04:38.365+0100"
2026-09-28T01:04:38.406+0100 [INFO]  provider.terraform-provider-aws_v6.50.0_x5.exe: Retrieved credentials: @caller=github.com/hashicorp/aws-sdk-go-base/v2@v2.0.0-beta.73/logging/tf_logger.go:39 tf_aws.credentials_source="SharedConfigCredentials: C:\Users\mevae\.aws\credentials" tf_mux_provider="*schema.GRPCProviderServer" tf_provider_addr=registry.terraform.io/hashicorp/aws tf_req_id=566dc370-fcfa-cfd8-1b6e-7c2f33922fa6 tf_rpc=ConfigureProvider @module=aws.aws-base timestamp="2026-09-28T01:04:38.396+0100"
2026-09-28T01:04:38.406+0100 [DEBUG] provider.terraform-provider-aws_v6.50.0_x5.exe: Loading configuration: tf_mux_provider="*schema.GRPCProviderServer" tf_provider_addr=registry.terraform.io/hashicorp/aws @caller=github.com/hashicorp/aws-sdk-go-base/v2@v2.0.0-beta.73/logging/tf_logger.go:47 @module=aws.aws-base tf_req_id=566dc370-fcfa-cfd8-1b6e-7c2f33922fa6 tf_rpc=ConfigureProvider timestamp="2026-09-28T01:04:38.396+0100"
2026-09-28T01:04:38.409+0100 [DEBUG] provider.terraform-provider-aws_v6.50.0_x5.exe: Retrieving AWS account details: tf_req_id=566dc370-fcfa-cfd8-1b6e-7c2f33922fa6 tf_rpc=ConfigureProvider @module=aws @caller=github.com/hashicorp/terraform-provider-aws/internal/conns/config.go:188 tf_mux_provider="*schema.GRPCProviderServer" tf_provider_addr=registry.terraform.io/hashicorp/aws timestamp="2026-09-28T01:04:38.408+0100"
2026-09-28T01:04:38.514+0100 [DEBUG] provider.terraform-provider-aws_v6.50.0_x5.exe: Retrieving caller identity from STS: @caller=github.com/hashicorp/aws-sdk-go-base/v2@v2.0.0-beta.73/logging/tf_logger.go:47 @module=aws.aws-base tf_mux_provider="*schema.GRPCProviderServer" tf_req_id=566dc370-fcfa-cfd8-1b6e-7c2f33922fa6 tf_provider_addr=registry.terraform.io/hashicorp/aws tf_rpc=ConfigureProvider timestamp="2026-09-28T01:04:38.511+0100"
2026-09-28T01:04:38.864+0100 [DEBUG] provider.terraform-provider-aws_v6.50.0_x5.exe: HTTP Request Sent:
  http.request.body=
  | Action=GetCallerIdentity&Version=2011-06-15
   http.request.header.amz_sdk_invocation_id=ebf88e2c-aae8-4ced-a904-b63d1bb48880 http.request.header.x_amz_date=20260928T000438Z tf_aws.signing_region="" tf_mux_provider="*schema.GRPCProviderServer" @caller=github.com/hashicorp/aws-sdk-go-base/v2@v2.0.0-beta.73/logging/tf_logger.go:47 @module=aws.aws-base aws.region=eu-west-1 http.request.header.authorization="AWS4-HMAC-SHA256 Credential=AKIA************SZUM/20260928/eu-west-1/sts/aws4_request, SignedHeaders=amz-sdk-invocation-id;amz-sdk-request;content-length;content-type;host;x-amz-date, Signature=*****" http.request_content_length=43 net.peer.name=sts.eu-west-1.amazonaws.com http.method=POST http.request.header.content_type=application/x-www-form-urlencoded http.user_agent="APN/1.0 HashiCorp/1.0 Terraform/1.15.3 (+https://www.terraform.io) terraform-provider-aws/6.50.0 (+https://registry.terraform.io/providers/hashicorp/aws) aws-sdk-go-v2/1.42.0 ua/2.1 os/windows lang/go#1.26.3 md/GOOS#windows md/GOARCH#amd64 api/sts#1.43.3 m/n" rpc.method=STS/GetCallerIdentity rpc.system.name=aws-api tf_rpc=ConfigureProvider http.request.header.amz_sdk_request="attempt=1; max=25" http.url=https://sts.eu-west-1.amazonaws.com/ tf_aws.sdk=aws-sdk-go-v2 tf_provider_addr=registry.terraform.io/hashicorp/aws tf_req_id=566dc370-fcfa-cfd8-1b6e-7c2f33922fa6 timestamp="2026-09-28T01:04:38.848+0100"
2026-09-28T01:04:42.598+0100 [DEBUG] provider.terraform-provider-aws_v6.50.0_x5.exe: HTTP Response Received: http.status_code=200 aws.region=eu-west-1 http.response.header.content_type=text/xml http.response_content_length=416 rpc.system.name=aws-api tf_aws.signing_region="" tf_mux_provider="*schema.GRPCProviderServer" @caller=github.com/hashicorp/aws-sdk-go-base/v2@v2.0.0-beta.73/logging/tf_logger.go:47 @module=aws.aws-base http.duration=3749 rpc.method=STS/GetCallerIdentity tf_aws.sdk=aws-sdk-go-v2 tf_req_id=566dc370-fcfa-cfd8-1b6e-7c2f33922fa6
  http.response.body=
  | <GetCallerIdentityResponse xmlns="https://sts.amazonaws.com/doc/2011-06-15/">
  |   <GetCallerIdentityResult>
  |     <Arn>arn:aws:iam::234334047980:user/terraform-bootstrap</Arn>
  |     <UserId>AIDA*************MURE</UserId>
  |     <Account>234334047980</Account>
  |   </GetCallerIdentityResult>
  |   <ResponseMetadata>
  |     <RequestId>26281004-5105-46ff-ab83-be710603d5bc</RequestId>
  |   </ResponseMetadata>
  | </GetCallerIdentityResponse>
   http.response.header.date="Mon, 28 Sep 2026 00:04:42 GMT" http.response.header.x_amzn_requestid=26281004-5105-46ff-ab83-be710603d5bc http.response.header.x_amz_sts_extended_request_id=MTpldS13ZXN0LTE6UzoxNzkwNTUzODgyNTY5OlI6eXJYUExZUTk= tf_provider_addr=registry.terraform.io/hashicorp/aws tf_rpc=ConfigureProvider timestamp="2026-09-28T01:04:42.598+0100"
2026-09-28T01:04:42.631+0100 [INFO]  provider.terraform-provider-aws_v6.50.0_x5.exe: Retrieved caller identity from STS: @caller=github.com/hashicorp/aws-sdk-go-base/v2@v2.0.0-beta.73/logging/tf_logger.go:39 @module=aws.aws-base tf_rpc=ConfigureProvider tf_mux_provider="*schema.GRPCProviderServer" tf_provider_addr=registry.terraform.io/hashicorp/aws tf_req_id=566dc370-fcfa-cfd8-1b6e-7c2f33922fa6 timestamp="2026-09-28T01:04:42.629+0100"
2026-09-28T01:04:42.655+0100 [DEBUG] ReferenceTransformer: "module.iam.aws_iam_policy.terraform_ecs" references: []
2026-09-28T01:04:42.655+0100 [DEBUG] ReferenceTransformer: "aws_iam_openid_connect_provider.github" references: []
2026-09-28T01:04:42.655+0100 [DEBUG] ReferenceTransformer: "module.iam.aws_iam_policy.terraform_bootstrap" references: []
2026-09-28T01:04:42.655+0100 [DEBUG] ReferenceTransformer: "module.iam.aws_iam_policy.terraform_logs" references: []
2026-09-28T01:04:42.655+0100 [DEBUG] ReferenceTransformer: "module.s3.aws_s3_bucket.terraform_state" references: []
2026-09-28T01:04:42.661+0100 [DEBUG] ReferenceTransformer: "module.s3.aws_dynamodb_table.terraform_lock" references: []
2026-09-28T01:04:42.661+0100 [DEBUG] ReferenceTransformer: "module.iam.aws_iam_policy.terraform_ec2" references: []
2026-09-28T01:04:42.665+0100 [DEBUG] ReferenceTransformer: "module.iam.aws_iam_policy.terraform_ecr" references: []
2026-09-28T01:04:44.332+0100 [DEBUG] provider.terraform-provider-aws_v6.50.0_x5.exe: HTTP Request Sent: @caller=github.com/hashicorp/aws-sdk-go-base/v2@v2.0.0-beta.73/logging/tf_logger.go:45 http.method=POST http.request.body="***" tf_provider_addr=registry.terraform.io/hashicorp/aws tf_req_id=7aa6132a-358b-ed0a-ffcc-e72fb88fb281 tf_resource_type=aws_iam_policy @module=aws http.request.header.content_type=application/x-www-form-urlencoded http.request_content_length=111 http.url=https://iam.amazonaws.com/ net.peer.name=iam.amazonaws.com tf_rpc=ReadResource aws.region=eu-west-1 http.request.header.authorization="AWS4-HMAC-SHA256 Credential=AKIA************SZUM/20260928/us-east-1/iam/aws4_request, SignedHeaders=amz-sdk-invocation-id;amz-sdk-request;content-length;content-type;host;x-amz-date, Signature=*****" http.user_agent="APN/1.0 HashiCorp/1.0 Terraform/1.15.3 (+https://www.terraform.io) terraform-provider-aws/6.50.0 (+https://registry.terraform.io/providers/hashicorp/aws) aws-sdk-go-v2/1.42.0 ua/2.1 os/windows lang/go#1.26.3 md/GOOS#windows md/GOARCH#amd64 api/iam#1.54.4 m/n" tf_aws.sdk=aws-sdk-go-v2 http.request.header.amz_sdk_invocation_id=38f6d604-9840-4ea1-97eb-471d7377dc24 http.request.header.amz_sdk_request="attempt=1; max=25" http.request.header.x_amz_date=20260928T000444Z rpc.method=IAM/GetPolicy rpc.system.name=aws-api tf_aws.signing_region="" tf_mux_provider="*schema.GRPCProviderServer" timestamp="2026-09-28T01:04:44.332+0100"
2026-09-28T01:04:44.342+0100 [DEBUG] provider.terraform-provider-aws_v6.50.0_x5.exe: HTTP Request Sent: http.request.header.amz_sdk_request="attempt=1; max=25" rpc.method=IAM/GetOpenIDConnectProvider rpc.system.name=aws-api tf_aws.sdk=aws-sdk-go-v2 tf_mux_provider="*schema.GRPCProviderServer" tf_resource_type=aws_iam_openid_connect_provider http.user_agent="APN/1.0 HashiCorp/1.0 Terraform/1.15.3 (+https://www.terraform.io) terraform-provider-aws/6.50.0 (+https://registry.terraform.io/providers/hashicorp/aws) aws-sdk-go-v2/1.42.0 ua/2.1 os/windows lang/go#1.26.3 md/GOOS#windows md/GOARCH#amd64 api/iam#1.54.4 m/n" tf_req_id=9dcc57f0-7c48-bda9-44dc-c14692c99ecf aws.region=eu-west-1 http.request.header.amz_sdk_invocation_id=cbcb79e1-b09a-46e0-8bfa-1989a2c9629f http.request.header.authorization="AWS4-HMAC-SHA256 Credential=AKIA************SZUM/20260928/us-east-1/iam/aws4_request, SignedHeaders=amz-sdk-invocation-id;amz-sdk-request;content-length;content-type;host;x-amz-date, Signature=*****" http.url=https://iam.amazonaws.com/ tf_aws.signing_region="" tf_provider_addr=registry.terraform.io/hashicorp/aws tf_rpc=ReadResource @caller=github.com/hashicorp/aws-sdk-go-base/v2@v2.0.0-beta.73/logging/tf_logger.go:45 http.method=POST http.request.body="***" http.request.header.content_type=application/x-www-form-urlencoded http.request.header.x_amz_date=20260928T000444Z http.request_content_length=163 net.peer.name=iam.amazonaws.com @module=aws timestamp="2026-09-28T01:04:44.332+0100"
2026-09-28T01:04:44.342+0100 [DEBUG] provider.terraform-provider-aws_v6.50.0_x5.exe: HTTP Request Sent: aws.region=eu-west-1 http.request.header.amz_sdk_invocation_id=e0aeffc4-dae4-476c-97fd-8d4e8c449ba2 http.user_agent="APN/1.0 HashiCorp/1.0 Terraform/1.15.3 (+https://www.terraform.io) terraform-provider-aws/6.50.0 (+https://registry.terraform.io/providers/hashicorp/aws) aws-sdk-go-v2/1.42.0 ua/2.1 os/windows lang/go#1.26.3 md/GOOS#windows md/GOARCH#amd64 api/iam#1.54.4 m/n" rpc.system.name=aws-api tf_req_id=8d868b6a-fa06-b232-dbf9-f145c65770c9 tf_resource_type=aws_iam_policy http.request.header.content_type=application/x-www-form-urlencoded http.request_content_length=112 @module=aws http.request.header.amz_sdk_request="attempt=1; max=25" http.request.header.x_amz_date=20260928T000444Z http.url=https://iam.amazonaws.com/ tf_aws.signing_region="" tf_provider_addr=registry.terraform.io/hashicorp/aws tf_rpc=ReadResource @caller=github.com/hashicorp/aws-sdk-go-base/v2@v2.0.0-beta.73/logging/tf_logger.go:45 http.method=POST http.request.body="***" http.request.header.authorization="AWS4-HMAC-SHA256 Credential=AKIA************SZUM/20260928/us-east-1/iam/aws4_request, SignedHeaders=amz-sdk-invocation-id;amz-sdk-request;content-length;content-type;host;x-amz-date, Signature=*****" net.peer.name=iam.amazonaws.com rpc.method=IAM/GetPolicy tf_aws.sdk=aws-sdk-go-v2 tf_mux_provider="*schema.GRPCProviderServer" timestamp="2026-09-28T01:04:44.332+0100"
2026-09-28T01:04:44.342+0100 [DEBUG] provider.terraform-provider-aws_v6.50.0_x5.exe: HTTP Request Sent: http.request_content_length=117 http.method=POST http.request.body="***" http.request.header.amz_sdk_invocation_id=e54c2546-bf27-4729-9ffd-69eda11fe4dc http.request.header.x_amz_date=20260928T000444Z rpc.method=IAM/GetPolicy @module=aws aws.region=eu-west-1 http.request.header.authorization="AWS4-HMAC-SHA256 Credential=AKIA************SZUM/20260928/us-east-1/iam/aws4_request, SignedHeaders=amz-sdk-invocation-id;amz-sdk-request;content-length;content-type;host;x-amz-date, Signature=*****" rpc.system.name=aws-api tf_aws.signing_region="" tf_mux_provider="*schema.GRPCProviderServer" tf_req_id=f7ed540e-c843-2cd6-2a6e-350696599be2 tf_resource_type=aws_iam_policy http.request.header.content_type=application/x-www-form-urlencoded http.user_agent="APN/1.0 HashiCorp/1.0 Terraform/1.15.3 (+https://www.terraform.io) terraform-provider-aws/6.50.0 (+https://registry.terraform.io/providers/hashicorp/aws) aws-sdk-go-v2/1.42.0 ua/2.1 os/windows lang/go#1.26.3 md/GOOS#windows md/GOARCH#amd64 api/iam#1.54.4 m/n" net.peer.name=iam.amazonaws.com tf_aws.sdk=aws-sdk-go-v2 @caller=github.com/hashicorp/aws-sdk-go-base/v2@v2.0.0-beta.73/logging/tf_logger.go:45 http.request.header.amz_sdk_request="attempt=1; max=25" http.url=https://iam.amazonaws.com/ tf_provider_addr=registry.terraform.io/hashicorp/aws tf_rpc=ReadResource timestamp="2026-09-28T01:04:44.332+0100"
2026-09-28T01:04:44.343+0100 [DEBUG] provider.terraform-provider-aws_v6.50.0_x5.exe: HTTP Request Sent: tf_aws.sdk=aws-sdk-go-v2 tf_req_id=53fec1b5-6628-fdc2-b10f-766fcd459577 tf_rpc=ReadResource @module=aws http.request.body="***" http.request.header.amz_sdk_request="attempt=1; max=25" net.peer.name=iam.amazonaws.com tf_mux_provider="*schema.GRPCProviderServer" tf_provider_addr=registry.terraform.io/hashicorp/aws aws.region=eu-west-1 http.url=https://iam.amazonaws.com/ tf_aws.signing_region="" tf_resource_type=aws_iam_policy @caller=github.com/hashicorp/aws-sdk-go-base/v2@v2.0.0-beta.73/logging/tf_logger.go:45 http.method=POST http.request.header.authorization="AWS4-HMAC-SHA256 Credential=AKIA************SZUM/20260928/us-east-1/iam/aws4_request, SignedHeaders=amz-sdk-invocation-id;amz-sdk-request;content-length;content-type;host;x-amz-date, Signature=*****" http.request.header.content_type=application/x-www-form-urlencoded http.request_content_length=111 http.user_agent="APN/1.0 HashiCorp/1.0 Terraform/1.15.3 (+https://www.terraform.io) terraform-provider-aws/6.50.0 (+https://registry.terraform.io/providers/hashicorp/aws) aws-sdk-go-v2/1.42.0 ua/2.1 os/windows lang/go#1.26.3 md/GOOS#windows md/GOARCH#amd64 api/iam#1.54.4 m/n" rpc.method=IAM/GetPolicy rpc.system.name=aws-api http.request.header.amz_sdk_invocation_id=bc7ca6ce-48e1-44a2-b8a3-9b1a6025dd4e http.request.header.x_amz_date=20260928T000444Z timestamp="2026-09-28T01:04:44.342+0100"
2026-09-28T01:04:44.343+0100 [DEBUG] provider.terraform-provider-aws_v6.50.0_x5.exe: HTTP Request Sent: http.request.header.authorization="AWS4-HMAC-SHA256 Credential=AKIA************SZUM/20260928/us-east-1/iam/aws4_request, SignedHeaders=amz-sdk-invocation-id;amz-sdk-request;content-length;content-type;host;x-amz-date, Signature=*****" rpc.system.name=aws-api tf_aws.sdk=aws-sdk-go-v2 tf_provider_addr=registry.terraform.io/hashicorp/aws @module=aws http.request.header.amz_sdk_request="attempt=1; max=25" http.request_content_length=111 http.url=https://iam.amazonaws.com/ http.user_agent="APN/1.0 HashiCorp/1.0 Terraform/1.15.3 (+https://www.terraform.io) terraform-provider-aws/6.50.0 (+https://registry.terraform.io/providers/hashicorp/aws) aws-sdk-go-v2/1.42.0 ua/2.1 os/windows lang/go#1.26.3 md/GOOS#windows md/GOARCH#amd64 api/iam#1.54.4 m/n" net.peer.name=iam.amazonaws.com tf_mux_provider="*schema.GRPCProviderServer" aws.region=eu-west-1 http.request.body="***" http.request.header.amz_sdk_invocation_id=e86f1cce-a85f-4a5b-b20d-480ed5cc06bf http.request.header.content_type=application/x-www-form-urlencoded http.request.header.x_amz_date=20260928T000444Z rpc.method=IAM/GetPolicy tf_req_id=b520d273-8cfb-a209-830f-acad20dbb634 tf_resource_type=aws_iam_policy @caller=github.com/hashicorp/aws-sdk-go-base/v2@v2.0.0-beta.73/logging/tf_logger.go:45 http.method=POST tf_aws.signing_region="" tf_rpc=ReadResource timestamp="2026-09-28T01:04:44.342+0100"
2026-09-28T01:04:44.836+0100 [DEBUG] provider.terraform-provider-aws_v6.50.0_x5.exe: HTTP Request Sent: http.request.header.x_amz_content_sha256=e3b0c44298fc1c149afbf4c8996fb92427ae41e4649b934ca495991b7852b855 rpc.system.name=aws-api tf_mux_provider="*schema.GRPCProviderServer" tf_provider_addr=registry.terraform.io/hashicorp/aws @caller=github.com/hashicorp/aws-sdk-go-base/v2@v2.0.0-beta.73/logging/tf_logger.go:45 http.request.body="***" http.request.header.accept_encoding=identity http.request.header.amz_sdk_invocation_id=d61d06e5-6818-4aa8-a1ae-f71b2c3039ba http.user_agent="APN/1.0 HashiCorp/1.0 Terraform/1.15.3 (+https://www.terraform.io) terraform-provider-aws/6.50.0 (+https://registry.terraform.io/providers/hashicorp/aws) aws-sdk-go-v2/1.42.0 ua/2.1 os/windows lang/go#1.26.3 md/GOOS#windows md/GOARCH#amd64 api/s3#1.103.3 m/n" rpc.method=S3/HeadBucket tf_req_id=6ab5182f-6e4b-f63b-46f8-69dc6116f05e @module=aws http.request.header.authorization="AWS4-HMAC-SHA256 Credential=AKIA************SZUM/20260928/eu-west-1/s3/aws4_request, SignedHeaders=accept-encoding;amz-sdk-invocation-id;amz-sdk-request;host;x-amz-content-sha256;x-amz-date, Signature=*****" http.request.header.x_amz_date=20260928T000444Z http.url=https://edgar-fitness-terraform-state.s3.eu-west-1.amazonaws.com/ tf_aws.sdk=aws-sdk-go-v2 tf_aws.signing_region="" aws.region=eu-west-1 net.peer.name=edgar-fitness-terraform-state.s3.eu-west-1.amazonaws.com tf_resource_type=aws_s3_bucket tf_rpc=ReadResource aws.s3.bucket=edgar-fitness-terraform-state http.method=HEAD http.request.header.amz_sdk_request="attempt=1; max=25" timestamp="2026-09-28T01:04:44.827+0100"
2026-09-28T01:04:44.945+0100 [DEBUG] provider.terraform-provider-aws_v6.50.0_x5.exe: HTTP Request Sent: tf_mux_provider="*schema.GRPCProviderServer" db.system.name=aws.dynamodb http.request.header.amz_sdk_invocation_id=a15bd021-8bef-4fb0-9263-544e140e6700 rpc.system.name=aws-api tf_provider_addr=registry.terraform.io/hashicorp/aws aws.dynamodb.table_names=[edgar-fitness-terraform-state-lock] http.request.header.content_type=application/x-amz-json-1.0 http.request_content_length=50 rpc.method=DynamoDB/DescribeTable tf_aws.sdk=aws-sdk-go-v2 http.request.header.authorization="AWS4-HMAC-SHA256 Credential=AKIA************SZUM/20260928/eu-west-1/dynamodb/aws4_request, SignedHeaders=accept-encoding;amz-sdk-invocation-id;amz-sdk-request;content-length;content-type;host;x-amz-date;x-amz-target, Signature=*****" http.request.header.x_amz_date=20260928T000444Z http.request.header.x_amz_target=DynamoDB_20120810.DescribeTable http.method=POST tf_req_id=09256800-17e7-9ea4-1ffc-8c9ceeaae25e @caller=github.com/hashicorp/aws-sdk-go-base/v2@v2.0.0-beta.73/logging/tf_logger.go:45 @module=aws http.request.header.amz_sdk_request="attempt=1; max=25" tf_resource_type=aws_dynamodb_table tf_rpc=ReadResource http.request.body="***" tf_aws.signing_region="" aws.region=eu-west-1 http.request.header.accept_encoding=identity http.url=https://dynamodb.eu-west-1.amazonaws.com/ http.user_agent="APN/1.0 HashiCorp/1.0 Terraform/1.15.3 (+https://www.terraform.io) terraform-provider-aws/6.50.0 (+https://registry.terraform.io/providers/hashicorp/aws) aws-sdk-go-v2/1.42.0 ua/2.1 os/windows lang/go#1.26.3 md/GOOS#windows md/GOARCH#amd64 api/dynamodb#1.59.0 m/P,n" net.peer.name=dynamodb.eu-west-1.amazonaws.com timestamp="2026-09-28T01:04:44.941+0100"
2026-09-28T01:04:48.099+0100 [DEBUG] provider.terraform-provider-aws_v6.50.0_x5.exe: HTTP Response Received: http.response.header.x_amz_bucket_region=eu-west-1 http.status_code=200 tf_resource_type=aws_s3_bucket tf_rpc=ReadResource http.response.header.content_type=application/xml http.response.header.server=AmazonS3 http.response.header.x_amz_access_point_alias=false http.response.header.x_amz_request_id=HR7T8PX7Y7AVM67A tf_aws.sdk=aws-sdk-go-v2 tf_req_id=6ab5182f-6e4b-f63b-46f8-69dc6116f05e @module=aws aws.region=eu-west-1 http.response.header.date="Mon, 28 Sep 2026 00:04:49 GMT" rpc.system.name=aws-api tf_aws.signing_region="" tf_provider_addr=registry.terraform.io/hashicorp/aws aws.s3.bucket=edgar-fitness-terraform-state http.duration=3270 http.response.body="***" http.response.header.x_amz_bucket_arn=arn:aws:s3:::edgar-fitness-terraform-state http.response.header.x_amz_id_2="UVbr4l25I+TgsGTAHMc4KEH6NBV1tBBUPIgkVGtYB6zdlNhmV8ucc5MuUwOwtqix0iatVeEOzeGjRKooNh1aZSu8Pr7cKHxh" rpc.method=S3/HeadBucket tf_mux_provider="*schema.GRPCProviderServer" @caller=github.com/hashicorp/aws-sdk-go-base/v2@v2.0.0-beta.73/logging/tf_logger.go:45 timestamp="2026-09-28T01:04:48.099+0100"
2026-09-28T01:04:48.100+0100 [DEBUG] provider.terraform-provider-aws_v6.50.0_x5.exe: HTTP Response Received: http.response.header.date="Mon, 28 Sep 2026 00:04:48 GMT" http.response.header.server=Server tf_aws.signing_region="" @caller=github.com/hashicorp/aws-sdk-go-base/v2@v2.0.0-beta.73/logging/tf_logger.go:45 http.response.header.x_amz_crc32=734694476 http.response.header.x_amzn_requestid=JDVF4HFODSDAPDU5SHI55K01VRVV4KQNSO5AEMVJF66Q9ASUAAJG rpc.system.name=aws-api tf_mux_provider="*schema.GRPCProviderServer" aws.dynamodb.table_names=[edgar-fitness-terraform-state-lock] aws.region=eu-west-1 http.response.header.connection=keep-alive http.response.header.content_type=application/x-amz-json-1.0 http.response_content_length=880 http.status_code=200 rpc.method=DynamoDB/DescribeTable http.response.body="***" tf_aws.sdk=aws-sdk-go-v2 tf_provider_addr=registry.terraform.io/hashicorp/aws tf_req_id=09256800-17e7-9ea4-1ffc-8c9ceeaae25e tf_resource_type=aws_dynamodb_table tf_rpc=ReadResource @module=aws db.system.name=aws.dynamodb http.duration=3158 timestamp="2026-09-28T01:04:48.100+0100"
2026-09-28T01:04:48.180+0100 [DEBUG] provider.terraform-provider-aws_v6.50.0_x5.exe: HTTP Response Received: http.response.body="***" http.response.header.content_type=text/xml http.response.header.x_amzn_requestid=8e9dab51-7ea3-4d4b-a7fc-ef53d853ab10 rpc.system.name=aws-api aws.region=eu-west-1 http.status_code=200 rpc.method=IAM/GetOpenIDConnectProvider tf_aws.sdk=aws-sdk-go-v2 tf_aws.signing_region="" tf_mux_provider="*schema.GRPCProviderServer" tf_req_id=9dcc57f0-7c48-bda9-44dc-c14692c99ecf tf_resource_type=aws_iam_openid_connect_provider http.response_content_length=603 http.response.header.date="Mon, 28 Sep 2026 00:04:48 GMT" @caller=github.com/hashicorp/aws-sdk-go-base/v2@v2.0.0-beta.73/logging/tf_logger.go:45 @module=aws tf_provider_addr=registry.terraform.io/hashicorp/aws tf_rpc=ReadResource http.duration=3843 timestamp="2026-09-28T01:04:48.175+0100"
2026-09-28T01:04:48.185+0100 [DEBUG] provider.terraform-provider-aws_v6.50.0_x5.exe: HTTP Response Received: http.duration=3841 @caller=github.com/hashicorp/aws-sdk-go-base/v2@v2.0.0-beta.73/logging/tf_logger.go:45 http.response.header.x_amzn_requestid=cf2a6f60-4e43-4315-bacc-574056f2fcb5 http.status_code=200 tf_aws.sdk=aws-sdk-go-v2 tf_provider_addr=registry.terraform.io/hashicorp/aws tf_resource_type=aws_iam_policy @module=aws aws.region=eu-west-1 http.response.body="***" http.response.header.content_type=text/xml http.response.header.date="Mon, 28 Sep 2026 00:04:48 GMT" rpc.system.name=aws-api tf_aws.signing_region="" http.response_content_length=777 rpc.method=IAM/GetPolicy tf_mux_provider="*schema.GRPCProviderServer" tf_req_id=b520d273-8cfb-a209-830f-acad20dbb634 tf_rpc=ReadResource timestamp="2026-09-28T01:04:48.184+0100"
2026-09-28T01:04:48.363+0100 [DEBUG] provider.terraform-provider-aws_v6.50.0_x5.exe: HTTP Response Received: tf_aws.signing_region="" @caller=github.com/hashicorp/aws-sdk-go-base/v2@v2.0.0-beta.73/logging/tf_logger.go:45 rpc.method=IAM/GetPolicy rpc.system.name=aws-api tf_rpc=ReadResource http.response.body="***" http.status_code=200 tf_provider_addr=registry.terraform.io/hashicorp/aws http.response.header.content_type=text/xml http.response.header.date="Mon, 28 Sep 2026 00:04:48 GMT" http.response_content_length=777 tf_aws.sdk=aws-sdk-go-v2 tf_mux_provider="*schema.GRPCProviderServer" tf_req_id=7aa6132a-358b-ed0a-ffcc-e72fb88fb281 tf_resource_type=aws_iam_policy @module=aws aws.region=eu-west-1 http.duration=4028 http.response.header.x_amzn_requestid=0bbc1280-eeb8-457a-a9ce-5b4c4df254e2 timestamp="2026-09-28T01:04:48.361+0100"
2026-09-28T01:04:48.432+0100 [DEBUG] provider.terraform-provider-aws_v6.50.0_x5.exe: HTTP Response Received: tf_provider_addr=registry.terraform.io/hashicorp/aws tf_req_id=8d868b6a-fa06-b232-dbf9-f145c65770c9 tf_resource_type=aws_iam_policy aws.region=eu-west-1 http.response_content_length=779 rpc.system.name=aws-api tf_aws.sdk=aws-sdk-go-v2 http.duration=4089 http.response.header.date="Mon, 28 Sep 2026 00:04:48 GMT" http.status_code=200 tf_rpc=ReadResource @caller=github.com/hashicorp/aws-sdk-go-base/v2@v2.0.0-beta.73/logging/tf_logger.go:45 @module=aws rpc.method=IAM/GetPolicy tf_aws.signing_region="" http.response.body="***" http.response.header.content_type=text/xml http.response.header.x_amzn_requestid=47ca328d-b0d1-4e0d-909c-fb98f96eafbd tf_mux_provider="*schema.GRPCProviderServer" timestamp="2026-09-28T01:04:48.422+0100"
2026-09-28T01:04:48.433+0100 [DEBUG] provider.terraform-provider-aws_v6.50.0_x5.exe: HTTP Request Sent: http.request.body="***" http.request.header.amz_sdk_invocation_id=fd064671-00aa-4c4c-a332-5e6e0f87d418 http.request.header.amz_sdk_request="attempt=1; max=25" http.url=https://iam.amazonaws.com/ tf_mux_provider="*schema.GRPCProviderServer" tf_provider_addr=registry.terraform.io/hashicorp/aws @module=aws aws.region=eu-west-1 http.request.header.x_amz_date=20260928T000448Z http.user_agent="APN/1.0 HashiCorp/1.0 Terraform/1.15.3 (+https://www.terraform.io) terraform-provider-aws/6.50.0 (+https://registry.terraform.io/providers/hashicorp/aws) aws-sdk-go-v2/1.42.0 ua/2.1 os/windows lang/go#1.26.3 md/GOOS#windows md/GOARCH#amd64 api/iam#1.54.4 m/n" tf_rpc=ReadResource http.method=POST http.request.header.authorization="AWS4-HMAC-SHA256 Credential=AKIA************SZUM/20260928/us-east-1/iam/aws4_request, SignedHeaders=amz-sdk-invocation-id;amz-sdk-request;content-length;content-type;host;x-amz-date, Signature=*****" http.request_content_length=131 net.peer.name=iam.amazonaws.com rpc.system.name=aws-api tf_aws.signing_region="" @caller=github.com/hashicorp/aws-sdk-go-base/v2@v2.0.0-beta.73/logging/tf_logger.go:45 http.request.header.content_type=application/x-www-form-urlencoded rpc.method=IAM/GetPolicyVersion tf_aws.sdk=aws-sdk-go-v2 tf_req_id=7aa6132a-358b-ed0a-ffcc-e72fb88fb281 tf_resource_type=aws_iam_policy timestamp="2026-09-28T01:04:48.432+0100"
2026-09-28T01:04:48.435+0100 [DEBUG] provider.terraform-provider-aws_v6.50.0_x5.exe: HTTP Request Sent: @module=aws http.method=POST http.request.header.content_type=application/x-www-form-urlencoded http.request.header.x_amz_date=20260928T000448Z rpc.method=IAM/GetPolicyVersion @caller=github.com/hashicorp/aws-sdk-go-base/v2@v2.0.0-beta.73/logging/tf_logger.go:45 http.request.header.authorization="AWS4-HMAC-SHA256 Credential=AKIA************SZUM/20260928/us-east-1/iam/aws4_request, SignedHeaders=amz-sdk-invocation-id;amz-sdk-request;content-length;content-type;host;x-amz-date, Signature=*****" tf_aws.sdk=aws-sdk-go-v2 tf_aws.signing_region="" tf_mux_provider="*schema.GRPCProviderServer" http.request.body="***" http.request.header.amz_sdk_invocation_id=ffb0f65e-386d-4025-994a-8561de238a03 http.request_content_length=132 http.user_agent="APN/1.0 HashiCorp/1.0 Terraform/1.15.3 (+https://www.terraform.io) terraform-provider-aws/6.50.0 (+https://registry.terraform.io/providers/hashicorp/aws) aws-sdk-go-v2/1.42.0 ua/2.1 os/windows lang/go#1.26.3 md/GOOS#windows md/GOARCH#amd64 api/iam#1.54.4 m/n" rpc.system.name=aws-api tf_provider_addr=registry.terraform.io/hashicorp/aws tf_resource_type=aws_iam_policy tf_rpc=ReadResource aws.region=eu-west-1 http.request.header.amz_sdk_request="attempt=1; max=25" http.url=https://iam.amazonaws.com/ net.peer.name=iam.amazonaws.com tf_req_id=8d868b6a-fa06-b232-dbf9-f145c65770c9 timestamp="2026-09-28T01:04:48.434+0100"
2026-09-28T01:04:48.436+0100 [DEBUG] provider.terraform-provider-aws_v6.50.0_x5.exe: HTTP Response Received: tf_mux_provider="*schema.GRPCProviderServer" tf_req_id=53fec1b5-6628-fdc2-b10f-766fcd459577 tf_rpc=ReadResource @module=aws http.response.header.content_type=text/xml tf_aws.sdk=aws-sdk-go-v2 tf_aws.signing_region="" @caller=github.com/hashicorp/aws-sdk-go-base/v2@v2.0.0-beta.73/logging/tf_logger.go:45 http.response.body="***" http.response.header.x_amzn_requestid=ee5ab236-b2a0-4bd2-81fa-10fe2aadd61b http.response_content_length=778 rpc.method=IAM/GetPolicy aws.region=eu-west-1 http.duration=4093 http.status_code=200 tf_provider_addr=registry.terraform.io/hashicorp/aws tf_resource_type=aws_iam_policy http.response.header.date="Mon, 28 Sep 2026 00:04:48 GMT" rpc.system.name=aws-api timestamp="2026-09-28T01:04:48.435+0100"
2026-09-28T01:04:48.437+0100 [DEBUG] provider.terraform-provider-aws_v6.50.0_x5.exe: HTTP Request Sent: http.request.header.x_amz_date=20260928T000448Z http.url=https://iam.amazonaws.com/ http.user_agent="APN/1.0 HashiCorp/1.0 Terraform/1.15.3 (+https://www.terraform.io) terraform-provider-aws/6.50.0 (+https://registry.terraform.io/providers/hashicorp/aws) aws-sdk-go-v2/1.42.0 ua/2.1 os/windows lang/go#1.26.3 md/GOOS#windows md/GOARCH#amd64 api/iam#1.54.4 m/n" tf_aws.sdk=aws-sdk-go-v2 tf_aws.signing_region="" tf_provider_addr=registry.terraform.io/hashicorp/aws aws.region=eu-west-1 http.request.body="***" http.request.header.content_type=application/x-www-form-urlencoded http.request_content_length=132 net.peer.name=iam.amazonaws.com rpc.method=IAM/GetPolicyVersion rpc.system.name=aws-api @module=aws http.method=POST tf_resource_type=aws_iam_policy tf_rpc=ReadResource @caller=github.com/hashicorp/aws-sdk-go-base/v2@v2.0.0-beta.73/logging/tf_logger.go:45 http.request.header.amz_sdk_invocation_id=f82904cb-d351-40fc-bc40-9c303b52a2a2 tf_mux_provider="*schema.GRPCProviderServer" tf_req_id=53fec1b5-6628-fdc2-b10f-766fcd459577 http.request.header.amz_sdk_request="attempt=1; max=25" http.request.header.authorization="AWS4-HMAC-SHA256 Credential=AKIA************SZUM/20260928/us-east-1/iam/aws4_request, SignedHeaders=amz-sdk-invocation-id;amz-sdk-request;content-length;content-type;host;x-amz-date, Signature=*****" timestamp="2026-09-28T01:04:48.437+0100"
2026-09-28T01:04:48.439+0100 [DEBUG] provider.terraform-provider-aws_v6.50.0_x5.exe: HTTP Response Received: @caller=github.com/hashicorp/aws-sdk-go-base/v2@v2.0.0-beta.73/logging/tf_logger.go:45 aws.region=eu-west-1 http.response.header.date="Mon, 28 Sep 2026 00:04:48 GMT" http.status_code=200 tf_mux_provider="*schema.GRPCProviderServer" tf_rpc=ReadResource @module=aws http.response.body="***" tf_aws.signing_region="" tf_req_id=f7ed540e-c843-2cd6-2a6e-350696599be2 http.response.header.content_type=text/xml http.response_content_length=790 tf_aws.sdk=aws-sdk-go-v2 tf_resource_type=aws_iam_policy http.duration=4096 http.response.header.x_amzn_requestid=baf744ad-de91-4fa2-82b0-5fdca86e6509 rpc.system.name=aws-api tf_provider_addr=registry.terraform.io/hashicorp/aws rpc.method=IAM/GetPolicy timestamp="2026-09-28T01:04:48.438+0100"
2026-09-28T01:04:48.441+0100 [DEBUG] provider.terraform-provider-aws_v6.50.0_x5.exe: HTTP Request Sent: http.request.body="***" http.request.header.amz_sdk_invocation_id=77ef39f7-545a-404c-b50e-109dfd259042 http.request.header.authorization="AWS4-HMAC-SHA256 Credential=AKIA************SZUM/20260928/us-east-1/iam/aws4_request, SignedHeaders=amz-sdk-invocation-id;amz-sdk-request;content-length;content-type;host;x-amz-date, Signature=*****" http.request.header.x_amz_date=20260928T000448Z http.user_agent="APN/1.0 HashiCorp/1.0 Terraform/1.15.3 (+https://www.terraform.io) terraform-provider-aws/6.50.0 (+https://registry.terraform.io/providers/hashicorp/aws) aws-sdk-go-v2/1.42.0 ua/2.1 os/windows lang/go#1.26.3 md/GOOS#windows md/GOARCH#amd64 api/iam#1.54.4 m/n" @caller=github.com/hashicorp/aws-sdk-go-base/v2@v2.0.0-beta.73/logging/tf_logger.go:45 http.request.header.amz_sdk_request="attempt=1; max=25" http.request.header.content_type=application/x-www-form-urlencoded net.peer.name=iam.amazonaws.com rpc.method=IAM/GetPolicyVersion tf_mux_provider="*schema.GRPCProviderServer" tf_req_id=f7ed540e-c843-2cd6-2a6e-350696599be2 aws.region=eu-west-1 http.method=POST http.request_content_length=138 rpc.system.name=aws-api tf_resource_type=aws_iam_policy @module=aws http.url=https://iam.amazonaws.com/ tf_aws.sdk=aws-sdk-go-v2 tf_aws.signing_region="" tf_provider_addr=registry.terraform.io/hashicorp/aws tf_rpc=ReadResource timestamp="2026-09-28T01:04:48.440+0100"
2026-09-28T01:04:48.444+0100 [DEBUG] provider.terraform-provider-aws_v6.50.0_x5.exe: HTTP Request Sent: http.method=POST http.request.header.authorization="AWS4-HMAC-SHA256 Credential=AKIA************SZUM/20260928/us-east-1/iam/aws4_request, SignedHeaders=amz-sdk-invocation-id;amz-sdk-request;content-length;content-type;host;x-amz-date, Signature=*****" http.request.header.content_type=application/x-www-form-urlencoded tf_req_id=b520d273-8cfb-a209-830f-acad20dbb634 @caller=github.com/hashicorp/aws-sdk-go-base/v2@v2.0.0-beta.73/logging/tf_logger.go:45 http.request.body="***" http.url=https://iam.amazonaws.com/ http.user_agent="APN/1.0 HashiCorp/1.0 Terraform/1.15.3 (+https://www.terraform.io) terraform-provider-aws/6.50.0 (+https://registry.terraform.io/providers/hashicorp/aws) aws-sdk-go-v2/1.42.0 ua/2.1 os/windows lang/go#1.26.3 md/GOOS#windows md/GOARCH#amd64 api/iam#1.54.4 m/n" rpc.method=IAM/GetPolicyVersion rpc.system.name=aws-api tf_mux_provider="*schema.GRPCProviderServer" tf_provider_addr=registry.terraform.io/hashicorp/aws @module=aws http.request.header.amz_sdk_request="attempt=1; max=25" net.peer.name=iam.amazonaws.com aws.region=eu-west-1 http.request.header.amz_sdk_invocation_id=fa50dc25-c705-4079-8768-16fb9e64b571 tf_aws.sdk=aws-sdk-go-v2 tf_aws.signing_region="" tf_resource_type=aws_iam_policy tf_rpc=ReadResource http.request.header.x_amz_date=20260928T000448Z http.request_content_length=131 timestamp="2026-09-28T01:04:48.443+0100"
2026-09-28T01:04:48.477+0100 [DEBUG] provider.terraform-provider-aws_v6.50.0_x5.exe: HTTP Request Sent: http.user_agent="APN/1.0 HashiCorp/1.0 Terraform/1.15.3 (+https://www.terraform.io) terraform-provider-aws/6.50.0 (+https://registry.terraform.io/providers/hashicorp/aws) aws-sdk-go-v2/1.42.0 ua/2.1 os/windows lang/go#1.26.3 md/GOOS#windows md/GOARCH#amd64 api/s3#1.103.3 m/n" rpc.system.name=aws-api tf_aws.sdk=aws-sdk-go-v2 tf_resource_type=aws_s3_bucket tf_rpc=ReadResource aws.region=eu-west-1 http.method=GET http.url=https://edgar-fitness-terraform-state.s3.eu-west-1.amazonaws.com/?policy= net.peer.name=edgar-fitness-terraform-state.s3.eu-west-1.amazonaws.com @caller=github.com/hashicorp/aws-sdk-go-base/v2@v2.0.0-beta.73/logging/tf_logger.go:45 http.request.header.amz_sdk_invocation_id=d25aadda-cb5e-43eb-88d0-49041c4921a9 http.request.header.amz_sdk_request="attempt=1; max=25" http.request.header.authorization="AWS4-HMAC-SHA256 Credential=AKIA************SZUM/20260928/eu-west-1/s3/aws4_request, SignedHeaders=accept-encoding;amz-sdk-invocation-id;amz-sdk-request;host;x-amz-content-sha256;x-amz-date, Signature=*****" tf_mux_provider="*schema.GRPCProviderServer" tf_req_id=6ab5182f-6e4b-f63b-46f8-69dc6116f05e @module=aws http.request.body="***" http.request.header.accept_encoding=identity http.request.header.x_amz_content_sha256=e3b0c44298fc1c149afbf4c8996fb92427ae41e4649b934ca495991b7852b855 http.request.header.x_amz_date=20260928T000449Z rpc.method=S3/GetBucketPolicy tf_aws.signing_region="" tf_provider_addr=registry.terraform.io/hashicorp/aws timestamp="2026-09-28T01:04:48.463+0100"
2026-09-28T01:04:48.560+0100 [DEBUG] provider.terraform-provider-aws_v6.50.0_x5.exe: HTTP Response Received: @module=aws http.response.body="***" http.response.header.x_amz_request_id=HR7XXWRDKP8ZXCFF tf_resource_type=aws_s3_bucket @caller=github.com/hashicorp/aws-sdk-go-base/v2@v2.0.0-beta.73/logging/tf_logger.go:45 aws.region=eu-west-1 http.duration=92 http.response.header.content_type=application/xml rpc.system.name=aws-api tf_req_id=6ab5182f-6e4b-f63b-46f8-69dc6116f05e tf_rpc=ReadResource http.response.header.date="Mon, 28 Sep 2026 00:04:47 GMT" http.response.header.server=AmazonS3 http.status_code=404 tf_aws.signing_region="" tf_mux_provider="*schema.GRPCProviderServer" tf_provider_addr=registry.terraform.io/hashicorp/aws http.response.header.x_amz_id_2="W83tUyy4+Nv8qIbPTorRROzSQYfch9JDrlSp3+QuflqlivBz+wIObTzcCLJSSgkzzc2Sh0VWJ55BhNSx4ieZTLDoqXS0rBJj" rpc.method=S3/GetBucketPolicy tf_aws.sdk=aws-sdk-go-v2 timestamp="2026-09-28T01:04:48.555+0100"
2026-09-28T01:04:48.577+0100 [DEBUG] provider.terraform-provider-aws_v6.50.0_x5.exe: HTTP Response Received: http.response.header.date="Mon, 28 Sep 2026 00:04:48 GMT" rpc.system.name=aws-api tf_aws.sdk=aws-sdk-go-v2 @caller=github.com/hashicorp/aws-sdk-go-base/v2@v2.0.0-beta.73/logging/tf_logger.go:45 aws.region=eu-west-1 http.response.body="***" http.response.header.content_type=text/xml http.response.header.x_amzn_requestid=de83b541-deef-4f97-aad6-e622e3f588ae http.status_code=200 rpc.method=IAM/GetPolicyVersion @module=aws http.duration=142 tf_provider_addr=registry.terraform.io/hashicorp/aws tf_req_id=8d868b6a-fa06-b232-dbf9-f145c65770c9 tf_resource_type=aws_iam_policy http.response_content_length=849 tf_aws.signing_region="" tf_mux_provider="*schema.GRPCProviderServer" tf_rpc=ReadResource timestamp="2026-09-28T01:04:48.576+0100"
2026-09-28T01:04:48.586+0100 [DEBUG] provider.terraform-provider-aws_v6.50.0_x5.exe: HTTP Response Received: @module=aws tf_aws.signing_region="" tf_mux_provider="*schema.GRPCProviderServer" tf_provider_addr=registry.terraform.io/hashicorp/aws tf_req_id=b520d273-8cfb-a209-830f-acad20dbb634 tf_resource_type=aws_iam_policy aws.region=eu-west-1 http.duration=141 http.response.header.content_type=text/xml rpc.method=IAM/GetPolicyVersion tf_rpc=ReadResource http.response_content_length=806 @caller=github.com/hashicorp/aws-sdk-go-base/v2@v2.0.0-beta.73/logging/tf_logger.go:45 http.response.body="***" http.response.header.date="Mon, 28 Sep 2026 00:04:48 GMT" http.response.header.x_amzn_requestid=96f01ce2-be40-47b0-ac27-dab614aff6c1 http.status_code=200 rpc.system.name=aws-api tf_aws.sdk=aws-sdk-go-v2 timestamp="2026-09-28T01:04:48.586+0100"
2026-09-28T01:04:48.673+0100 [DEBUG] provider.terraform-provider-aws_v6.50.0_x5.exe: HTTP Response Received: aws.region=eu-west-1 http.response_content_length=1173 rpc.system.name=aws-api tf_aws.sdk=aws-sdk-go-v2 tf_resource_type=aws_iam_policy http.response.header.x_amzn_requestid=64a35635-86ed-4ce0-bb78-66bc58921674 rpc.method=IAM/GetPolicyVersion @caller=github.com/hashicorp/aws-sdk-go-base/v2@v2.0.0-beta.73/logging/tf_logger.go:45 http.status_code=200 tf_provider_addr=registry.terraform.io/hashicorp/aws tf_req_id=7aa6132a-358b-ed0a-ffcc-e72fb88fb281 tf_rpc=ReadResource http.duration=239 http.response.body="***" http.response.header.content_type=text/xml http.response.header.date="Mon, 28 Sep 2026 00:04:48 GMT" tf_aws.signing_region="" tf_mux_provider="*schema.GRPCProviderServer" @module=aws timestamp="2026-09-28T01:04:48.672+0100"
2026-09-28T01:04:49.254+0100 [DEBUG] provider.terraform-provider-aws_v6.50.0_x5.exe: request failed with unretryable error https response error StatusCode: 404, RequestID: HR7XXWRDKP8ZXCFF, HostID: W83tUyy4+Nv8qIbPTorRROzSQYfch9JDrlSp3+QuflqlivBz+wIObTzcCLJSSgkzzc2Sh0VWJ55BhNSx4ieZTLDoqXS0rBJj, api error NoSuchBucketPolicy: The bucket policy does not exist: tf_rpc=ReadResource aws.region=eu-west-1 rpc.method=S3/GetBucketPolicy tf_mux_provider="*schema.GRPCProviderServer" @caller=github.com/hashicorp/aws-sdk-go-base/v2@v2.0.0-beta.73/logging/tf_logger.go:45 @module=aws rpc.system.name=aws-api tf_aws.sdk=aws-sdk-go-v2 tf_provider_addr=registry.terraform.io/hashicorp/aws tf_req_id=6ab5182f-6e4b-f63b-46f8-69dc6116f05e tf_resource_type=aws_s3_bucket timestamp="2026-09-28T01:04:49.151+0100"
2026-09-28T01:04:49.286+0100 [DEBUG] provider.terraform-provider-aws_v6.50.0_x5.exe: HTTP Request Sent: http.user_agent="APN/1.0 HashiCorp/1.0 Terraform/1.15.3 (+https://www.terraform.io) terraform-provider-aws/6.50.0 (+https://registry.terraform.io/providers/hashicorp/aws) aws-sdk-go-v2/1.42.0 ua/2.1 os/windows lang/go#1.26.3 md/GOOS#windows md/GOARCH#amd64 api/dynamodb#1.59.0 m/P,n" net.peer.name=dynamodb.eu-west-1.amazonaws.com http.request.header.accept_encoding=identity rpc.system.name=aws-api http.method=POST http.request.header.authorization="AWS4-HMAC-SHA256 Credential=AKIA************SZUM/20260928/eu-west-1/dynamodb/aws4_request, SignedHeaders=accept-encoding;amz-sdk-invocation-id;amz-sdk-request;content-length;content-type;host;x-amz-date;x-amz-target, Signature=*****" tf_aws.signing_region="" db.system.name=aws.dynamodb http.request.body="***" http.request.header.amz_sdk_request="attempt=1; max=25" http.request.header.x_amz_date=20260928T000449Z http.request.header.x_amz_target=DynamoDB_20120810.DescribeContinuousBackups http.url=https://dynamodb.eu-west-1.amazonaws.com/ tf_provider_addr=registry.terraform.io/hashicorp/aws tf_resource_type=aws_dynamodb_table aws.region=eu-west-1 tf_rpc=ReadResource @module=aws http.request.header.amz_sdk_invocation_id=ca8428d7-4d71-41eb-a230-583ed2ef2850 rpc.method=DynamoDB/DescribeContinuousBackups tf_mux_provider="*schema.GRPCProviderServer" http.request.header.content_type=application/x-amz-json-1.0 http.request_content_length=50 @caller=github.com/hashicorp/aws-sdk-go-base/v2@v2.0.0-beta.73/logging/tf_logger.go:45 tf_aws.sdk=aws-sdk-go-v2 tf_req_id=09256800-17e7-9ea4-1ffc-8c9ceeaae25e timestamp="2026-09-28T01:04:49.285+0100"
2026-09-28T01:04:49.480+0100 [DEBUG] provider.terraform-provider-aws_v6.50.0_x5.exe: HTTP Request Sent: tf_mux_provider="*schema.GRPCProviderServer" http.request.header.accept_encoding=identity http.request.header.amz_sdk_request="attempt=1; max=25" net.peer.name=edgar-fitness-terraform-state.s3.eu-west-1.amazonaws.com rpc.system.name=aws-api tf_provider_addr=registry.terraform.io/hashicorp/aws tf_rpc=ReadResource @module=aws http.request.header.authorization="AWS4-HMAC-SHA256 Credential=AKIA************SZUM/20260928/eu-west-1/s3/aws4_request, SignedHeaders=accept-encoding;amz-sdk-invocation-id;amz-sdk-request;host;x-amz-content-sha256;x-amz-date, Signature=*****" http.url=https://edgar-fitness-terraform-state.s3.eu-west-1.amazonaws.com/?acl= rpc.method=S3/GetBucketAcl aws.region=eu-west-1 http.request.header.x_amz_content_sha256=e3b0c44298fc1c149afbf4c8996fb92427ae41e4649b934ca495991b7852b855 http.request.header.x_amz_date=20260928T000447Z http.user_agent="APN/1.0 HashiCorp/1.0 Terraform/1.15.3 (+https://www.terraform.io) terraform-provider-aws/6.50.0 (+https://registry.terraform.io/providers/hashicorp/aws) aws-sdk-go-v2/1.42.0 ua/2.1 os/windows lang/go#1.26.3 md/GOOS#windows md/GOARCH#amd64 api/s3#1.103.3 m/n" tf_req_id=6ab5182f-6e4b-f63b-46f8-69dc6116f05e tf_resource_type=aws_s3_bucket @caller=github.com/hashicorp/aws-sdk-go-base/v2@v2.0.0-beta.73/logging/tf_logger.go:45 http.method=GET http.request.body="***" http.request.header.amz_sdk_invocation_id=9e6d6687-3dbc-4290-916b-e56fc2c695e7 tf_aws.sdk=aws-sdk-go-v2 tf_aws.signing_region="" timestamp="2026-09-28T01:04:49.480+0100"
2026-09-28T01:04:49.554+0100 [DEBUG] provider.terraform-provider-aws_v6.50.0_x5.exe: HTTP Response Received: http.response_content_length=144 @caller=github.com/hashicorp/aws-sdk-go-base/v2@v2.0.0-beta.73/logging/tf_logger.go:45 @module=aws http.duration=268 http.response.header.content_type=application/x-amz-json-1.0 http.response.header.date="Mon, 28 Sep 2026 00:04:49 GMT" http.response.header.x_amzn_requestid=L29RPUPLAQCKL4VB6UPG868TENVV4KQNSO5AEMVJF66Q9ASUAAJG tf_req_id=09256800-17e7-9ea4-1ffc-8c9ceeaae25e aws.region=eu-west-1 http.response.body="***" http.response.header.x_amz_crc32=430025545 http.status_code=200 rpc.method=DynamoDB/DescribeContinuousBackups tf_aws.sdk=aws-sdk-go-v2 tf_aws.signing_region="" tf_rpc=ReadResource db.system.name=aws.dynamodb rpc.system.name=aws-api tf_mux_provider="*schema.GRPCProviderServer" tf_provider_addr=registry.terraform.io/hashicorp/aws tf_resource_type=aws_dynamodb_table http.response.header.connection=keep-alive http.response.header.server=Server timestamp="2026-09-28T01:04:49.554+0100"
2026-09-28T01:04:49.661+0100 [WARN]  Provider "registry.terraform.io/hashicorp/aws" produced an invalid plan for aws_iam_openid_connect_provider.github, but we are tolerating it because it is using the legacy plugin SDK.
    The following problems may be the cause of any confusing errors from downstream operations:
      - .tags: planned value cty.MapValEmpty(cty.String) for a non-computed attribute
2026-09-28T01:04:49.661+0100 [WARN]  Provider "registry.terraform.io/hashicorp/aws" produced an invalid plan for module.iam.aws_iam_policy.terraform_logs, but we are tolerating it because it is using the legacy plugin SDK.
    The following problems may be the cause of any confusing errors from downstream operations:
      - .description: planned value cty.StringVal("") for a non-computed attribute
      - .path: planned value cty.StringVal("/") for a non-computed attribute
      - .tags: planned value cty.MapValEmpty(cty.String) for a non-computed attribute
2026-09-28T01:04:49.661+0100 [WARN]  Provider "registry.terraform.io/hashicorp/aws" produced an invalid plan for module.iam.aws_iam_policy.terraform_ecr, but we are tolerating it because it is using the legacy plugin SDK.
    The following problems may be the cause of any confusing errors from downstream operations:
      - .description: planned value cty.StringVal("") for a non-computed attribute
      - .path: planned value cty.StringVal("/") for a non-computed attribute
      - .tags: planned value cty.MapValEmpty(cty.String) for a non-computed attribute
2026-09-28T01:04:49.837+0100 [DEBUG] provider.terraform-provider-aws_v6.50.0_x5.exe: HTTP Request Sent: @module=aws db.system.name=aws.dynamodb http.request.header.authorization="AWS4-HMAC-SHA256 Credential=AKIA************SZUM/20260928/eu-west-1/dynamodb/aws4_request, SignedHeaders=accept-encoding;amz-sdk-invocation-id;amz-sdk-request;content-length;content-type;host;x-amz-date;x-amz-target, Signature=*****" http.request.header.content_type=application/x-amz-json-1.0 http.request.header.amz_sdk_invocation_id=a79557ff-84e8-4995-a5d6-eb90d6f096cd http.user_agent="APN/1.0 HashiCorp/1.0 Terraform/1.15.3 (+https://www.terraform.io) terraform-provider-aws/6.50.0 (+https://registry.terraform.io/providers/hashicorp/aws) aws-sdk-go-v2/1.42.0 ua/2.1 os/windows lang/go#1.26.3 md/GOOS#windows md/GOARCH#amd64 api/dynamodb#1.59.0 m/P,n" tf_req_id=09256800-17e7-9ea4-1ffc-8c9ceeaae25e http.url=https://dynamodb.eu-west-1.amazonaws.com/ rpc.method=DynamoDB/DescribeTimeToLive tf_resource_type=aws_dynamodb_table @caller=github.com/hashicorp/aws-sdk-go-base/v2@v2.0.0-beta.73/logging/tf_logger.go:45 aws.region=eu-west-1 http.request.header.x_amz_target=DynamoDB_20120810.DescribeTimeToLive http.request_content_length=50 tf_provider_addr=registry.terraform.io/hashicorp/aws net.peer.name=dynamodb.eu-west-1.amazonaws.com tf_rpc=ReadResource http.request.header.amz_sdk_request="attempt=1; max=25" http.request.header.x_amz_date=20260928T000449Z tf_aws.sdk=aws-sdk-go-v2 http.method=POST http.request.body="***" tf_aws.signing_region="" tf_mux_provider="*schema.GRPCProviderServer" http.request.header.accept_encoding=identity rpc.system.name=aws-api timestamp="2026-09-28T01:04:49.837+0100"
2026-09-28T01:04:49.893+0100 [WARN]  Provider "registry.terraform.io/hashicorp/aws" produced an invalid plan for module.iam.aws_iam_policy.terraform_ecs, but we are tolerating it because it is using the legacy plugin SDK.
    The following problems may be the cause of any confusing errors from downstream operations:
      - .tags: planned value cty.MapValEmpty(cty.String) for a non-computed attribute
      - .description: planned value cty.StringVal("") for a non-computed attribute
      - .path: planned value cty.StringVal("/") for a non-computed attribute
2026-09-28T01:04:49.893+0100 [DEBUG] ReferenceTransformer: "data.aws_iam_policy_document.github_oidc_assume" references: []
2026-09-28T01:04:49.893+0100 [DEBUG] provider.terraform-provider-aws_v6.50.0_x5.exe: HTTP Response Received: rpc.method=S3/GetBucketAcl http.duration=412 http.response.header.content_type=application/xml http.response.header.x_amz_request_id=AZ77XJVBEP6WT2ZY http.status_code=200 tf_provider_addr=registry.terraform.io/hashicorp/aws http.response.header.date="Mon, 28 Sep 2026 00:04:50 GMT" tf_aws.sdk=aws-sdk-go-v2 tf_aws.signing_region="" tf_mux_provider="*schema.GRPCProviderServer" tf_resource_type=aws_s3_bucket @caller=github.com/hashicorp/aws-sdk-go-base/v2@v2.0.0-beta.73/logging/tf_logger.go:45 http.response.header.server=AmazonS3 rpc.system.name=aws-api tf_req_id=6ab5182f-6e4b-f63b-46f8-69dc6116f05e tf_rpc=ReadResource @module=aws aws.region=eu-west-1 http.response.body="***" http.response.header.x_amz_id_2=lWjtRTs3QNZMvRnMqoi/5MpDekm8Qon5BAyxn2e0IDU8SFhkpi9czPCIAIG4plBqlfeJyFY/Fm3hqo52K80aiIb793gj6uLO timestamp="2026-09-28T01:04:49.892+0100"
2026-09-28T01:04:50.048+0100 [DEBUG] ReferenceTransformer: "module.iam.aws_iam_role.github_bootstrap_role" references: []
2026-09-28T01:04:50.145+0100 [DEBUG] provider.terraform-provider-aws_v6.50.0_x5.exe: HTTP Response Received: http.response.header.content_type=text/xml rpc.method=IAM/GetPolicyVersion rpc.system.name=aws-api tf_aws.signing_region="" tf_mux_provider="*schema.GRPCProviderServer" tf_provider_addr=registry.terraform.io/hashicorp/aws http.duration=1192 http.response.body="***" tf_aws.sdk=aws-sdk-go-v2 tf_resource_type=aws_iam_policy tf_rpc=ReadResource @caller=github.com/hashicorp/aws-sdk-go-base/v2@v2.0.0-beta.73/logging/tf_logger.go:45 aws.region=eu-west-1 http.response.header.date="Mon, 28 Sep 2026 00:04:48 GMT" http.response.header.x_amzn_requestid=08e79883-0715-4f2a-adb0-26282ca7a0f6 tf_req_id=53fec1b5-6628-fdc2-b10f-766fcd459577 @module=aws http.response_content_length=2170 http.status_code=200 timestamp="2026-09-28T01:04:50.145+0100"
2026-09-28T01:04:50.145+0100 [WARN]  Provider "registry.terraform.io/hashicorp/aws" produced an invalid plan for module.iam.aws_iam_policy.terraform_ec2, but we are tolerating it because it is using the legacy plugin SDK.
    The following problems may be the cause of any confusing errors from downstream operations:
      - .description: planned value cty.StringVal("") for a non-computed attribute
      - .path: planned value cty.StringVal("/") for a non-computed attribute
      - .tags: planned value cty.MapValEmpty(cty.String) for a non-computed attribute
2026-09-28T01:04:50.225+0100 [DEBUG] provider.terraform-provider-aws_v6.50.0_x5.exe: HTTP Response Received: http.response.header.content_type=text/xml http.response_content_length=8186 tf_req_id=f7ed540e-c843-2cd6-2a6e-350696599be2 http.response.body="***" tf_mux_provider="*schema.GRPCProviderServer" @caller=github.com/hashicorp/aws-sdk-go-base/v2@v2.0.0-beta.73/logging/tf_logger.go:45 @module=aws aws.region=eu-west-1 http.duration=230 http.response.header.date="Mon, 28 Sep 2026 00:04:48 GMT" http.response.header.x_amzn_requestid=fdb69d38-6bf0-41cd-8dfd-882d944bf6d2 http.status_code=200 rpc.method=IAM/GetPolicyVersion rpc.system.name=aws-api tf_aws.sdk=aws-sdk-go-v2 tf_aws.signing_region="" tf_provider_addr=registry.terraform.io/hashicorp/aws tf_resource_type=aws_iam_policy tf_rpc=ReadResource timestamp="2026-09-28T01:04:50.225+0100"
2026-09-28T01:04:50.237+0100 [WARN]  Provider "registry.terraform.io/hashicorp/aws" produced an invalid plan for module.iam.aws_iam_policy.terraform_bootstrap, but we are tolerating it because it is using the legacy plugin SDK.
    The following problems may be the cause of any confusing errors from downstream operations:
      - .tags: planned value cty.MapValEmpty(cty.String) for a non-computed attribute
      - .description: planned value cty.StringVal("") for a non-computed attribute
      - .path: planned value cty.StringVal("/") for a non-computed attribute
2026-09-28T01:04:50.634+0100 [DEBUG] provider.terraform-provider-aws_v6.50.0_x5.exe: HTTP Request Sent: http.request_content_length=64 rpc.system.name=aws-api tf_req_id=83c7e409-7e80-fbf5-8c3c-ed424fc75682 tf_resource_type=aws_iam_role @module=aws http.method=POST net.peer.name=iam.amazonaws.com tf_mux_provider="*schema.GRPCProviderServer" tf_rpc=ReadResource aws.region=eu-west-1 http.request.header.amz_sdk_request="attempt=1; max=25" rpc.method=IAM/GetRole tf_aws.sdk=aws-sdk-go-v2 tf_provider_addr=registry.terraform.io/hashicorp/aws @caller=github.com/hashicorp/aws-sdk-go-base/v2@v2.0.0-beta.73/logging/tf_logger.go:45 http.request.header.authorization="AWS4-HMAC-SHA256 Credential=AKIA************SZUM/20260928/us-east-1/iam/aws4_request, SignedHeaders=amz-sdk-invocation-id;amz-sdk-request;content-length;content-type;host;x-amz-date, Signature=*****" http.request.header.content_type=application/x-www-form-urlencoded http.request.header.x_amz_date=20260928T000448Z http.url=https://iam.amazonaws.com/ http.user_agent="APN/1.0 HashiCorp/1.0 Terraform/1.15.3 (+https://www.terraform.io) terraform-provider-aws/6.50.0 (+https://registry.terraform.io/providers/hashicorp/aws) aws-sdk-go-v2/1.42.0 ua/2.1 os/windows lang/go#1.26.3 md/GOOS#windows md/GOARCH#amd64 api/iam#1.54.4 m/n" tf_aws.signing_region="" http.request.body="***" http.request.header.amz_sdk_invocation_id=cff68e82-ad85-45d8-8faa-4957213399c5 timestamp="2026-09-28T01:04:50.632+0100"
2026-09-28T01:04:50.642+0100 [DEBUG] provider.terraform-provider-aws_v6.50.0_x5.exe: HTTP Request Sent: rpc.system.name=aws-api tf_mux_provider="*schema.GRPCProviderServer" tf_req_id=6ab5182f-6e4b-f63b-46f8-69dc6116f05e @caller=github.com/hashicorp/aws-sdk-go-base/v2@v2.0.0-beta.73/logging/tf_logger.go:45 http.request.header.accept_encoding=identity http.request.header.amz_sdk_invocation_id=c36d8418-6deb-475a-9979-13de8f7d5690 http.request.header.amz_sdk_request="attempt=1; max=25" http.request.header.authorization="AWS4-HMAC-SHA256 Credential=AKIA************SZUM/20260928/eu-west-1/s3/aws4_request, SignedHeaders=accept-encoding;amz-sdk-invocation-id;amz-sdk-request;host;x-amz-content-sha256;x-amz-date, Signature=*****" rpc.method=S3/GetBucketCors tf_provider_addr=registry.terraform.io/hashicorp/aws tf_rpc=ReadResource @module=aws aws.region=eu-west-1 http.request.body="***" net.peer.name=edgar-fitness-terraform-state.s3.eu-west-1.amazonaws.com http.method=GET tf_aws.sdk=aws-sdk-go-v2 tf_aws.signing_region="" tf_resource_type=aws_s3_bucket http.request.header.x_amz_content_sha256=e3b0c44298fc1c149afbf4c8996fb92427ae41e4649b934ca495991b7852b855 http.request.header.x_amz_date=20260928T000450Z http.url=https://edgar-fitness-terraform-state.s3.eu-west-1.amazonaws.com/?cors= http.user_agent="APN/1.0 HashiCorp/1.0 Terraform/1.15.3 (+https://www.terraform.io) terraform-provider-aws/6.50.0 (+https://registry.terraform.io/providers/hashicorp/aws) aws-sdk-go-v2/1.42.0 ua/2.1 os/windows lang/go#1.26.3 md/GOOS#windows md/GOARCH#amd64 api/s3#1.103.3 m/n" timestamp="2026-09-28T01:04:50.642+0100"
2026-09-28T01:04:50.680+0100 [DEBUG] provider.terraform-provider-aws_v6.50.0_x5.exe: HTTP Response Received: http.response.header.connection=keep-alive http.response.header.x_amz_crc32=243044618 rpc.system.name=aws-api tf_aws.sdk=aws-sdk-go-v2 tf_req_id=09256800-17e7-9ea4-1ffc-8c9ceeaae25e @module=aws db.system.name=aws.dynamodb http.response.body="***" http.response.header.x_amzn_requestid=VBVOE14STQQFB5RVV2FQ52EIKNVV4KQNSO5AEMVJF66Q9ASUAAJG http.response_content_length=57 http.status_code=200 @caller=github.com/hashicorp/aws-sdk-go-base/v2@v2.0.0-beta.73/logging/tf_logger.go:45 aws.region=eu-west-1 http.duration=841 http.response.header.content_type=application/x-amz-json-1.0 http.response.header.date="Mon, 28 Sep 2026 00:04:50 GMT" rpc.method=DynamoDB/DescribeTimeToLive tf_aws.signing_region="" tf_mux_provider="*schema.GRPCProviderServer" http.response.header.server=Server tf_provider_addr=registry.terraform.io/hashicorp/aws tf_resource_type=aws_dynamodb_table tf_rpc=ReadResource timestamp="2026-09-28T01:04:50.679+0100"
2026-09-28T01:04:50.961+0100 [DEBUG] provider.terraform-provider-aws_v6.50.0_x5.exe: HTTP Request Sent: tf_aws.signing_region="" tf_mux_provider="*schema.GRPCProviderServer" http.request.header.amz_sdk_request="attempt=1; max=25" http.request.header.authorization="AWS4-HMAC-SHA256 Credential=AKIA************SZUM/20260928/eu-west-1/dynamodb/aws4_request, SignedHeaders=accept-encoding;amz-sdk-invocation-id;amz-sdk-request;content-length;content-type;host;x-amz-date;x-amz-target, Signature=*****" rpc.method=DynamoDB/ListTagsOfResource tf_rpc=ReadResource http.request.header.x_amz_target=DynamoDB_20120810.ListTagsOfResource http.request_content_length=98 http.user_agent="APN/1.0 HashiCorp/1.0 Terraform/1.15.3 (+https://www.terraform.io) terraform-provider-aws/6.50.0 (+https://registry.terraform.io/providers/hashicorp/aws) aws-sdk-go-v2/1.42.0 ua/2.1 os/windows lang/go#1.26.3 md/GOOS#windows md/GOARCH#amd64 api/dynamodb#1.59.0 m/P,n" tf_aws.sdk=aws-sdk-go-v2 http.method=POST rpc.system.name=aws-api http.request.header.accept_encoding=identity http.request.header.content_type=application/x-amz-json-1.0 tf_provider_addr=registry.terraform.io/hashicorp/aws http.request.body="***" http.request.header.amz_sdk_invocation_id=5220ecc7-cdae-4b83-a685-20b80e294fc4 http.request.header.x_amz_date=20260928T000450Z @caller=github.com/hashicorp/aws-sdk-go-base/v2@v2.0.0-beta.73/logging/tf_logger.go:45 @module=aws http.url=https://234334047980.ddb.eu-west-1.amazonaws.com/ net.peer.name=234334047980.ddb.eu-west-1.amazonaws.com tf_req_id=09256800-17e7-9ea4-1ffc-8c9ceeaae25e tf_resource_type=aws_dynamodb_table aws.region=eu-west-1 db.system.name=aws.dynamodb timestamp="2026-09-28T01:04:50.921+0100"
2026-09-28T01:04:51.820+0100 [DEBUG] provider.terraform-provider-aws_v6.50.0_x5.exe: HTTP Response Received: http.response.body="***" http.response.header.content_type=application/xml http.response.header.server=AmazonS3 http.response.header.x_amz_id_2="ELB+Z6DuNJv+D/TYV9gko8wZh/8EdKAKLyWof5l70El6jEvKHmPypwGvtlgtkSAM/FdP7K9ss2KRovUuanR22vUoSuixWPKj" rpc.system.name=aws-api tf_mux_provider="*schema.GRPCProviderServer" tf_resource_type=aws_s3_bucket aws.region=eu-west-1 http.status_code=404 rpc.method=S3/GetBucketCors tf_provider_addr=registry.terraform.io/hashicorp/aws tf_rpc=ReadResource @module=aws http.duration=1177 http.response.header.date="Mon, 28 Sep 2026 00:04:50 GMT" http.response.header.x_amz_request_id=S5JPVS8Z7R37T2ZG tf_aws.sdk=aws-sdk-go-v2 tf_aws.signing_region="" tf_req_id=6ab5182f-6e4b-f63b-46f8-69dc6116f05e @caller=github.com/hashicorp/aws-sdk-go-base/v2@v2.0.0-beta.73/logging/tf_logger.go:45 timestamp="2026-09-28T01:04:51.820+0100"
2026-09-28T01:04:51.820+0100 [DEBUG] provider.terraform-provider-aws_v6.50.0_x5.exe: request failed with unretryable error https response error StatusCode: 404, RequestID: S5JPVS8Z7R37T2ZG, HostID: ELB+Z6DuNJv+D/TYV9gko8wZh/8EdKAKLyWof5l70El6jEvKHmPypwGvtlgtkSAM/FdP7K9ss2KRovUuanR22vUoSuixWPKj, api error NoSuchCORSConfiguration: The CORS configuration does not exist: tf_resource_type=aws_s3_bucket @module=aws aws.region=eu-west-1 rpc.method=S3/GetBucketCors tf_mux_provider="*schema.GRPCProviderServer" tf_provider_addr=registry.terraform.io/hashicorp/aws tf_rpc=ReadResource @caller=github.com/hashicorp/aws-sdk-go-base/v2@v2.0.0-beta.73/logging/tf_logger.go:45 rpc.system.name=aws-api tf_aws.sdk=aws-sdk-go-v2 tf_req_id=6ab5182f-6e4b-f63b-46f8-69dc6116f05e timestamp="2026-09-28T01:04:51.820+0100"
2026-09-28T01:04:51.885+0100 [DEBUG] provider.terraform-provider-aws_v6.50.0_x5.exe: HTTP Response Received: @caller=github.com/hashicorp/aws-sdk-go-base/v2@v2.0.0-beta.73/logging/tf_logger.go:45 @module=aws http.response.header.x_amzn_requestid=0163c899-9cf1-4941-a491-744e0212382e http.response_content_length=1315 rpc.method=IAM/GetRole rpc.system.name=aws-api tf_provider_addr=registry.terraform.io/hashicorp/aws aws.region=eu-west-1 http.response.body="***" http.response.header.date="Mon, 28 Sep 2026 00:04:51 GMT" http.status_code=200 tf_aws.sdk=aws-sdk-go-v2 tf_mux_provider="*schema.GRPCProviderServer" tf_req_id=83c7e409-7e80-fbf5-8c3c-ed424fc75682 tf_resource_type=aws_iam_role http.response.header.content_type=text/xml http.duration=1244 tf_aws.signing_region="" tf_rpc=ReadResource timestamp="2026-09-28T01:04:51.878+0100"
2026-09-28T01:04:52.022+0100 [DEBUG] provider.terraform-provider-aws_v6.50.0_x5.exe: HTTP Request Sent: http.method=GET http.request.header.authorization="AWS4-HMAC-SHA256 Credential=AKIA************SZUM/20260928/eu-west-1/s3/aws4_request, SignedHeaders=accept-encoding;amz-sdk-invocation-id;amz-sdk-request;host;x-amz-content-sha256;x-amz-date, Signature=*****" http.url=https://edgar-fitness-terraform-state.s3.eu-west-1.amazonaws.com/?website= rpc.method=S3/GetBucketWebsite rpc.system.name=aws-api tf_mux_provider="*schema.GRPCProviderServer" tf_req_id=6ab5182f-6e4b-f63b-46f8-69dc6116f05e aws.region=eu-west-1 http.request.body="***" @module=aws http.request.header.amz_sdk_invocation_id=11581d91-dd28-40ec-93e2-e4dd3d33c187 http.request.header.amz_sdk_request="attempt=1; max=25" http.user_agent="APN/1.0 HashiCorp/1.0 Terraform/1.15.3 (+https://www.terraform.io) terraform-provider-aws/6.50.0 (+https://registry.terraform.io/providers/hashicorp/aws) aws-sdk-go-v2/1.42.0 ua/2.1 os/windows lang/go#1.26.3 md/GOOS#windows md/GOARCH#amd64 api/s3#1.103.3 m/n" net.peer.name=edgar-fitness-terraform-state.s3.eu-west-1.amazonaws.com tf_resource_type=aws_s3_bucket tf_rpc=ReadResource @caller=github.com/hashicorp/aws-sdk-go-base/v2@v2.0.0-beta.73/logging/tf_logger.go:45 http.request.header.accept_encoding=identity http.request.header.x_amz_content_sha256=e3b0c44298fc1c149afbf4c8996fb92427ae41e4649b934ca495991b7852b855 http.request.header.x_amz_date=20260928T000450Z tf_aws.sdk=aws-sdk-go-v2 tf_aws.signing_region="" tf_provider_addr=registry.terraform.io/hashicorp/aws timestamp="2026-09-28T01:04:52.022+0100"
2026-09-28T01:04:52.324+0100 [DEBUG] provider.terraform-provider-aws_v6.50.0_x5.exe: HTTP Request Sent: http.request.header.content_type=application/x-www-form-urlencoded tf_aws.signing_region="" @caller=github.com/hashicorp/aws-sdk-go-base/v2@v2.0.0-beta.73/logging/tf_logger.go:45 @module=aws http.request.header.x_amz_date=20260928T000451Z http.url=https://iam.amazonaws.com/ net.peer.name=iam.amazonaws.com rpc.method=IAM/ListRolePolicies aws.region=eu-west-1 http.method=POST http.request.body="***" http.request.header.amz_sdk_invocation_id=d0f48f3a-43bc-49cf-868c-26f71cbdb1dc http.request.header.authorization="AWS4-HMAC-SHA256 Credential=AKIA************SZUM/20260928/us-east-1/iam/aws4_request, SignedHeaders=amz-sdk-invocation-id;amz-sdk-request;content-length;content-type;host;x-amz-date, Signature=*****" rpc.system.name=aws-api tf_mux_provider="*schema.GRPCProviderServer" tf_provider_addr=registry.terraform.io/hashicorp/aws http.request.header.amz_sdk_request="attempt=1; max=25" http.request_content_length=73 http.user_agent="APN/1.0 HashiCorp/1.0 Terraform/1.15.3 (+https://www.terraform.io) terraform-provider-aws/6.50.0 (+https://registry.terraform.io/providers/hashicorp/aws) aws-sdk-go-v2/1.42.0 ua/2.1 os/windows lang/go#1.26.3 md/GOOS#windows md/GOARCH#amd64 api/iam#1.54.4 m/C,n" tf_aws.sdk=aws-sdk-go-v2 tf_req_id=83c7e409-7e80-fbf5-8c3c-ed424fc75682 tf_resource_type=aws_iam_role tf_rpc=ReadResource timestamp="2026-09-28T01:04:52.317+0100"
2026-09-28T01:04:52.885+0100 [DEBUG] provider.terraform-provider-aws_v6.50.0_x5.exe: HTTP Response Received: http.duration=861 http.response.header.x_amz_id_2="fngiNI+7tjT1DCt2kGPcOg9f8uP8gaPuuNPnyEg/M1uiVXMj4+WNGtI8+poLVDdpD8fs2xu7p1bFYMD8jpvx38heCQ/hTgml" rpc.method=S3/GetBucketWebsite tf_aws.sdk=aws-sdk-go-v2 tf_aws.signing_region="" tf_provider_addr=registry.terraform.io/hashicorp/aws tf_req_id=6ab5182f-6e4b-f63b-46f8-69dc6116f05e @module=aws http.response.header.content_type=application/xml http.response.header.date="Mon, 28 Sep 2026 00:04:51 GMT" tf_resource_type=aws_s3_bucket tf_rpc=ReadResource @caller=github.com/hashicorp/aws-sdk-go-base/v2@v2.0.0-beta.73/logging/tf_logger.go:45 aws.region=eu-west-1 http.response.body="***" tf_mux_provider="*schema.GRPCProviderServer" http.response.header.server=AmazonS3 http.response.header.x_amz_request_id=CK1YE44PCNNNR0DQ http.status_code=404 rpc.system.name=aws-api timestamp="2026-09-28T01:04:52.885+0100"
2026-09-28T01:04:52.886+0100 [DEBUG] provider.terraform-provider-aws_v6.50.0_x5.exe: request failed with unretryable error https response error StatusCode: 404, RequestID: CK1YE44PCNNNR0DQ, HostID: fngiNI+7tjT1DCt2kGPcOg9f8uP8gaPuuNPnyEg/M1uiVXMj4+WNGtI8+poLVDdpD8fs2xu7p1bFYMD8jpvx38heCQ/hTgml, api error NoSuchWebsiteConfiguration: The specified bucket does not have a website configuration: @module=aws rpc.system.name=aws-api tf_aws.sdk=aws-sdk-go-v2 tf_resource_type=aws_s3_bucket aws.region=eu-west-1 rpc.method=S3/GetBucketWebsite tf_mux_provider="*schema.GRPCProviderServer" tf_provider_addr=registry.terraform.io/hashicorp/aws tf_req_id=6ab5182f-6e4b-f63b-46f8-69dc6116f05e tf_rpc=ReadResource @caller=github.com/hashicorp/aws-sdk-go-base/v2@v2.0.0-beta.73/logging/tf_logger.go:45 timestamp="2026-09-28T01:04:52.885+0100"
2026-09-28T01:04:52.886+0100 [DEBUG] provider.terraform-provider-aws_v6.50.0_x5.exe: HTTP Request Sent: net.peer.name=edgar-fitness-terraform-state.s3.eu-west-1.amazonaws.com rpc.system.name=aws-api tf_aws.sdk=aws-sdk-go-v2 tf_mux_provider="*schema.GRPCProviderServer" http.request.body="***" http.request.header.accept_encoding=identity tf_aws.signing_region="" tf_rpc=ReadResource @caller=github.com/hashicorp/aws-sdk-go-base/v2@v2.0.0-beta.73/logging/tf_logger.go:45 @module=aws http.method=GET http.request.header.authorization="AWS4-HMAC-SHA256 Credential=AKIA************SZUM/20260928/eu-west-1/s3/aws4_request, SignedHeaders=accept-encoding;amz-sdk-invocation-id;amz-sdk-request;host;x-amz-content-sha256;x-amz-date, Signature=*****" http.request.header.x_amz_content_sha256=e3b0c44298fc1c149afbf4c8996fb92427ae41e4649b934ca495991b7852b855 rpc.method=S3/GetBucketVersioning tf_req_id=6ab5182f-6e4b-f63b-46f8-69dc6116f05e tf_resource_type=aws_s3_bucket http.request.header.amz_sdk_invocation_id=42f1b5b9-9188-4de7-8cf1-45d08ffcdf3f http.url=https://edgar-fitness-terraform-state.s3.eu-west-1.amazonaws.com/?versioning= http.user_agent="APN/1.0 HashiCorp/1.0 Terraform/1.15.3 (+https://www.terraform.io) terraform-provider-aws/6.50.0 (+https://registry.terraform.io/providers/hashicorp/aws) aws-sdk-go-v2/1.42.0 ua/2.1 os/windows lang/go#1.26.3 md/GOOS#windows md/GOARCH#amd64 api/s3#1.103.3 m/n" tf_provider_addr=registry.terraform.io/hashicorp/aws http.request.header.x_amz_date=20260928T000451Z aws.region=eu-west-1 http.request.header.amz_sdk_request="attempt=1; max=25" timestamp="2026-09-28T01:04:52.886+0100"
2026-09-28T01:04:53.146+0100 [DEBUG] provider.terraform-provider-aws_v6.50.0_x5.exe: HTTP Response Received: tf_aws.signing_region="" tf_provider_addr=registry.terraform.io/hashicorp/aws http.response.body="***" http.status_code=200 rpc.method=IAM/ListRolePolicies tf_mux_provider="*schema.GRPCProviderServer" @caller=github.com/hashicorp/aws-sdk-go-base/v2@v2.0.0-beta.73/logging/tf_logger.go:45 @module=aws http.duration=827 rpc.system.name=aws-api tf_rpc=ReadResource http.response.header.x_amzn_requestid=6e2643b3-7927-4078-a07a-d012157cac26 http.response_content_length=323 tf_aws.sdk=aws-sdk-go-v2 tf_req_id=83c7e409-7e80-fbf5-8c3c-ed424fc75682 tf_resource_type=aws_iam_role aws.region=eu-west-1 http.response.header.content_type=text/xml http.response.header.date="Mon, 28 Sep 2026 00:04:53 GMT" timestamp="2026-09-28T01:04:53.146+0100"
2026-09-28T01:04:53.179+0100 [DEBUG] provider.terraform-provider-aws_v6.50.0_x5.exe: HTTP Request Sent: tf_req_id=83c7e409-7e80-fbf5-8c3c-ed424fc75682 tf_resource_type=aws_iam_role http.method=POST http.request.body="***" http.request.header.authorization="AWS4-HMAC-SHA256 Credential=AKIA************SZUM/20260928/us-east-1/iam/aws4_request, SignedHeaders=amz-sdk-invocation-id;amz-sdk-request;content-length;content-type;host;x-amz-date, Signature=*****" rpc.method=IAM/ListAttachedRolePolicies http.request.header.amz_sdk_request="attempt=1; max=25" tf_mux_provider="*schema.GRPCProviderServer" tf_rpc=ReadResource @caller=github.com/hashicorp/aws-sdk-go-base/v2@v2.0.0-beta.73/logging/tf_logger.go:45 @module=aws http.request.header.amz_sdk_invocation_id=c11197d8-2a62-4375-900e-beaed8d1eb52 http.request.header.content_type=application/x-www-form-urlencoded http.request.header.x_amz_date=20260928T000453Z http.request_content_length=81 http.url=https://iam.amazonaws.com/ http.user_agent="APN/1.0 HashiCorp/1.0 Terraform/1.15.3 (+https://www.terraform.io) terraform-provider-aws/6.50.0 (+https://registry.terraform.io/providers/hashicorp/aws) aws-sdk-go-v2/1.42.0 ua/2.1 os/windows lang/go#1.26.3 md/GOOS#windows md/GOARCH#amd64 api/iam#1.54.4 m/C,n" aws.region=eu-west-1 net.peer.name=iam.amazonaws.com rpc.system.name=aws-api tf_aws.sdk=aws-sdk-go-v2 tf_aws.signing_region="" tf_provider_addr=registry.terraform.io/hashicorp/aws timestamp="2026-09-28T01:04:53.179+0100"
2026-09-28T01:04:53.296+0100 [DEBUG] provider.terraform-provider-aws_v6.50.0_x5.exe: HTTP Response Received: @module=aws http.response.header.server=AmazonS3 http.response.header.x_amz_request_id=9DFNQF6JRQNBPHRJ rpc.method=S3/GetBucketVersioning tf_provider_addr=registry.terraform.io/hashicorp/aws aws.region=eu-west-1 http.response.body="***" http.response.header.date="Mon, 28 Sep 2026 00:04:54 GMT" http.status_code=200 rpc.system.name=aws-api tf_rpc=ReadResource http.duration=399 tf_aws.sdk=aws-sdk-go-v2 tf_mux_provider="*schema.GRPCProviderServer" @caller=github.com/hashicorp/aws-sdk-go-base/v2@v2.0.0-beta.73/logging/tf_logger.go:45 http.response.header.x_amz_id_2="/LYUPiZM7gWJaa63OzvMuE7S0mFd4Cx1mAjupHcAJENUu4bGmMVF400FvYO9p8I1qDoWlZdB6KHkhjHbIf+v5ZIXcEEoU39h" tf_aws.signing_region="" tf_req_id=6ab5182f-6e4b-f63b-46f8-69dc6116f05e tf_resource_type=aws_s3_bucket timestamp="2026-09-28T01:04:53.296+0100"
2026-09-28T01:04:53.316+0100 [DEBUG] provider.terraform-provider-aws_v6.50.0_x5.exe: HTTP Request Sent: http.request.header.amz_sdk_request="attempt=1; max=25" http.url=https://edgar-fitness-terraform-state.s3.eu-west-1.amazonaws.com/?accelerate= net.peer.name=edgar-fitness-terraform-state.s3.eu-west-1.amazonaws.com tf_aws.sdk=aws-sdk-go-v2 http.request.header.accept_encoding=identity http.request.header.authorization="AWS4-HMAC-SHA256 Credential=AKIA************SZUM/20260928/eu-west-1/s3/aws4_request, SignedHeaders=accept-encoding;amz-sdk-invocation-id;amz-sdk-request;host;x-amz-content-sha256;x-amz-date, Signature=*****" http.request.header.x_amz_content_sha256=e3b0c44298fc1c149afbf4c8996fb92427ae41e4649b934ca495991b7852b855 http.request.header.x_amz_date=20260928T000454Z rpc.method=S3/GetBucketAccelerateConfiguration tf_provider_addr=registry.terraform.io/hashicorp/aws tf_resource_type=aws_s3_bucket aws.region=eu-west-1 rpc.system.name=aws-api tf_mux_provider="*schema.GRPCProviderServer" tf_req_id=6ab5182f-6e4b-f63b-46f8-69dc6116f05e @module=aws http.request.body="***" http.user_agent="APN/1.0 HashiCorp/1.0 Terraform/1.15.3 (+https://www.terraform.io) terraform-provider-aws/6.50.0 (+https://registry.terraform.io/providers/hashicorp/aws) aws-sdk-go-v2/1.42.0 ua/2.1 os/windows lang/go#1.26.3 md/GOOS#windows md/GOARCH#amd64 api/s3#1.103.3 m/n" tf_aws.signing_region="" tf_rpc=ReadResource @caller=github.com/hashicorp/aws-sdk-go-base/v2@v2.0.0-beta.73/logging/tf_logger.go:45 http.method=GET http.request.header.amz_sdk_invocation_id=50544b23-21c9-49d2-8227-9b1e60a78b6f timestamp="2026-09-28T01:04:53.316+0100"
2026-09-28T01:04:53.439+0100 [DEBUG] provider.terraform-provider-aws_v6.50.0_x5.exe: HTTP Response Received: http.response.header.date="Mon, 28 Sep 2026 00:04:53 GMT" http.status_code=200 tf_aws.signing_region="" tf_provider_addr=registry.terraform.io/hashicorp/aws tf_req_id=83c7e409-7e80-fbf5-8c3c-ed424fc75682 http.duration=259 http.response.header.content_type=text/xml http.response_content_length=1247 rpc.method=IAM/ListAttachedRolePolicies tf_mux_provider="*schema.GRPCProviderServer" @caller=github.com/hashicorp/aws-sdk-go-base/v2@v2.0.0-beta.73/logging/tf_logger.go:45 aws.region=eu-west-1 http.response.body="***" http.response.header.x_amzn_requestid=7c30ee77-24cf-4ebf-bc2d-c0439d467086 tf_aws.sdk=aws-sdk-go-v2 tf_rpc=ReadResource @module=aws rpc.system.name=aws-api tf_resource_type=aws_iam_role timestamp="2026-09-28T01:04:53.438+0100"
2026-09-28T01:04:53.633+0100 [WARN]  Provider "registry.terraform.io/hashicorp/aws" produced an invalid plan for module.iam.aws_iam_role.github_bootstrap_role, but we are tolerating it because it is using the legacy plugin SDK.
    The following problems may be the cause of any confusing errors from downstream operations:
      - .permissions_boundary: planned value cty.StringVal("") for a non-computed attribute
      - .tags: planned value cty.MapValEmpty(cty.String) for a non-computed attribute
      - .max_session_duration: planned value cty.NumberIntVal(3600) for a non-computed attribute
      - .description: planned value cty.StringVal("") for a non-computed attribute
      - .force_detach_policies: planned value cty.False for a non-computed attribute
      - .path: planned value cty.StringVal("/") for a non-computed attribute
2026-09-28T01:04:53.635+0100 [DEBUG] ReferenceTransformer: "module.iam.aws_iam_role_policy_attachment.terraform_ecs" references: []
2026-09-28T01:04:53.635+0100 [DEBUG] ReferenceTransformer: "module.iam.aws_iam_role_policy_attachment.bootstrap" references: []
2026-09-28T01:04:53.636+0100 [DEBUG] ReferenceTransformer: "module.iam.aws_iam_role_policy_attachment.terraform_logs" references: []
2026-09-28T01:04:53.636+0100 [DEBUG] ReferenceTransformer: "module.iam.aws_iam_role_policy_attachment.terraform_ec2" references: []
2026-09-28T01:04:53.637+0100 [DEBUG] ReferenceTransformer: "module.iam.aws_iam_role_policy_attachment.terraform_ecr" references: []
2026-09-28T01:04:53.854+0100 [DEBUG] provider.terraform-provider-aws_v6.50.0_x5.exe: HTTP Request Sent: tf_mux_provider="*schema.GRPCProviderServer" tf_provider_addr=registry.terraform.io/hashicorp/aws aws.region=eu-west-1 http.request.header.amz_sdk_invocation_id=9503691a-86d1-413f-b821-255bf3b4eb8b http.request_content_length=81 http.user_agent="APN/1.0 HashiCorp/1.0 Terraform/1.15.3 (+https://www.terraform.io) terraform-provider-aws/6.50.0 (+https://registry.terraform.io/providers/hashicorp/aws) aws-sdk-go-v2/1.42.0 ua/2.1 os/windows lang/go#1.26.3 md/GOOS#windows md/GOARCH#amd64 api/iam#1.54.4 m/C,n" tf_resource_type=aws_iam_role_policy_attachment tf_rpc=ReadResource @caller=github.com/hashicorp/aws-sdk-go-base/v2@v2.0.0-beta.73/logging/tf_logger.go:45 @module=aws http.request.header.amz_sdk_request="attempt=1; max=25" net.peer.name=iam.amazonaws.com rpc.method=IAM/ListAttachedRolePolicies tf_aws.signing_region="" http.request.header.authorization="AWS4-HMAC-SHA256 Credential=AKIA************SZUM/20260928/us-east-1/iam/aws4_request, SignedHeaders=amz-sdk-invocation-id;amz-sdk-request;content-length;content-type;host;x-amz-date, Signature=*****" http.request.header.content_type=application/x-www-form-urlencoded http.request.header.x_amz_date=20260928T000453Z tf_aws.sdk=aws-sdk-go-v2 tf_req_id=d990d488-47b3-9758-9179-e4628626f88e http.method=POST http.request.body="***" http.url=https://iam.amazonaws.com/ rpc.system.name=aws-api timestamp="2026-09-28T01:04:53.854+0100"
2026-09-28T01:04:53.855+0100 [DEBUG] provider.terraform-provider-aws_v6.50.0_x5.exe: HTTP Request Sent: http.request.header.x_amz_date=20260928T000453Z net.peer.name=iam.amazonaws.com tf_aws.sdk=aws-sdk-go-v2 tf_rpc=ReadResource http.request.body="***" http.request.header.amz_sdk_invocation_id=8a4ef8c6-14fd-49d3-b17b-ae7458944067 http.request_content_length=81 tf_req_id=0deec397-e654-769c-97b1-b50779151aa4 @caller=github.com/hashicorp/aws-sdk-go-base/v2@v2.0.0-beta.73/logging/tf_logger.go:45 @module=aws aws.region=eu-west-1 http.request.header.authorization="AWS4-HMAC-SHA256 Credential=AKIA************SZUM/20260928/us-east-1/iam/aws4_request, SignedHeaders=amz-sdk-invocation-id;amz-sdk-request;content-length;content-type;host;x-amz-date, Signature=*****" http.request.header.content_type=application/x-www-form-urlencoded http.user_agent="APN/1.0 HashiCorp/1.0 Terraform/1.15.3 (+https://www.terraform.io) terraform-provider-aws/6.50.0 (+https://registry.terraform.io/providers/hashicorp/aws) aws-sdk-go-v2/1.42.0 ua/2.1 os/windows lang/go#1.26.3 md/GOOS#windows md/GOARCH#amd64 api/iam#1.54.4 m/C,n" rpc.method=IAM/ListAttachedRolePolicies http.url=https://iam.amazonaws.com/ rpc.system.name=aws-api tf_aws.signing_region="" tf_mux_provider="*schema.GRPCProviderServer" tf_provider_addr=registry.terraform.io/hashicorp/aws tf_resource_type=aws_iam_role_policy_attachment http.method=POST http.request.header.amz_sdk_request="attempt=1; max=25" timestamp="2026-09-28T01:04:53.855+0100"
2026-09-28T01:04:53.855+0100 [DEBUG] provider.terraform-provider-aws_v6.50.0_x5.exe: HTTP Request Sent: net.peer.name=iam.amazonaws.com rpc.method=IAM/ListAttachedRolePolicies tf_aws.signing_region="" tf_rpc=ReadResource aws.region=eu-west-1 http.request.body="***" http.request.header.amz_sdk_invocation_id=8608d7d9-0c04-4cd0-b65d-323f8dff7122 http.request.header.content_type=application/x-www-form-urlencoded http.request.header.x_amz_date=20260928T000453Z http.request_content_length=81 http.url=https://iam.amazonaws.com/ tf_aws.sdk=aws-sdk-go-v2 http.request.header.authorization="AWS4-HMAC-SHA256 Credential=AKIA************SZUM/20260928/us-east-1/iam/aws4_request, SignedHeaders=amz-sdk-invocation-id;amz-sdk-request;content-length;content-type;host;x-amz-date, Signature=*****" rpc.system.name=aws-api tf_mux_provider="*schema.GRPCProviderServer" tf_provider_addr=registry.terraform.io/hashicorp/aws tf_req_id=8816c8f6-56b6-c8f7-14c5-089a26bbb70f tf_resource_type=aws_iam_role_policy_attachment @module=aws http.method=POST http.request.header.amz_sdk_request="attempt=1; max=25" http.user_agent="APN/1.0 HashiCorp/1.0 Terraform/1.15.3 (+https://www.terraform.io) terraform-provider-aws/6.50.0 (+https://registry.terraform.io/providers/hashicorp/aws) aws-sdk-go-v2/1.42.0 ua/2.1 os/windows lang/go#1.26.3 md/GOOS#windows md/GOARCH#amd64 api/iam#1.54.4 m/C,n" @caller=github.com/hashicorp/aws-sdk-go-base/v2@v2.0.0-beta.73/logging/tf_logger.go:45 timestamp="2026-09-28T01:04:53.855+0100"
2026-09-28T01:04:53.889+0100 [DEBUG] provider.terraform-provider-aws_v6.50.0_x5.exe: HTTP Request Sent: @caller=github.com/hashicorp/aws-sdk-go-base/v2@v2.0.0-beta.73/logging/tf_logger.go:45 http.request.header.authorization="AWS4-HMAC-SHA256 Credential=AKIA************SZUM/20260928/us-east-1/iam/aws4_request, SignedHeaders=amz-sdk-invocation-id;amz-sdk-request;content-length;content-type;host;x-amz-date, Signature=*****" http.request.header.content_type=application/x-www-form-urlencoded http.request.header.x_amz_date=20260928T000453Z tf_mux_provider="*schema.GRPCProviderServer" tf_req_id=af4f8cc7-c5c4-d94e-31e0-cd458ef5d43a @module=aws http.request.header.amz_sdk_invocation_id=640b20b9-1eab-403d-add0-ac3b4e0db0e0 http.request.header.amz_sdk_request="attempt=1; max=25" http.request_content_length=81 http.user_agent="APN/1.0 HashiCorp/1.0 Terraform/1.15.3 (+https://www.terraform.io) terraform-provider-aws/6.50.0 (+https://registry.terraform.io/providers/hashicorp/aws) aws-sdk-go-v2/1.42.0 ua/2.1 os/windows lang/go#1.26.3 md/GOOS#windows md/GOARCH#amd64 api/iam#1.54.4 m/C,n" rpc.method=IAM/ListAttachedRolePolicies tf_resource_type=aws_iam_role_policy_attachment http.url=https://iam.amazonaws.com/ tf_aws.sdk=aws-sdk-go-v2 aws.region=eu-west-1 http.method=POST http.request.body="***" net.peer.name=iam.amazonaws.com rpc.system.name=aws-api tf_aws.signing_region="" tf_provider_addr=registry.terraform.io/hashicorp/aws tf_rpc=ReadResource timestamp="2026-09-28T01:04:53.884+0100"
2026-09-28T01:04:53.889+0100 [DEBUG] provider.terraform-provider-aws_v6.50.0_x5.exe: HTTP Request Sent: http.request.body="***" http.request.header.content_type=application/x-www-form-urlencoded http.request.header.x_amz_date=20260928T000453Z http.url=https://iam.amazonaws.com/ tf_aws.signing_region="" tf_mux_provider="*schema.GRPCProviderServer" @caller=github.com/hashicorp/aws-sdk-go-base/v2@v2.0.0-beta.73/logging/tf_logger.go:45 aws.region=eu-west-1 http.method=POST http.request.header.amz_sdk_invocation_id=ceab5b68-efb7-4aa1-bab2-f4f1b9ab2b8f rpc.system.name=aws-api tf_provider_addr=registry.terraform.io/hashicorp/aws http.request.header.authorization="AWS4-HMAC-SHA256 Credential=AKIA************SZUM/20260928/us-east-1/iam/aws4_request, SignedHeaders=amz-sdk-invocation-id;amz-sdk-request;content-length;content-type;host;x-amz-date, Signature=*****" http.user_agent="APN/1.0 HashiCorp/1.0 Terraform/1.15.3 (+https://www.terraform.io) terraform-provider-aws/6.50.0 (+https://registry.terraform.io/providers/hashicorp/aws) aws-sdk-go-v2/1.42.0 ua/2.1 os/windows lang/go#1.26.3 md/GOOS#windows md/GOARCH#amd64 api/iam#1.54.4 m/C,n" net.peer.name=iam.amazonaws.com rpc.method=IAM/ListAttachedRolePolicies tf_aws.sdk=aws-sdk-go-v2 tf_resource_type=aws_iam_role_policy_attachment tf_rpc=ReadResource @module=aws http.request.header.amz_sdk_request="attempt=1; max=25" http.request_content_length=81 tf_req_id=eb97bbcb-5378-7152-9444-5d4c25356bde timestamp="2026-09-28T01:04:53.889+0100"
2026-09-28T01:04:54.053+0100 [DEBUG] provider.terraform-provider-aws_v6.50.0_x5.exe: HTTP Response Received: tf_resource_type=aws_s3_bucket tf_rpc=ReadResource tf_req_id=6ab5182f-6e4b-f63b-46f8-69dc6116f05e @caller=github.com/hashicorp/aws-sdk-go-base/v2@v2.0.0-beta.73/logging/tf_logger.go:45 aws.region=eu-west-1 http.response.header.date="Mon, 28 Sep 2026 00:04:55 GMT" tf_aws.signing_region="" tf_mux_provider="*schema.GRPCProviderServer" tf_provider_addr=registry.terraform.io/hashicorp/aws @module=aws http.duration=730 http.response.header.server=AmazonS3 http.response.header.x_amz_id_2="tH7Fmp6wJGbXNDZcc4CRgFpsnF5ULz+Hse6EmEdEn3hrIKhqLjZbHDS0V+/y2HrR+K1JYw88Sare574igDKIOkadKDdXcKAz" http.response.header.x_amz_request_id=07MQ8GN3CW4CDHNP http.status_code=200 rpc.method=S3/GetBucketAccelerateConfiguration http.response.body="***" rpc.system.name=aws-api tf_aws.sdk=aws-sdk-go-v2 timestamp="2026-09-28T01:04:54.047+0100"
2026-09-28T01:04:54.055+0100 [DEBUG] provider.terraform-provider-aws_v6.50.0_x5.exe: HTTP Request Sent: http.request.header.amz_sdk_request="attempt=1; max=25" net.peer.name=edgar-fitness-terraform-state.s3.eu-west-1.amazonaws.com rpc.system.name=aws-api tf_provider_addr=registry.terraform.io/hashicorp/aws http.request.body="***" http.request.header.amz_sdk_invocation_id=9d3ce1b5-f370-4183-b2bc-9cccd548760b http.request.header.authorization="AWS4-HMAC-SHA256 Credential=AKIA************SZUM/20260928/eu-west-1/s3/aws4_request, SignedHeaders=accept-encoding;amz-sdk-invocation-id;amz-sdk-request;host;x-amz-content-sha256;x-amz-date, Signature=*****" http.request.header.x_amz_content_sha256=e3b0c44298fc1c149afbf4c8996fb92427ae41e4649b934ca495991b7852b855 http.user_agent="APN/1.0 HashiCorp/1.0 Terraform/1.15.3 (+https://www.terraform.io) terraform-provider-aws/6.50.0 (+https://registry.terraform.io/providers/hashicorp/aws) aws-sdk-go-v2/1.42.0 ua/2.1 os/windows lang/go#1.26.3 md/GOOS#windows md/GOARCH#amd64 api/s3#1.103.3 m/n" rpc.method=S3/GetBucketRequestPayment tf_aws.signing_region="" tf_req_id=6ab5182f-6e4b-f63b-46f8-69dc6116f05e @module=aws aws.region=eu-west-1 http.method=GET tf_resource_type=aws_s3_bucket tf_rpc=ReadResource @caller=github.com/hashicorp/aws-sdk-go-base/v2@v2.0.0-beta.73/logging/tf_logger.go:45 http.request.header.accept_encoding=identity http.request.header.x_amz_date=20260928T000455Z http.url=https://edgar-fitness-terraform-state.s3.eu-west-1.amazonaws.com/?requestPayment= tf_aws.sdk=aws-sdk-go-v2 tf_mux_provider="*schema.GRPCProviderServer" timestamp="2026-09-28T01:04:54.055+0100"
2026-09-28T01:04:54.878+0100 [DEBUG] provider.terraform-provider-aws_v6.50.0_x5.exe: HTTP Response Received: http.response.header.date="Mon, 28 Sep 2026 00:04:54 GMT" http.status_code=200 rpc.system.name=aws-api tf_aws.sdk=aws-sdk-go-v2 tf_aws.signing_region="" http.response.body="***" rpc.method=IAM/ListAttachedRolePolicies tf_mux_provider="*schema.GRPCProviderServer" tf_rpc=ReadResource http.duration=1022 http.response.header.x_amzn_requestid=ff776d5f-6c62-4783-bb56-e455fbf8525b http.response_content_length=1247 @module=aws aws.region=eu-west-1 http.response.header.content_type=text/xml tf_provider_addr=registry.terraform.io/hashicorp/aws tf_req_id=d990d488-47b3-9758-9179-e4628626f88e tf_resource_type=aws_iam_role_policy_attachment @caller=github.com/hashicorp/aws-sdk-go-base/v2@v2.0.0-beta.73/logging/tf_logger.go:45 timestamp="2026-09-28T01:04:54.878+0100"
2026-09-28T01:04:54.878+0100 [DEBUG] provider.terraform-provider-aws_v6.50.0_x5.exe: HTTP Response Received: http.status_code=200 rpc.method=IAM/ListAttachedRolePolicies tf_provider_addr=registry.terraform.io/hashicorp/aws tf_rpc=ReadResource @module=aws http.duration=1021 http.response.header.date="Mon, 28 Sep 2026 00:04:54 GMT" tf_aws.sdk=aws-sdk-go-v2 tf_req_id=0deec397-e654-769c-97b1-b50779151aa4 @caller=github.com/hashicorp/aws-sdk-go-base/v2@v2.0.0-beta.73/logging/tf_logger.go:45 aws.region=eu-west-1 http.response.body="***" tf_aws.signing_region="" tf_mux_provider="*schema.GRPCProviderServer" tf_resource_type=aws_iam_role_policy_attachment http.response.header.content_type=text/xml http.response.header.x_amzn_requestid=4e4db6b6-143c-4b2e-842a-68e40c6a6af7 http.response_content_length=1247 rpc.system.name=aws-api timestamp="2026-09-28T01:04:54.878+0100"
2026-09-28T01:04:54.884+0100 [DEBUG] provider.terraform-provider-aws_v6.50.0_x5.exe: HTTP Response Received: http.response.header.x_amzn_requestid=299e2feb-a45d-4841-a608-b1c27d4002f4 http.response_content_length=1247 http.status_code=200 rpc.method=IAM/ListAttachedRolePolicies tf_mux_provider="*schema.GRPCProviderServer" tf_provider_addr=registry.terraform.io/hashicorp/aws http.response.header.content_type=text/xml tf_req_id=8816c8f6-56b6-c8f7-14c5-089a26bbb70f tf_resource_type=aws_iam_role_policy_attachment @caller=github.com/hashicorp/aws-sdk-go-base/v2@v2.0.0-beta.73/logging/tf_logger.go:45 http.duration=1025 tf_aws.signing_region="" @module=aws http.response.header.date="Mon, 28 Sep 2026 00:04:54 GMT" rpc.system.name=aws-api tf_aws.sdk=aws-sdk-go-v2 tf_rpc=ReadResource aws.region=eu-west-1 http.response.body="***" timestamp="2026-09-28T01:04:54.881+0100"
2026-09-28T01:04:54.926+0100 [DEBUG] provider.terraform-provider-aws_v6.50.0_x5.exe: HTTP Response Received: @caller=github.com/hashicorp/aws-sdk-go-base/v2@v2.0.0-beta.73/logging/tf_logger.go:45 aws.region=eu-west-1 http.duration=1041 tf_aws.signing_region="" @module=aws http.response.body="***" http.response.header.content_type=text/xml rpc.system.name=aws-api tf_req_id=af4f8cc7-c5c4-d94e-31e0-cd458ef5d43a tf_resource_type=aws_iam_role_policy_attachment http.response.header.date="Mon, 28 Sep 2026 00:04:54 GMT" http.response.header.x_amzn_requestid=b256d2de-c55a-4a8e-9aa1-f1af40560bd4 rpc.method=IAM/ListAttachedRolePolicies tf_aws.sdk=aws-sdk-go-v2 tf_mux_provider="*schema.GRPCProviderServer" tf_provider_addr=registry.terraform.io/hashicorp/aws tf_rpc=ReadResource http.response_content_length=1247 http.status_code=200 timestamp="2026-09-28T01:04:54.926+0100"
2026-09-28T01:04:54.927+0100 [DEBUG] provider.terraform-provider-aws_v6.50.0_x5.exe: HTTP Response Received: aws.region=eu-west-1 http.response.header.date="Mon, 28 Sep 2026 00:04:54 GMT" http.response_content_length=1247 http.status_code=200 tf_rpc=ReadResource rpc.method=IAM/ListAttachedRolePolicies tf_mux_provider="*schema.GRPCProviderServer" @module=aws http.duration=1037 http.response.body="***" http.response.header.x_amzn_requestid=98c30588-3e50-4358-befb-17a685f39a85 rpc.system.name=aws-api tf_aws.sdk=aws-sdk-go-v2 tf_aws.signing_region="" @caller=github.com/hashicorp/aws-sdk-go-base/v2@v2.0.0-beta.73/logging/tf_logger.go:45 http.response.header.content_type=text/xml tf_provider_addr=registry.terraform.io/hashicorp/aws tf_req_id=eb97bbcb-5378-7152-9444-5d4c25356bde tf_resource_type=aws_iam_role_policy_attachment timestamp="2026-09-28T01:04:54.927+0100"
2026-09-28T01:04:55.025+0100 [DEBUG] provider.terraform-provider-aws_v6.50.0_x5.exe: HTTP Response Received: aws.region=eu-west-1 http.duration=969 http.response.header.x_amz_id_2="QV6s73qI4Rvy8Tv7EQFGoIwRww/AhH2YXmdh0KvuTXjy19BKiHDJ4I+t85UIXo4UN/Ls6PnHfKDhj0dxfjD0HrQbhoRBUcnv" http.response.header.x_amz_request_id=07MQMWCNYGNV08AW tf_aws.sdk=aws-sdk-go-v2 tf_mux_provider="*schema.GRPCProviderServer" http.response.body="***" http.response.header.date="Mon, 28 Sep 2026 00:04:55 GMT" rpc.method=S3/GetBucketRequestPayment tf_provider_addr=registry.terraform.io/hashicorp/aws tf_req_id=6ab5182f-6e4b-f63b-46f8-69dc6116f05e tf_rpc=ReadResource rpc.system.name=aws-api tf_resource_type=aws_s3_bucket @caller=github.com/hashicorp/aws-sdk-go-base/v2@v2.0.0-beta.73/logging/tf_logger.go:45 http.response.header.server=AmazonS3 http.status_code=200 tf_aws.signing_region="" @module=aws timestamp="2026-09-28T01:04:55.025+0100"
2026-09-28T01:04:55.122+0100 [DEBUG] provider.terraform-provider-aws_v6.50.0_x5.exe: HTTP Request Sent: http.request.header.x_amz_content_sha256=e3b0c44298fc1c149afbf4c8996fb92427ae41e4649b934ca495991b7852b855 http.request.header.x_amz_date=20260928T000455Z rpc.system.name=aws-api tf_rpc=ReadResource @caller=github.com/hashicorp/aws-sdk-go-base/v2@v2.0.0-beta.73/logging/tf_logger.go:45 @module=aws http.request.header.accept_encoding=identity http.request.header.amz_sdk_request="attempt=1; max=25" http.request.header.authorization="AWS4-HMAC-SHA256 Credential=AKIA************SZUM/20260928/eu-west-1/s3/aws4_request, SignedHeaders=accept-encoding;amz-sdk-invocation-id;amz-sdk-request;host;x-amz-content-sha256;x-amz-date, Signature=*****" tf_aws.sdk=aws-sdk-go-v2 tf_req_id=6ab5182f-6e4b-f63b-46f8-69dc6116f05e http.request.body="***" http.url=https://edgar-fitness-terraform-state.s3.eu-west-1.amazonaws.com/?logging= net.peer.name=edgar-fitness-terraform-state.s3.eu-west-1.amazonaws.com rpc.method=S3/GetBucketLogging tf_aws.signing_region="" tf_mux_provider="*schema.GRPCProviderServer" http.user_agent="APN/1.0 HashiCorp/1.0 Terraform/1.15.3 (+https://www.terraform.io) terraform-provider-aws/6.50.0 (+https://registry.terraform.io/providers/hashicorp/aws) aws-sdk-go-v2/1.42.0 ua/2.1 os/windows lang/go#1.26.3 md/GOOS#windows md/GOARCH#amd64 api/s3#1.103.3 m/n" tf_provider_addr=registry.terraform.io/hashicorp/aws tf_resource_type=aws_s3_bucket aws.region=eu-west-1 http.method=GET http.request.header.amz_sdk_invocation_id=6271ea73-61cf-4fce-b489-a85896a6d057 timestamp="2026-09-28T01:04:55.111+0100"
2026-09-28T01:04:56.125+0100 [DEBUG] provider.terraform-provider-aws_v6.50.0_x5.exe: HTTP Response Received: http.duration=1011 http.response.header.content_type=application/xml rpc.system.name=aws-api tf_rpc=ReadResource http.status_code=200 rpc.method=S3/GetBucketLogging tf_aws.sdk=aws-sdk-go-v2 tf_mux_provider="*schema.GRPCProviderServer" @module=aws http.response.header.server=AmazonS3 http.response.header.x_amz_id_2="Ck+P6d/yK7eRhvLJhvV7sjLBa2KHfT0kjXtL56Eg1Gv7TXcE6gyMVZDAGHw4MGJJRyOJH2bvyg5/Rpqb3C4EtL0COZGrGF2a" http.response.header.x_amz_request_id=N4K1RKCPXFJN1M6X tf_aws.signing_region="" tf_req_id=6ab5182f-6e4b-f63b-46f8-69dc6116f05e @caller=github.com/hashicorp/aws-sdk-go-base/v2@v2.0.0-beta.73/logging/tf_logger.go:45 http.response.body="***" http.response.header.date="Mon, 28 Sep 2026 00:04:57 GMT" tf_provider_addr=registry.terraform.io/hashicorp/aws tf_resource_type=aws_s3_bucket aws.region=eu-west-1 timestamp="2026-09-28T01:04:56.124+0100"
2026-09-28T01:04:56.207+0100 [DEBUG] provider.terraform-provider-aws_v6.50.0_x5.exe: HTTP Request Sent: @caller=github.com/hashicorp/aws-sdk-go-base/v2@v2.0.0-beta.73/logging/tf_logger.go:45 http.method=GET http.request.body="***" http.request.header.x_amz_content_sha256=e3b0c44298fc1c149afbf4c8996fb92427ae41e4649b934ca495991b7852b855 net.peer.name=edgar-fitness-terraform-state.s3.eu-west-1.amazonaws.com tf_aws.signing_region="" tf_resource_type=aws_s3_bucket @module=aws http.request.header.accept_encoding=identity http.request.header.amz_sdk_invocation_id=29385785-d240-429b-be83-a3bda97efca9 http.request.header.authorization="AWS4-HMAC-SHA256 Credential=AKIA************SZUM/20260928/eu-west-1/s3/aws4_request, SignedHeaders=accept-encoding;amz-sdk-invocation-id;amz-sdk-request;host;x-amz-content-sha256;x-amz-date, Signature=*****" http.url=https://edgar-fitness-terraform-state.s3.eu-west-1.amazonaws.com/?lifecycle= http.user_agent="APN/1.0 HashiCorp/1.0 Terraform/1.15.3 (+https://www.terraform.io) terraform-provider-aws/6.50.0 (+https://registry.terraform.io/providers/hashicorp/aws) aws-sdk-go-v2/1.42.0 ua/2.1 os/windows lang/go#1.26.3 md/GOOS#windows md/GOARCH#amd64 api/s3#1.103.3 m/n" tf_aws.sdk=aws-sdk-go-v2 tf_req_id=6ab5182f-6e4b-f63b-46f8-69dc6116f05e aws.region=eu-west-1 http.request.header.amz_sdk_request="attempt=1; max=25" rpc.method=S3/GetBucketLifecycleConfiguration rpc.system.name=aws-api tf_provider_addr=registry.terraform.io/hashicorp/aws http.request.header.x_amz_date=20260928T000457Z tf_mux_provider="*schema.GRPCProviderServer" tf_rpc=ReadResource timestamp="2026-09-28T01:04:56.202+0100"
2026-09-28T01:04:56.570+0100 [DEBUG] provider.terraform-provider-aws_v6.50.0_x5.exe: HTTP Response Received: @module=aws aws.region=eu-west-1 http.response.body="***" rpc.method=DynamoDB/ListTagsOfResource tf_aws.sdk=aws-sdk-go-v2 tf_provider_addr=registry.terraform.io/hashicorp/aws http.response.header.connection=keep-alive http.response.header.date="Mon, 28 Sep 2026 00:04:56 GMT" http.response_content_length=11 http.status_code=200 tf_resource_type=aws_dynamodb_table http.response.header.server=Server http.response.header.x_amz_crc32=1756070277 @caller=github.com/hashicorp/aws-sdk-go-base/v2@v2.0.0-beta.73/logging/tf_logger.go:45 db.system.name=aws.dynamodb http.duration=5648 http.response.header.x_amzn_requestid=NOCEGHRK82PH5ET3PE7UP022Q7VV4KQNSO5AEMVJF66Q9ASUAAJG rpc.system.name=aws-api tf_aws.signing_region="" http.response.header.content_type=application/x-amz-json-1.0 tf_mux_provider="*schema.GRPCProviderServer" tf_req_id=09256800-17e7-9ea4-1ffc-8c9ceeaae25e tf_rpc=ReadResource timestamp="2026-09-28T01:04:56.570+0100"
2026-09-28T01:04:56.670+0100 [DEBUG] provider.terraform-provider-aws_v6.50.0_x5.exe: HTTP Request Sent: http.request.body="***" http.request.header.x_amz_target=DynamoDB_20120810.DescribeTable http.request_content_length=50 tf_provider_addr=registry.terraform.io/hashicorp/aws http.request.header.x_amz_date=20260928T000456Z http.request.header.amz_sdk_request="attempt=1; max=25" http.request.header.authorization="AWS4-HMAC-SHA256 Credential=AKIA************SZUM/20260928/eu-west-1/dynamodb/aws4_request, SignedHeaders=accept-encoding;amz-sdk-invocation-id;amz-sdk-request;content-length;content-type;host;x-amz-date;x-amz-target, Signature=*****" http.url=https://dynamodb.eu-west-1.amazonaws.com/ net.peer.name=dynamodb.eu-west-1.amazonaws.com tf_aws.signing_region="" http.request.header.accept_encoding=identity http.user_agent="APN/1.0 HashiCorp/1.0 Terraform/1.15.3 (+https://www.terraform.io) terraform-provider-aws/6.50.0 (+https://registry.terraform.io/providers/hashicorp/aws) aws-sdk-go-v2/1.42.0 ua/2.1 os/windows lang/go#1.26.3 md/GOOS#windows md/GOARCH#amd64 api/dynamodb#1.59.0 m/P,n" tf_req_id=8c18ae74-7a4c-026f-e99e-514b918e436f aws.dynamodb.table_names=[edgar-fitness-terraform-state-lock] aws.region=eu-west-1 db.system.name=aws.dynamodb tf_resource_type=aws_dynamodb_table tf_aws.sdk=aws-sdk-go-v2 tf_rpc=PlanResourceChange rpc.method=DynamoDB/DescribeTable rpc.system.name=aws-api tf_mux_provider="*schema.GRPCProviderServer" @caller=github.com/hashicorp/aws-sdk-go-base/v2@v2.0.0-beta.73/logging/tf_logger.go:45 http.request.header.content_type=application/x-amz-json-1.0 http.request.header.amz_sdk_invocation_id=07b50378-b6bc-43af-abff-5ead5847589a @module=aws http.method=POST timestamp="2026-09-28T01:04:56.665+0100"
2026-09-28T01:04:57.248+0100 [DEBUG] provider.terraform-provider-aws_v6.50.0_x5.exe: HTTP Response Received: rpc.system.name=aws-api tf_aws.sdk=aws-sdk-go-v2 @caller=github.com/hashicorp/aws-sdk-go-base/v2@v2.0.0-beta.73/logging/tf_logger.go:45 http.duration=1043 http.response.header.server=AmazonS3 http.response_content_length=323 rpc.method=S3/GetBucketLifecycleConfiguration tf_aws.signing_region="" @module=aws http.status_code=404 tf_provider_addr=registry.terraform.io/hashicorp/aws tf_rpc=ReadResource http.response.header.content_type=application/xml http.response.header.x_amz_id_2="0NGRQQc7tr8BemNkm1knx+4+LgjpLS4yohGTMLJ94+ugsvE47+h97EfxFWQQCxTkfFU1xoHceOxQ3fSLYkOqCOV4Aoo4+2JJ" http.response.header.x_amz_request_id=5KA2JJ2RTSGK1PH9 tf_mux_provider="*schema.GRPCProviderServer" tf_req_id=6ab5182f-6e4b-f63b-46f8-69dc6116f05e tf_resource_type=aws_s3_bucket aws.region=eu-west-1 http.response.body="***" http.response.header.date="Mon, 28 Sep 2026 00:04:58 GMT" timestamp="2026-09-28T01:04:57.247+0100"
2026-09-28T01:04:57.281+0100 [DEBUG] provider.terraform-provider-aws_v6.50.0_x5.exe: request failed with unretryable error https response error StatusCode: 404, RequestID: 5KA2JJ2RTSGK1PH9, HostID: 0NGRQQc7tr8BemNkm1knx+4+LgjpLS4yohGTMLJ94+ugsvE47+h97EfxFWQQCxTkfFU1xoHceOxQ3fSLYkOqCOV4Aoo4+2JJ, api error NoSuchLifecycleConfiguration: The lifecycle configuration does not exist: tf_rpc=ReadResource @caller=github.com/hashicorp/aws-sdk-go-base/v2@v2.0.0-beta.73/logging/tf_logger.go:45 rpc.method=S3/GetBucketLifecycleConfiguration tf_provider_addr=registry.terraform.io/hashicorp/aws @module=aws aws.region=eu-west-1 rpc.system.name=aws-api tf_aws.sdk=aws-sdk-go-v2 tf_mux_provider="*schema.GRPCProviderServer" tf_req_id=6ab5182f-6e4b-f63b-46f8-69dc6116f05e tf_resource_type=aws_s3_bucket timestamp="2026-09-28T01:04:57.277+0100"
2026-09-28T01:04:57.282+0100 [DEBUG] provider.terraform-provider-aws_v6.50.0_x5.exe: HTTP Request Sent: tf_aws.signing_region="" tf_rpc=ReadResource aws.region=eu-west-1 http.request.header.accept_encoding=identity tf_aws.sdk=aws-sdk-go-v2 tf_req_id=6ab5182f-6e4b-f63b-46f8-69dc6116f05e http.request.header.amz_sdk_invocation_id=df77b2b3-b7b2-4856-a3c6-a5afee4bea86 http.request.header.authorization="AWS4-HMAC-SHA256 Credential=AKIA************SZUM/20260928/eu-west-1/s3/aws4_request, SignedHeaders=accept-encoding;amz-sdk-invocation-id;amz-sdk-request;host;x-amz-content-sha256;x-amz-date, Signature=*****" http.request.header.x_amz_content_sha256=e3b0c44298fc1c149afbf4c8996fb92427ae41e4649b934ca495991b7852b855 http.request.header.x_amz_date=20260928T000458Z rpc.system.name=aws-api tf_mux_provider="*schema.GRPCProviderServer" tf_provider_addr=registry.terraform.io/hashicorp/aws http.method=GET http.request.header.amz_sdk_request="attempt=1; max=25" http.url=https://edgar-fitness-terraform-state.s3.eu-west-1.amazonaws.com/?replication= http.user_agent="APN/1.0 HashiCorp/1.0 Terraform/1.15.3 (+https://www.terraform.io) terraform-provider-aws/6.50.0 (+https://registry.terraform.io/providers/hashicorp/aws) aws-sdk-go-v2/1.42.0 ua/2.1 os/windows lang/go#1.26.3 md/GOOS#windows md/GOARCH#amd64 api/s3#1.103.3 m/n" net.peer.name=edgar-fitness-terraform-state.s3.eu-west-1.amazonaws.com rpc.method=S3/GetBucketReplication tf_resource_type=aws_s3_bucket @caller=github.com/hashicorp/aws-sdk-go-base/v2@v2.0.0-beta.73/logging/tf_logger.go:45 @module=aws http.request.body="***" timestamp="2026-09-28T01:04:57.282+0100"
2026-09-28T01:04:57.687+0100 [DEBUG] provider.terraform-provider-aws_v6.50.0_x5.exe: HTTP Response Received: http.response.header.x_amzn_requestid=FS5H9PKSGTRERDQQ02HH4FGD5BVV4KQNSO5AEMVJF66Q9ASUAAJG http.status_code=200 rpc.method=DynamoDB/DescribeTable tf_aws.signing_region="" tf_req_id=8c18ae74-7a4c-026f-e99e-514b918e436f @module=aws aws.dynamodb.table_names=[edgar-fitness-terraform-state-lock] aws.region=eu-west-1 http.duration=1021 http.response.header.content_type=application/x-amz-json-1.0 http.response.header.x_amz_crc32=734694476 http.response_content_length=880 http.response.header.date="Mon, 28 Sep 2026 00:04:57 GMT" http.response.header.server=Server tf_aws.sdk=aws-sdk-go-v2 tf_mux_provider="*schema.GRPCProviderServer" tf_provider_addr=registry.terraform.io/hashicorp/aws tf_rpc=PlanResourceChange db.system.name=aws.dynamodb http.response.body="***" rpc.system.name=aws-api tf_resource_type=aws_dynamodb_table @caller=github.com/hashicorp/aws-sdk-go-base/v2@v2.0.0-beta.73/logging/tf_logger.go:45 http.response.header.connection=keep-alive timestamp="2026-09-28T01:04:57.686+0100"
2026-09-28T01:04:57.701+0100 [WARN]  Provider "registry.terraform.io/hashicorp/aws" produced an invalid plan for module.s3.aws_dynamodb_table.terraform_lock, but we are tolerating it because it is using the legacy plugin SDK.
    The following problems may be the cause of any confusing errors from downstream operations:
      - .deletion_protection_enabled: planned value cty.False for a non-computed attribute
      - .stream_enabled: planned value cty.False for a non-computed attribute
      - .table_class: planned value cty.StringVal("STANDARD") for a non-computed attribute
      - .tags: planned value cty.MapValEmpty(cty.String) for a non-computed attribute
      - .point_in_time_recovery: block count in plan (1) disagrees with count in config (0)
      - .ttl: block count in plan (1) disagrees with count in config (0)
2026-09-28T01:04:58.347+0100 [DEBUG] provider.terraform-provider-aws_v6.50.0_x5.exe: HTTP Response Received: tf_mux_provider="*schema.GRPCProviderServer" tf_provider_addr=registry.terraform.io/hashicorp/aws http.response.header.x_amz_id_2="Q9v7TTI9abWkPjYTh0EyOXrpSLyB0oYBio+Odnic6wGtgIEj4/B/C3ccE0dVlBgFfdU/wTvjpxcud6uUbNPraWuVJdS+SrET" rpc.system.name=aws-api @caller=github.com/hashicorp/aws-sdk-go-base/v2@v2.0.0-beta.73/logging/tf_logger.go:45 http.duration=1064 http.response.header.content_type=application/xml http.status_code=404 tf_aws.sdk=aws-sdk-go-v2 tf_req_id=6ab5182f-6e4b-f63b-46f8-69dc6116f05e tf_resource_type=aws_s3_bucket http.response.header.date="Mon, 28 Sep 2026 00:04:58 GMT" http.response.header.server=AmazonS3 rpc.method=S3/GetBucketReplication tf_aws.signing_region="" tf_rpc=ReadResource @module=aws aws.region=eu-west-1 http.response.body="***" http.response.header.x_amz_request_id=DEVCYSSTR6RKESSE timestamp="2026-09-28T01:04:58.346+0100"
2026-09-28T01:04:58.348+0100 [DEBUG] provider.terraform-provider-aws_v6.50.0_x5.exe: request failed with unretryable error https response error StatusCode: 404, RequestID: DEVCYSSTR6RKESSE, HostID: Q9v7TTI9abWkPjYTh0EyOXrpSLyB0oYBio+Odnic6wGtgIEj4/B/C3ccE0dVlBgFfdU/wTvjpxcud6uUbNPraWuVJdS+SrET, api error ReplicationConfigurationNotFoundError: The replication configuration was not found: aws.region=eu-west-1 rpc.method=S3/GetBucketReplication tf_provider_addr=registry.terraform.io/hashicorp/aws tf_req_id=6ab5182f-6e4b-f63b-46f8-69dc6116f05e tf_rpc=ReadResource @caller=github.com/hashicorp/aws-sdk-go-base/v2@v2.0.0-beta.73/logging/tf_logger.go:45 @module=aws rpc.system.name=aws-api tf_aws.sdk=aws-sdk-go-v2 tf_mux_provider="*schema.GRPCProviderServer" tf_resource_type=aws_s3_bucket timestamp="2026-09-28T01:04:58.346+0100"
2026-09-28T01:04:58.376+0100 [DEBUG] provider.terraform-provider-aws_v6.50.0_x5.exe: HTTP Request Sent: http.method=GET http.request.header.accept_encoding=identity http.request.header.amz_sdk_request="attempt=1; max=25" http.request.header.x_amz_content_sha256=e3b0c44298fc1c149afbf4c8996fb92427ae41e4649b934ca495991b7852b855 tf_aws.signing_region="" tf_provider_addr=registry.terraform.io/hashicorp/aws tf_req_id=6ab5182f-6e4b-f63b-46f8-69dc6116f05e tf_resource_type=aws_s3_bucket @module=aws http.request.header.authorization="AWS4-HMAC-SHA256 Credential=AKIA************SZUM/20260928/eu-west-1/s3/aws4_request, SignedHeaders=accept-encoding;amz-sdk-invocation-id;amz-sdk-request;host;x-amz-content-sha256;x-amz-date, Signature=*****" http.user_agent="APN/1.0 HashiCorp/1.0 Terraform/1.15.3 (+https://www.terraform.io) terraform-provider-aws/6.50.0 (+https://registry.terraform.io/providers/hashicorp/aws) aws-sdk-go-v2/1.42.0 ua/2.1 os/windows lang/go#1.26.3 md/GOOS#windows md/GOARCH#amd64 api/s3#1.103.3 m/n" rpc.method=S3/GetBucketEncryption tf_rpc=ReadResource http.request.header.amz_sdk_invocation_id=80e2717b-f6a3-429f-b312-cdf97599e2ba http.url=https://edgar-fitness-terraform-state.s3.eu-west-1.amazonaws.com/?encryption= net.peer.name=edgar-fitness-terraform-state.s3.eu-west-1.amazonaws.com rpc.system.name=aws-api @caller=github.com/hashicorp/aws-sdk-go-base/v2@v2.0.0-beta.73/logging/tf_logger.go:45 aws.region=eu-west-1 http.request.body="***" http.request.header.x_amz_date=20260928T000458Z tf_aws.sdk=aws-sdk-go-v2 tf_mux_provider="*schema.GRPCProviderServer" timestamp="2026-09-28T01:04:58.376+0100"
2026-09-28T01:04:59.485+0100 [DEBUG] provider.terraform-provider-aws_v6.50.0_x5.exe: HTTP Response Received: http.response.body="***" http.response.header.x_amz_request_id=Z05ZT2FK7CBWH01P http.status_code=200 tf_rpc=ReadResource @caller=github.com/hashicorp/aws-sdk-go-base/v2@v2.0.0-beta.73/logging/tf_logger.go:45 @module=aws http.response.header.x_amz_id_2="PU9Q1XAUa9oiWDOX78b5EKx/8uKizIa53fq9b47Xf80bJdDQxl0igXfWpvCMBqT+XZkMxRlAcjOAqyBTXvwcASu3sUNpecUK" rpc.system.name=aws-api tf_aws.signing_region="" tf_req_id=6ab5182f-6e4b-f63b-46f8-69dc6116f05e tf_resource_type=aws_s3_bucket http.response.header.date="Mon, 28 Sep 2026 00:05:00 GMT" tf_aws.sdk=aws-sdk-go-v2 tf_mux_provider="*schema.GRPCProviderServer" tf_provider_addr=registry.terraform.io/hashicorp/aws aws.region=eu-west-1 http.duration=1077 http.response.header.server=AmazonS3 rpc.method=S3/GetBucketEncryption timestamp="2026-09-28T01:04:59.454+0100"
2026-09-28T01:04:59.560+0100 [DEBUG] provider.terraform-provider-aws_v6.50.0_x5.exe: HTTP Request Sent: tf_rpc=ReadResource @module=aws aws.region=eu-west-1 http.request.header.amz_sdk_invocation_id=d3abf934-81f3-4e78-acd7-be737c983f41 http.request.header.x_amz_date=20260928T000500Z tf_aws.signing_region="" tf_mux_provider="*schema.GRPCProviderServer" tf_resource_type=aws_s3_bucket http.method=GET http.request.body="***" http.request.header.authorization="AWS4-HMAC-SHA256 Credential=AKIA************SZUM/20260928/eu-west-1/s3/aws4_request, SignedHeaders=accept-encoding;amz-sdk-invocation-id;amz-sdk-request;host;x-amz-content-sha256;x-amz-date, Signature=*****" http.request.header.amz_sdk_request="attempt=1; max=25" http.request.header.x_amz_content_sha256=e3b0c44298fc1c149afbf4c8996fb92427ae41e4649b934ca495991b7852b855 http.url=https://edgar-fitness-terraform-state.s3.eu-west-1.amazonaws.com/?object-lock= http.user_agent="APN/1.0 HashiCorp/1.0 Terraform/1.15.3 (+https://www.terraform.io) terraform-provider-aws/6.50.0 (+https://registry.terraform.io/providers/hashicorp/aws) aws-sdk-go-v2/1.42.0 ua/2.1 os/windows lang/go#1.26.3 md/GOOS#windows md/GOARCH#amd64 api/s3#1.103.3 m/n" net.peer.name=edgar-fitness-terraform-state.s3.eu-west-1.amazonaws.com tf_aws.sdk=aws-sdk-go-v2 tf_req_id=6ab5182f-6e4b-f63b-46f8-69dc6116f05e @caller=github.com/hashicorp/aws-sdk-go-base/v2@v2.0.0-beta.73/logging/tf_logger.go:45 http.request.header.accept_encoding=identity rpc.method=S3/GetObjectLockConfiguration rpc.system.name=aws-api tf_provider_addr=registry.terraform.io/hashicorp/aws timestamp="2026-09-28T01:04:59.554+0100"
2026-09-28T01:05:00.488+0100 [DEBUG] provider.terraform-provider-aws_v6.50.0_x5.exe: HTTP Response Received: http.response.header.date="Mon, 28 Sep 2026 00:05:00 GMT" rpc.method=S3/GetObjectLockConfiguration rpc.system.name=aws-api tf_rpc=ReadResource @module=aws http.response.header.server=AmazonS3 tf_req_id=6ab5182f-6e4b-f63b-46f8-69dc6116f05e http.response.body="***" http.response.header.content_type=application/xml http.response.header.x_amz_request_id=3XEGFHXWC0V4TQTT http.status_code=404 tf_aws.sdk=aws-sdk-go-v2 tf_mux_provider="*schema.GRPCProviderServer" tf_provider_addr=registry.terraform.io/hashicorp/aws aws.region=eu-west-1 http.response.header.x_amz_id_2="T+2M5Ckq988MhFmT+BuJM9b8yjly556ohhoI6zJk6E+rtWomdfsse8ZbymZ7GO5H55NNLMgKwGDbZh+mCEpvLJw7PwGF5oxR" tf_aws.signing_region="" tf_resource_type=aws_s3_bucket @caller=github.com/hashicorp/aws-sdk-go-base/v2@v2.0.0-beta.73/logging/tf_logger.go:45 http.duration=922 timestamp="2026-09-28T01:05:00.488+0100"
2026-09-28T01:05:00.488+0100 [DEBUG] provider.terraform-provider-aws_v6.50.0_x5.exe: request failed with unretryable error https response error StatusCode: 404, RequestID: 3XEGFHXWC0V4TQTT, HostID: T+2M5Ckq988MhFmT+BuJM9b8yjly556ohhoI6zJk6E+rtWomdfsse8ZbymZ7GO5H55NNLMgKwGDbZh+mCEpvLJw7PwGF5oxR, api error ObjectLockConfigurationNotFoundError: Object Lock configuration does not exist for this bucket: rpc.system.name=aws-api tf_mux_provider="*schema.GRPCProviderServer" tf_req_id=6ab5182f-6e4b-f63b-46f8-69dc6116f05e @caller=github.com/hashicorp/aws-sdk-go-base/v2@v2.0.0-beta.73/logging/tf_logger.go:45 tf_aws.sdk=aws-sdk-go-v2 tf_provider_addr=registry.terraform.io/hashicorp/aws tf_resource_type=aws_s3_bucket tf_rpc=ReadResource @module=aws aws.region=eu-west-1 rpc.method=S3/GetObjectLockConfiguration timestamp="2026-09-28T01:05:00.488+0100"
2026-09-28T01:05:00.524+0100 [DEBUG] provider.terraform-provider-aws_v6.50.0_x5.exe: HTTP Request Sent: rpc.method=S3/HeadBucket tf_mux_provider="*schema.GRPCProviderServer" tf_req_id=6ab5182f-6e4b-f63b-46f8-69dc6116f05e tf_rpc=ReadResource @caller=github.com/hashicorp/aws-sdk-go-base/v2@v2.0.0-beta.73/logging/tf_logger.go:45 aws.region=eu-west-1 http.request.body="***" http.request.header.accept_encoding=identity http.url=https://edgar-fitness-terraform-state.s3.eu-west-1.amazonaws.com/ rpc.system.name=aws-api tf_aws.sdk=aws-sdk-go-v2 tf_aws.signing_region="" aws.s3.bucket=edgar-fitness-terraform-state http.request.header.amz_sdk_invocation_id=391f9c1b-6882-4c2e-9ff8-58641d6f37be http.request.header.amz_sdk_request="attempt=1; max=25" http.user_agent="APN/1.0 HashiCorp/1.0 Terraform/1.15.3 (+https://www.terraform.io) terraform-provider-aws/6.50.0 (+https://registry.terraform.io/providers/hashicorp/aws) aws-sdk-go-v2/1.42.0 ua/2.1 os/windows lang/go#1.26.3 md/GOOS#windows md/GOARCH#amd64 api/s3#1.103.3 m/n" tf_resource_type=aws_s3_bucket http.request.header.x_amz_content_sha256=e3b0c44298fc1c149afbf4c8996fb92427ae41e4649b934ca495991b7852b855 @module=aws http.method=HEAD http.request.header.authorization="AWS4-HMAC-SHA256 Credential=AKIA************SZUM/20260928/eu-west-1/s3/aws4_request, SignedHeaders=accept-encoding;amz-sdk-invocation-id;amz-sdk-request;host;x-amz-content-sha256;x-amz-date, Signature=*****" http.request.header.x_amz_date=20260928T000500Z tf_provider_addr=registry.terraform.io/hashicorp/aws net.peer.name=edgar-fitness-terraform-state.s3.eu-west-1.amazonaws.com timestamp="2026-09-28T01:05:00.515+0100"
2026-09-28T01:05:00.629+0100 [DEBUG] provider.terraform-provider-aws_v6.50.0_x5.exe: HTTP Response Received: http.response.header.x_amz_bucket_region=eu-west-1 http.response.header.x_amz_id_2="VW6DAO7guxOWyO11/K9MKfAp9H6MH1VCr48bbMKsHAcXx5nd+eT7vGZ1J87ldxPg1r5BFutNxqYpXn/lcFV25/0mwUJCIW2C" http.response.header.x_amz_request_id=3XEJZFF4159S8SZQ @caller=github.com/hashicorp/aws-sdk-go-base/v2@v2.0.0-beta.73/logging/tf_logger.go:45 http.status_code=200 rpc.method=S3/HeadBucket rpc.system.name=aws-api tf_aws.signing_region="" tf_provider_addr=registry.terraform.io/hashicorp/aws tf_resource_type=aws_s3_bucket aws.region=eu-west-1 http.response.header.date="Mon, 28 Sep 2026 00:05:01 GMT" http.response.header.x_amz_bucket_arn=arn:aws:s3:::edgar-fitness-terraform-state tf_rpc=ReadResource http.duration=113 http.response.header.x_amz_access_point_alias=false tf_aws.sdk=aws-sdk-go-v2 tf_mux_provider="*schema.GRPCProviderServer" tf_req_id=6ab5182f-6e4b-f63b-46f8-69dc6116f05e @module=aws aws.s3.bucket=edgar-fitness-terraform-state http.response.body="***" http.response.header.content_type=application/xml http.response.header.server=AmazonS3 timestamp="2026-09-28T01:05:00.629+0100"
2026-09-28T01:05:00.845+0100 [DEBUG] provider.terraform-provider-aws_v6.50.0_x5.exe: HTTP Request Sent: @caller=github.com/hashicorp/aws-sdk-go-base/v2@v2.0.0-beta.73/logging/tf_logger.go:45 aws.region=eu-west-1 http.request.body="***" http.request.header.amz_sdk_request="attempt=1; max=25" http.request.header.x_amz_account_id=234334047980 http.user_agent="APN/1.0 HashiCorp/1.0 Terraform/1.15.3 (+https://www.terraform.io) terraform-provider-aws/6.50.0 (+https://registry.terraform.io/providers/hashicorp/aws) aws-sdk-go-v2/1.42.0 ua/2.1 os/windows lang/go#1.26.3 md/GOOS#windows md/GOARCH#amd64 api/s3control#1.71.5 m/n" rpc.method="S3 Control/ListTagsForResource" tf_aws.signing_region="" @module=aws http.method=GET http.url="https://234334047980.s3-control.eu-west-1.amazonaws.com/v20180820/tags/arn%3Aaws%3As3%3A%3A%3Aedgar-fitness-terraform-state" tf_provider_addr=registry.terraform.io/hashicorp/aws tf_resource_type=aws_s3_bucket http.request.header.x_amz_date=20260928T000500Z net.peer.name=234334047980.s3-control.eu-west-1.amazonaws.com rpc.system.name=aws-api tf_req_id=6ab5182f-6e4b-f63b-46f8-69dc6116f05e tf_rpc=ReadResource http.request.header.amz_sdk_invocation_id=814e1b2c-9e2a-4963-b594-ce551598c3dd http.request.header.authorization="AWS4-HMAC-SHA256 Credential=AKIA************SZUM/20260928/eu-west-1/s3/aws4_request, SignedHeaders=amz-sdk-invocation-id;amz-sdk-request;host;x-amz-account-id;x-amz-content-sha256;x-amz-date, Signature=*****" http.request.header.x_amz_content_sha256=e3b0c44298fc1c149afbf4c8996fb92427ae41e4649b934ca495991b7852b855 tf_aws.sdk=aws-sdk-go-v2 tf_mux_provider="*schema.GRPCProviderServer" timestamp="2026-09-28T01:05:00.843+0100"
2026-09-28T01:05:01.166+0100 [DEBUG] provider.terraform-provider-aws_v6.50.0_x5.exe: HTTP Response Received: http.status_code=200 tf_req_id=6ab5182f-6e4b-f63b-46f8-69dc6116f05e @module=aws http.response.body="***" http.response.header.server=AmazonS3 rpc.system.name=aws-api tf_mux_provider="*schema.GRPCProviderServer" tf_resource_type=aws_s3_bucket http.response.header.date="Mon, 28 Sep 2026 00:05:02 GMT" http.response.header.x_amz_request_id=YFJT06GK72E3YP7H tf_provider_addr=registry.terraform.io/hashicorp/aws tf_rpc=ReadResource http.response.header.x_amz_id_2="7hADdwlrAl+8XSv92cnPJrdL60p/w/sASnVrNLUjr8fQVunXkKAtpyB6eA8MCwxqvqUMbvylJGw=" rpc.method="S3 Control/ListTagsForResource" aws.region=eu-west-1 http.duration=321 tf_aws.sdk=aws-sdk-go-v2 tf_aws.signing_region="" @caller=github.com/hashicorp/aws-sdk-go-base/v2@v2.0.0-beta.73/logging/tf_logger.go:45 timestamp="2026-09-28T01:05:01.166+0100"
2026-09-28T01:05:01.196+0100 [WARN]  Provider "registry.terraform.io/hashicorp/aws" produced an invalid plan for module.s3.aws_s3_bucket.terraform_state, but we are tolerating it because it is using the legacy plugin SDK.
    The following problems may be the cause of any confusing errors from downstream operations:
      - .force_destroy: planned value cty.False for a non-computed attribute
      - .tags: planned value cty.MapValEmpty(cty.String) for a non-computed attribute
      - .server_side_encryption_configuration: block count in plan (1) disagrees with count in config (0)
      - .versioning: block count in plan (1) disagrees with count in config (0)
2026-09-28T01:05:01.198+0100 [DEBUG] ReferenceTransformer: "module.s3.aws_s3_bucket_versioning.terraform_state" references: []
2026-09-28T01:05:01.198+0100 [DEBUG] ReferenceTransformer: "module.s3.aws_s3_bucket_server_side_encryption_configuration.terraform_state" references: []
2026-09-28T01:05:01.198+0100 [DEBUG] ReferenceTransformer: "module.s3.aws_s3_bucket_public_access_block.terraform_state" references: []
2026-09-28T01:05:01.303+0100 [DEBUG] provider.terraform-provider-aws_v6.50.0_x5.exe: HTTP Request Sent: @module=aws http.request.header.accept_encoding=identity http.request.header.amz_sdk_request="attempt=1; max=25" net.peer.name=edgar-fitness-terraform-state.s3.eu-west-1.amazonaws.com rpc.method=S3/GetPublicAccessBlock tf_provider_addr=registry.terraform.io/hashicorp/aws tf_rpc=ReadResource http.method=GET http.request.body="***" http.request.header.x_amz_date=20260928T000501Z rpc.system.name=aws-api tf_mux_provider="*schema.GRPCProviderServer" tf_resource_type=aws_s3_bucket_public_access_block @caller=github.com/hashicorp/aws-sdk-go-base/v2@v2.0.0-beta.73/logging/tf_logger.go:45 aws.region=eu-west-1 http.request.header.x_amz_content_sha256=e3b0c44298fc1c149afbf4c8996fb92427ae41e4649b934ca495991b7852b855 http.url=https://edgar-fitness-terraform-state.s3.eu-west-1.amazonaws.com/?publicAccessBlock= tf_req_id=bb1ba5d4-4421-0f8f-4ad4-cfcc364bd7b1 http.request.header.amz_sdk_invocation_id=52fd8859-9e28-49ad-8f87-306c9a0d51e0 http.request.header.authorization="AWS4-HMAC-SHA256 Credential=AKIA************SZUM/20260928/eu-west-1/s3/aws4_request, SignedHeaders=accept-encoding;amz-sdk-invocation-id;amz-sdk-request;host;x-amz-content-sha256;x-amz-date, Signature=*****" http.user_agent="APN/1.0 HashiCorp/1.0 Terraform/1.15.3 (+https://www.terraform.io) terraform-provider-aws/6.50.0 (+https://registry.terraform.io/providers/hashicorp/aws) aws-sdk-go-v2/1.42.0 ua/2.1 os/windows lang/go#1.26.3 md/GOOS#windows md/GOARCH#amd64 api/s3#1.103.3 m/n" tf_aws.sdk=aws-sdk-go-v2 tf_aws.signing_region="" timestamp="2026-09-28T01:05:01.301+0100"
2026-09-28T01:05:01.354+0100 [DEBUG] provider.terraform-provider-aws_v6.50.0_x5.exe: HTTP Request Sent: http.request.header.x_amz_date=20260928T000501Z @module=aws http.request.body="***" http.request.header.x_amz_content_sha256=e3b0c44298fc1c149afbf4c8996fb92427ae41e4649b934ca495991b7852b855 http.user_agent="APN/1.0 HashiCorp/1.0 Terraform/1.15.3 (+https://www.terraform.io) terraform-provider-aws/6.50.0 (+https://registry.terraform.io/providers/hashicorp/aws) aws-sdk-go-v2/1.42.0 ua/2.1 os/windows lang/go#1.26.3 md/GOOS#windows md/GOARCH#amd64 api/s3#1.103.3 m/n" tf_provider_addr=registry.terraform.io/hashicorp/aws @caller=github.com/hashicorp/aws-sdk-go-base/v2@v2.0.0-beta.73/logging/tf_logger.go:45 http.request.header.accept_encoding=identity net.peer.name=edgar-fitness-terraform-state.s3.eu-west-1.amazonaws.com tf_req_id=8a57d012-3cb8-6dab-8ffc-f5ef6fadaca9 tf_resource_type=aws_s3_bucket_server_side_encryption_configuration http.method=GET http.request.header.amz_sdk_invocation_id=64f1d7cd-7fd4-478c-b99a-0ef5a0f4a840 http.request.header.authorization="AWS4-HMAC-SHA256 Credential=AKIA************SZUM/20260928/eu-west-1/s3/aws4_request, SignedHeaders=accept-encoding;amz-sdk-invocation-id;amz-sdk-request;host;x-amz-content-sha256;x-amz-date, Signature=*****" http.url=https://edgar-fitness-terraform-state.s3.eu-west-1.amazonaws.com/?encryption= rpc.method=S3/GetBucketEncryption tf_mux_provider="*schema.GRPCProviderServer" aws.region=eu-west-1 http.request.header.amz_sdk_request="attempt=1; max=25" rpc.system.name=aws-api tf_aws.sdk=aws-sdk-go-v2 tf_aws.signing_region="" tf_rpc=ReadResource timestamp="2026-09-28T01:05:01.354+0100"
2026-09-28T01:05:01.393+0100 [DEBUG] provider.terraform-provider-aws_v6.50.0_x5.exe: HTTP Response Received: http.response.header.x_amz_id_2="30phkU6DQfyYq+G19WsgjL/YtglITyJt6v89sCmpEdHS/fPyNCXz8ejQXHn4PyYQzid6rdpjguLo7Jn760q93bUw/88TT/Ah" tf_provider_addr=registry.terraform.io/hashicorp/aws tf_resource_type=aws_s3_bucket_public_access_block http.status_code=200 rpc.system.name=aws-api tf_aws.signing_region="" http.duration=90 http.response.body="***" http.response.header.date="Mon, 28 Sep 2026 00:05:02 GMT" http.response.header.server=AmazonS3 rpc.method=S3/GetPublicAccessBlock tf_mux_provider="*schema.GRPCProviderServer" http.response.header.x_amz_request_id=YFJXBQQCRFJJXYRT tf_aws.sdk=aws-sdk-go-v2 tf_req_id=bb1ba5d4-4421-0f8f-4ad4-cfcc364bd7b1 tf_rpc=ReadResource @caller=github.com/hashicorp/aws-sdk-go-base/v2@v2.0.0-beta.73/logging/tf_logger.go:45 @module=aws aws.region=eu-west-1 timestamp="2026-09-28T01:05:01.392+0100"
2026-09-28T01:05:01.519+0100 [DEBUG] provider.terraform-provider-aws_v6.50.0_x5.exe: HTTP Response Received: http.response.body="***" tf_aws.sdk=aws-sdk-go-v2 @module=aws aws.region=eu-west-1 http.duration=154 rpc.method=S3/GetBucketEncryption rpc.system.name=aws-api tf_provider_addr=registry.terraform.io/hashicorp/aws tf_req_id=8a57d012-3cb8-6dab-8ffc-f5ef6fadaca9 http.response.header.date="Mon, 28 Sep 2026 00:05:02 GMT" http.response.header.server=AmazonS3 http.response.header.x_amz_id_2="o0eivyIwgI93o5a+RSCOQM5l+yEzFXlVbvki9rIUjUp8rnSn6SPw18ixUoR0ZFBSFOEr2GvcFj6Vb8le5EExsYyOYmU68PLi" http.response.header.x_amz_request_id=YFJT1C7J39NMTA3J http.status_code=200 tf_aws.signing_region="" tf_resource_type=aws_s3_bucket_server_side_encryption_configuration tf_rpc=ReadResource tf_mux_provider="*schema.GRPCProviderServer" @caller=github.com/hashicorp/aws-sdk-go-base/v2@v2.0.0-beta.73/logging/tf_logger.go:45 timestamp="2026-09-28T01:05:01.518+0100"
2026-09-28T01:05:01.551+0100 [WARN]  Provider "registry.terraform.io/hashicorp/aws" produced an invalid plan for module.s3.aws_s3_bucket_server_side_encryption_configuration.terraform_state, but we are tolerating it because it is using the legacy plugin SDK.
    The following problems may be the cause of any confusing errors from downstream operations:
      - .expected_bucket_owner: planned value cty.StringVal("") for a non-computed attribute
2026-09-28T01:05:02.218+0100 [DEBUG] provider.terraform-provider-aws_v6.50.0_x5.exe: HTTP Request Sent: http.request.header.x_amz_content_sha256=e3b0c44298fc1c149afbf4c8996fb92427ae41e4649b934ca495991b7852b855 @caller=github.com/hashicorp/aws-sdk-go-base/v2@v2.0.0-beta.73/logging/tf_logger.go:45 http.method=GET http.request.body="***" http.request.header.amz_sdk_request="attempt=1; max=25; ttl=20260928T010701Z" http.user_agent="APN/1.0 HashiCorp/1.0 Terraform/1.15.3 (+https://www.terraform.io) terraform-provider-aws/6.50.0 (+https://registry.terraform.io/providers/hashicorp/aws) aws-sdk-go-v2/1.42.0 ua/2.1 os/windows lang/go#1.26.3 md/GOOS#windows md/GOARCH#amd64 api/s3#1.103.3 m/n" tf_aws.sdk=aws-sdk-go-v2 tf_provider_addr=registry.terraform.io/hashicorp/aws aws.region=eu-west-1 http.request.header.amz_sdk_invocation_id=6f3a5269-0b5f-43b9-9c2d-6ee870a75ac7 http.request.header.x_amz_date=20260928T000502Z rpc.method=S3/GetBucketVersioning tf_aws.signing_region="" tf_resource_type=aws_s3_bucket_versioning tf_rpc=ReadResource http.request.header.authorization="AWS4-HMAC-SHA256 Credential=AKIA************SZUM/20260928/eu-west-1/s3/aws4_request, SignedHeaders=accept-encoding;amz-sdk-invocation-id;amz-sdk-request;host;x-amz-content-sha256;x-amz-date, Signature=*****" http.url=https://edgar-fitness-terraform-state.s3.eu-west-1.amazonaws.com/?versioning= net.peer.name=edgar-fitness-terraform-state.s3.eu-west-1.amazonaws.com rpc.system.name=aws-api tf_mux_provider="*schema.GRPCProviderServer" @module=aws http.request.header.accept_encoding=identity tf_req_id=d7ae072a-10a0-c237-36ff-50f0d2769a2f timestamp="2026-09-28T01:05:02.218+0100"
2026-09-28T01:05:02.723+0100 [DEBUG] provider.terraform-provider-aws_v6.50.0_x5.exe: HTTP Response Received: http.response.header.x_amz_request_id=667K6ACGNRRTT9ZY tf_req_id=d7ae072a-10a0-c237-36ff-50f0d2769a2f tf_resource_type=aws_s3_bucket_versioning aws.region=eu-west-1 http.response.header.server=AmazonS3 http.status_code=200 tf_aws.signing_region="" tf_mux_provider="*schema.GRPCProviderServer" @module=aws http.duration=504 http.response.body="***" http.response.header.x_amz_id_2="F/StE3NjY2itzxVioaraPgBxai3314krdF8NlOXF+JDVMh9jaCtzk5q8EVgTWqNNx/ny09KD1mtaUginiTQiEIYwIpL2Oir4" tf_aws.sdk=aws-sdk-go-v2 tf_rpc=ReadResource @caller=github.com/hashicorp/aws-sdk-go-base/v2@v2.0.0-beta.73/logging/tf_logger.go:45 http.response.header.date="Mon, 28 Sep 2026 00:05:03 GMT" rpc.method=S3/GetBucketVersioning rpc.system.name=aws-api tf_provider_addr=registry.terraform.io/hashicorp/aws timestamp="2026-09-28T01:05:02.723+0100"
2026-09-28T01:05:02.826+0100 [DEBUG] provider.terraform-provider-aws_v6.50.0_x5.exe: HTTP Request Sent: http.request.body="***" rpc.method=S3/GetBucketVersioning rpc.system.name=aws-api tf_provider_addr=registry.terraform.io/hashicorp/aws http.url=https://edgar-fitness-terraform-state.s3.eu-west-1.amazonaws.com/?versioning= net.peer.name=edgar-fitness-terraform-state.s3.eu-west-1.amazonaws.com tf_aws.signing_region="" tf_rpc=ReadResource http.method=GET http.request.header.accept_encoding=identity http.request.header.amz_sdk_request="attempt=1; max=25; ttl=20260928T010701Z" tf_resource_type=aws_s3_bucket_versioning http.request.header.amz_sdk_invocation_id=33b57b19-93b9-47e2-8062-dc9db088a74f http.request.header.authorization="AWS4-HMAC-SHA256 Credential=AKIA************SZUM/20260928/eu-west-1/s3/aws4_request, SignedHeaders=accept-encoding;amz-sdk-invocation-id;amz-sdk-request;host;x-amz-content-sha256;x-amz-date, Signature=*****" http.request.header.x_amz_content_sha256=e3b0c44298fc1c149afbf4c8996fb92427ae41e4649b934ca495991b7852b855 http.request.header.x_amz_date=20260928T000503Z http.user_agent="APN/1.0 HashiCorp/1.0 Terraform/1.15.3 (+https://www.terraform.io) terraform-provider-aws/6.50.0 (+https://registry.terraform.io/providers/hashicorp/aws) aws-sdk-go-v2/1.42.0 ua/2.1 os/windows lang/go#1.26.3 md/GOOS#windows md/GOARCH#amd64 api/s3#1.103.3 m/n" tf_aws.sdk=aws-sdk-go-v2 tf_mux_provider="*schema.GRPCProviderServer" tf_req_id=d7ae072a-10a0-c237-36ff-50f0d2769a2f @caller=github.com/hashicorp/aws-sdk-go-base/v2@v2.0.0-beta.73/logging/tf_logger.go:45 @module=aws aws.region=eu-west-1 timestamp="2026-09-28T01:05:02.825+0100"
2026-09-28T01:05:03.646+0100 [DEBUG] provider.terraform-provider-aws_v6.50.0_x5.exe: HTTP Response Received: http.duration=819 tf_aws.sdk=aws-sdk-go-v2 tf_req_id=d7ae072a-10a0-c237-36ff-50f0d2769a2f tf_resource_type=aws_s3_bucket_versioning http.response.header.x_amz_request_id=VG1M2PRHYZQKG9YF http.status_code=200 rpc.method=S3/GetBucketVersioning aws.region=eu-west-1 http.response.header.date="Mon, 28 Sep 2026 00:05:04 GMT" @module=aws http.response.body="***" http.response.header.server=AmazonS3 rpc.system.name=aws-api tf_aws.signing_region="" tf_mux_provider="*schema.GRPCProviderServer" tf_provider_addr=registry.terraform.io/hashicorp/aws tf_rpc=ReadResource @caller=github.com/hashicorp/aws-sdk-go-base/v2@v2.0.0-beta.73/logging/tf_logger.go:45 http.response.header.x_amz_id_2="i7e8Gkjp/t0z8WlDG7zv1seZvGOfFQReV2MP2tCI9QDWkVteesYrlNJhLkhtgjZ6HAfQzO8+hd6KVPaE2WFqXqOFGWwIvgLU" timestamp="2026-09-28T01:05:03.645+0100"
2026-09-28T01:05:03.749+0100 [DEBUG] provider.terraform-provider-aws_v6.50.0_x5.exe: HTTP Request Sent: tf_mux_provider="*schema.GRPCProviderServer" tf_resource_type=aws_s3_bucket_versioning @caller=github.com/hashicorp/aws-sdk-go-base/v2@v2.0.0-beta.73/logging/tf_logger.go:45 http.request.header.amz_sdk_request="attempt=1; max=25; ttl=20260928T010701Z" http.request.header.x_amz_content_sha256=e3b0c44298fc1c149afbf4c8996fb92427ae41e4649b934ca495991b7852b855 http.user_agent="APN/1.0 HashiCorp/1.0 Terraform/1.15.3 (+https://www.terraform.io) terraform-provider-aws/6.50.0 (+https://registry.terraform.io/providers/hashicorp/aws) aws-sdk-go-v2/1.42.0 ua/2.1 os/windows lang/go#1.26.3 md/GOOS#windows md/GOARCH#amd64 api/s3#1.103.3 m/n" net.peer.name=edgar-fitness-terraform-state.s3.eu-west-1.amazonaws.com rpc.system.name=aws-api tf_aws.sdk=aws-sdk-go-v2 aws.region=eu-west-1 http.request.header.authorization="AWS4-HMAC-SHA256 Credential=AKIA************SZUM/20260928/eu-west-1/s3/aws4_request, SignedHeaders=accept-encoding;amz-sdk-invocation-id;amz-sdk-request;host;x-amz-content-sha256;x-amz-date, Signature=*****" http.url=https://edgar-fitness-terraform-state.s3.eu-west-1.amazonaws.com/?versioning= tf_req_id=d7ae072a-10a0-c237-36ff-50f0d2769a2f tf_rpc=ReadResource @module=aws http.method=GET rpc.method=S3/GetBucketVersioning tf_aws.signing_region="" tf_provider_addr=registry.terraform.io/hashicorp/aws http.request.body="***" http.request.header.accept_encoding=identity http.request.header.amz_sdk_invocation_id=834f0fdb-28aa-4113-948e-aa842b901645 http.request.header.x_amz_date=20260928T000504Z timestamp="2026-09-28T01:05:03.748+0100"
2026-09-28T01:05:04.583+0100 [DEBUG] provider.terraform-provider-aws_v6.50.0_x5.exe: HTTP Response Received: @caller=github.com/hashicorp/aws-sdk-go-base/v2@v2.0.0-beta.73/logging/tf_logger.go:45 rpc.system.name=aws-api tf_provider_addr=registry.terraform.io/hashicorp/aws tf_resource_type=aws_s3_bucket_versioning tf_rpc=ReadResource http.response.header.date="Mon, 28 Sep 2026 00:05:05 GMT" http.response.header.server=AmazonS3 http.response.header.x_amz_request_id=FCPPPW01EZRA4580 http.status_code=200 rpc.method=S3/GetBucketVersioning tf_mux_provider="*schema.GRPCProviderServer" tf_req_id=d7ae072a-10a0-c237-36ff-50f0d2769a2f @module=aws aws.region=eu-west-1 http.duration=833 http.response.header.x_amz_id_2="QoNxTx6BffhBxd//0sx9U2o4L+E2iBYcpj9Ou12G3ZJyUxLf+Hka2PcYWzbmeCOP4D9zrRK6qC3JzkMEs2sXLiy3JYfl5TYA" tf_aws.sdk=aws-sdk-go-v2 tf_aws.signing_region="" http.response.body="***" timestamp="2026-09-28T01:05:04.583+0100"
2026-09-28T01:05:04.591+0100 [WARN]  Provider "registry.terraform.io/hashicorp/aws" produced an invalid plan for module.s3.aws_s3_bucket_versioning.terraform_state, but we are tolerating it because it is using the legacy plugin SDK.
    The following problems may be the cause of any confusing errors from downstream operations:
      - .expected_bucket_owner: planned value cty.StringVal("") for a non-computed attribute
2026-09-28T01:05:04.594+0100 [DEBUG] provider.stdio: received EOF, stopping recv loop: err="rpc error: code = Unavailable desc = error reading from server: EOF"
2026-09-28T01:05:04.635+0100 [INFO]  provider: plugin process exited: plugin=.terraform/providers/registry.terraform.io/hashicorp/aws/6.50.0/windows_amd64/terraform-provider-aws_v6.50.0_x5.exe id=13100
2026-09-28T01:05:04.635+0100 [DEBUG] provider: plugin exited
2026-09-28T01:05:04.682+0100 [DEBUG] building apply graph to check for errors
2026-09-28T01:05:04.796+0100 [DEBUG] ProviderTransformer: "module.iam.aws_iam_role_policy_attachment.bootstrap (expand)" (*terraform.nodeExpandApplyableResource) needs provider["registry.terraform.io/hashicorp/aws"]
2026-09-28T01:05:04.796+0100 [DEBUG] ProviderTransformer: "module.iam.aws_iam_role_policy_attachment.terraform_ecs (expand)" (*terraform.nodeExpandApplyableResource) needs provider["registry.terraform.io/hashicorp/aws"]
2026-09-28T01:05:04.796+0100 [DEBUG] ProviderTransformer: "module.iam.aws_iam_role_policy_attachment.terraform_logs (expand)" (*terraform.nodeExpandApplyableResource) needs provider["registry.terraform.io/hashicorp/aws"]
2026-09-28T01:05:04.796+0100 [DEBUG] ProviderTransformer: "module.s3.aws_s3_bucket_server_side_encryption_configuration.terraform_state (expand)" (*terraform.nodeExpandApplyableResource) needs provider["registry.terraform.io/hashicorp/aws"]
2026-09-28T01:05:04.796+0100 [DEBUG] ProviderTransformer: "module.s3.aws_s3_bucket_public_access_block.terraform_state (expand)" (*terraform.nodeExpandApplyableResource) needs provider["registry.terraform.io/hashicorp/aws"]
2026-09-28T01:05:04.796+0100 [DEBUG] ProviderTransformer: "aws_iam_openid_connect_provider.github (expand)" (*terraform.nodeExpandApplyableResource) needs provider["registry.terraform.io/hashicorp/aws"]
2026-09-28T01:05:04.796+0100 [DEBUG] ProviderTransformer: "module.s3.aws_dynamodb_table.terraform_lock (expand)" (*terraform.nodeExpandApplyableResource) needs provider["registry.terraform.io/hashicorp/aws"]
2026-09-28T01:05:04.796+0100 [DEBUG] ProviderTransformer: "module.iam.aws_iam_role.github_bootstrap_role (expand)" (*terraform.nodeExpandApplyableResource) needs provider["registry.terraform.io/hashicorp/aws"]
2026-09-28T01:05:04.796+0100 [DEBUG] ProviderTransformer: "module.iam.aws_iam_role_policy_attachment.terraform_ecr (expand)" (*terraform.nodeExpandApplyableResource) needs provider["registry.terraform.io/hashicorp/aws"]
2026-09-28T01:05:04.796+0100 [DEBUG] ProviderTransformer: "module.s3.aws_s3_bucket.terraform_state (expand)" (*terraform.nodeExpandApplyableResource) needs provider["registry.terraform.io/hashicorp/aws"]
2026-09-28T01:05:04.796+0100 [DEBUG] ProviderTransformer: "module.iam.aws_iam_policy.terraform_ec2 (expand)" (*terraform.nodeExpandApplyableResource) needs provider["registry.terraform.io/hashicorp/aws"]
2026-09-28T01:05:04.796+0100 [DEBUG] ProviderTransformer: "module.iam.aws_iam_policy.terraform_ecs (expand)" (*terraform.nodeExpandApplyableResource) needs provider["registry.terraform.io/hashicorp/aws"]
2026-09-28T01:05:04.796+0100 [DEBUG] ProviderTransformer: "module.iam.aws_iam_policy.terraform_bootstrap (expand)" (*terraform.nodeExpandApplyableResource) needs provider["registry.terraform.io/hashicorp/aws"]
2026-09-28T01:05:04.796+0100 [DEBUG] ProviderTransformer: "data.aws_iam_policy_document.github_oidc_assume (expand)" (*terraform.nodeExpandApplyableResource) needs provider["registry.terraform.io/hashicorp/aws"]
2026-09-28T01:05:04.796+0100 [DEBUG] ProviderTransformer: "module.s3.aws_s3_bucket_versioning.terraform_state (expand)" (*terraform.nodeExpandApplyableResource) needs provider["registry.terraform.io/hashicorp/aws"]
2026-09-28T01:05:04.796+0100 [DEBUG] ProviderTransformer: "module.iam.aws_iam_policy.terraform_ecs" (*terraform.NodeApplyableResourceInstance) needs provider["registry.terraform.io/hashicorp/aws"]
2026-09-28T01:05:04.796+0100 [DEBUG] ProviderTransformer: "module.iam.aws_iam_policy.terraform_ecr (expand)" (*terraform.nodeExpandApplyableResource) needs provider["registry.terraform.io/hashicorp/aws"]
2026-09-28T01:05:04.796+0100 [DEBUG] ProviderTransformer: "module.iam.aws_iam_policy.terraform_logs (expand)" (*terraform.nodeExpandApplyableResource) needs provider["registry.terraform.io/hashicorp/aws"]
2026-09-28T01:05:04.796+0100 [DEBUG] ProviderTransformer: "module.iam.aws_iam_role_policy_attachment.terraform_ec2 (expand)" (*terraform.nodeExpandApplyableResource) needs provider["registry.terraform.io/hashicorp/aws"]
2026-09-28T01:05:04.796+0100 [DEBUG] ReferenceTransformer: "module.iam.output.github_bootstrap_role_arn (expand)" references: [module.iam.aws_iam_role.github_bootstrap_role (expand)]
2026-09-28T01:05:04.796+0100 [DEBUG] ReferenceTransformer: "output.github_bootstrap_role_arn (expand)" references: [module.iam.output.github_bootstrap_role_arn (expand)]
2026-09-28T01:05:04.796+0100 [DEBUG] ReferenceTransformer: "aws_iam_openid_connect_provider.github (expand)" references: []
2026-09-28T01:05:04.796+0100 [DEBUG] ReferenceTransformer: "module.iam.aws_iam_role_policy_attachment.terraform_ecs (expand)" references: [module.iam.aws_iam_policy.terraform_ecs module.iam.aws_iam_policy.terraform_ecs module.iam.aws_iam_policy.terraform_ecs (expand) module.iam.aws_iam_role.github_bootstrap_role (expand)]
2026-09-28T01:05:04.796+0100 [DEBUG] ReferenceTransformer: "output.s3_bucket_name (expand)" references: [module.s3.output.bucket_name (expand)]
2026-09-28T01:05:04.796+0100 [DEBUG] ReferenceTransformer: "data.aws_iam_policy_document.github_oidc_assume (expand)" references: [aws_iam_openid_connect_provider.github (expand) var.github_repository_subject]
2026-09-28T01:05:04.796+0100 [DEBUG] ReferenceTransformer: "module.iam.aws_iam_role_policy_attachment.terraform_logs (expand)" references: [module.iam.aws_iam_role.github_bootstrap_role (expand) module.iam.aws_iam_policy.terraform_logs (expand)]
2026-09-28T01:05:04.796+0100 [DEBUG] ReferenceTransformer: "module.s3.aws_s3_bucket_server_side_encryption_configuration.terraform_state (expand)" references: [module.s3.aws_s3_bucket.terraform_state (expand)]
2026-09-28T01:05:04.796+0100 [DEBUG] ReferenceTransformer: "module.s3.aws_s3_bucket_versioning.terraform_state (expand)" references: [module.s3.aws_s3_bucket.terraform_state (expand)]
2026-09-28T01:05:04.796+0100 [DEBUG] ReferenceTransformer: "module.s3 (close)" references: []
2026-09-28T01:05:04.796+0100 [DEBUG] ReferenceTransformer: "module.iam.aws_iam_policy.terraform_logs (expand)" references: []
2026-09-28T01:05:04.796+0100 [DEBUG] ReferenceTransformer: "module.s3.aws_dynamodb_table.terraform_lock (expand)" references: [module.s3.var.bucket_name (expand)]
2026-09-28T01:05:04.796+0100 [DEBUG] ReferenceTransformer: "module.s3.aws_s3_bucket_public_access_block.terraform_state (expand)" references: [module.s3.aws_s3_bucket.terraform_state (expand)]
2026-09-28T01:05:04.796+0100 [DEBUG] ReferenceTransformer: "var.bucket_name" references: []
2026-09-28T01:05:04.796+0100 [DEBUG] ReferenceTransformer: "module.s3 (expand)" references: []
2026-09-28T01:05:04.796+0100 [DEBUG] ReferenceTransformer: "module.iam.aws_iam_role.github_bootstrap_role (expand)" references: [module.iam.var.github_oidc_assume_json (expand)]
2026-09-28T01:05:04.796+0100 [DEBUG] ReferenceTransformer: "module.iam.aws_iam_role_policy_attachment.terraform_ecr (expand)" references: [module.iam.aws_iam_policy.terraform_ecr (expand) module.iam.aws_iam_role.github_bootstrap_role (expand)]
2026-09-28T01:05:04.796+0100 [DEBUG] ReferenceTransformer: "module.s3.aws_s3_bucket.terraform_state (expand)" references: [module.s3.var.bucket_name (expand)]
2026-09-28T01:05:04.796+0100 [DEBUG] ReferenceTransformer: "module.iam.aws_iam_policy.terraform_ecs" references: []
2026-09-28T01:05:04.796+0100 [DEBUG] ReferenceTransformer: "module.iam (expand)" references: []
2026-09-28T01:05:04.796+0100 [DEBUG] ReferenceTransformer: "module.iam (close)" references: []
2026-09-28T01:05:04.796+0100 [DEBUG] ReferenceTransformer: "module.iam.aws_iam_policy.terraform_ec2 (expand)" references: []
2026-09-28T01:05:04.796+0100 [DEBUG] ReferenceTransformer: "module.iam.aws_iam_policy.terraform_ecs (expand)" references: []
2026-09-28T01:05:04.796+0100 [DEBUG] ReferenceTransformer: "module.iam.aws_iam_policy.terraform_bootstrap (expand)" references: []
2026-09-28T01:05:04.796+0100 [DEBUG] ReferenceTransformer: "provider[\"registry.terraform.io/hashicorp/aws\"]" references: [var.region]
2026-09-28T01:05:04.796+0100 [DEBUG] ReferenceTransformer: "module.iam.aws_iam_role_policy_attachment.terraform_ec2 (expand)" references: [module.iam.aws_iam_policy.terraform_ec2 (expand) module.iam.aws_iam_role.github_bootstrap_role (expand)]
2026-09-28T01:05:04.796+0100 [DEBUG] ReferenceTransformer: "module.iam.aws_iam_policy.terraform_ecr (expand)" references: []
2026-09-28T01:05:04.796+0100 [DEBUG] ReferenceTransformer: "module.iam.var.github_oidc_assume_json (expand)" references: [data.aws_iam_policy_document.github_oidc_assume (expand)]
2026-09-28T01:05:04.796+0100 [DEBUG] ReferenceTransformer: "module.s3.output.dynamodb_table_name (expand)" references: [module.s3.aws_dynamodb_table.terraform_lock (expand)]
2026-09-28T01:05:04.796+0100 [DEBUG] ReferenceTransformer: "var.region" references: []
2026-09-28T01:05:04.796+0100 [DEBUG] ReferenceTransformer: "var.github_repository_subject" references: []
2026-09-28T01:05:04.796+0100 [DEBUG] ReferenceTransformer: "module.s3.var.bucket_name (expand)" references: [var.bucket_name]
2026-09-28T01:05:04.796+0100 [DEBUG] ReferenceTransformer: "module.s3.output.bucket_name (expand)" references: [module.s3.aws_s3_bucket.terraform_state (expand)]
2026-09-28T01:05:04.796+0100 [DEBUG] ReferenceTransformer: "module.iam.aws_iam_role_policy_attachment.bootstrap (expand)" references: [module.iam.aws_iam_policy.terraform_bootstrap (expand) module.iam.aws_iam_role.github_bootstrap_role (expand)]
2026-09-28T01:05:05.589+0100 [DEBUG] command: asking for input: "\nDo you want to perform these actions?"
2026-09-28T01:06:40.725+0100 [INFO]  backend/local: apply calling Apply
2026-09-28T01:06:40.725+0100 [DEBUG] Building and walking apply graph for NormalMode plan
2026-09-28T01:06:40.726+0100 [DEBUG] ProviderTransformer: "module.iam.aws_iam_role_policy_attachment.terraform_ec2 (expand)" (*terraform.nodeExpandApplyableResource) needs provider["registry.terraform.io/hashicorp/aws"]
2026-09-28T01:06:40.726+0100 [DEBUG] ProviderTransformer: "module.iam.aws_iam_role_policy_attachment.terraform_logs (expand)" (*terraform.nodeExpandApplyableResource) needs provider["registry.terraform.io/hashicorp/aws"]
2026-09-28T01:06:40.726+0100 [DEBUG] ProviderTransformer: "module.iam.aws_iam_policy.terraform_ecr (expand)" (*terraform.nodeExpandApplyableResource) needs provider["registry.terraform.io/hashicorp/aws"]
2026-09-28T01:06:40.726+0100 [DEBUG] ProviderTransformer: "data.aws_iam_policy_document.github_oidc_assume (expand)" (*terraform.nodeExpandApplyableResource) needs provider["registry.terraform.io/hashicorp/aws"]
2026-09-28T01:06:40.726+0100 [DEBUG] ProviderTransformer: "module.s3.aws_s3_bucket.terraform_state (expand)" (*terraform.nodeExpandApplyableResource) needs provider["registry.terraform.io/hashicorp/aws"]
2026-09-28T01:06:40.726+0100 [DEBUG] ProviderTransformer: "module.iam.aws_iam_role_policy_attachment.terraform_ecr (expand)" (*terraform.nodeExpandApplyableResource) needs provider["registry.terraform.io/hashicorp/aws"]
2026-09-28T01:06:40.726+0100 [DEBUG] ProviderTransformer: "module.s3.aws_s3_bucket_public_access_block.terraform_state (expand)" (*terraform.nodeExpandApplyableResource) needs provider["registry.terraform.io/hashicorp/aws"]
2026-09-28T01:06:40.726+0100 [DEBUG] ProviderTransformer: "module.s3.aws_s3_bucket_versioning.terraform_state (expand)" (*terraform.nodeExpandApplyableResource) needs provider["registry.terraform.io/hashicorp/aws"]
2026-09-28T01:06:40.726+0100 [DEBUG] ProviderTransformer: "module.iam.aws_iam_policy.terraform_ecs" (*terraform.NodeApplyableResourceInstance) needs provider["registry.terraform.io/hashicorp/aws"]
2026-09-28T01:06:40.726+0100 [DEBUG] ProviderTransformer: "module.iam.aws_iam_policy.terraform_logs (expand)" (*terraform.nodeExpandApplyableResource) needs provider["registry.terraform.io/hashicorp/aws"]
2026-09-28T01:06:40.726+0100 [DEBUG] ProviderTransformer: "module.iam.aws_iam_policy.terraform_bootstrap (expand)" (*terraform.nodeExpandApplyableResource) needs provider["registry.terraform.io/hashicorp/aws"]
2026-09-28T01:06:40.726+0100 [DEBUG] ProviderTransformer: "module.iam.aws_iam_role_policy_attachment.terraform_ecs (expand)" (*terraform.nodeExpandApplyableResource) needs provider["registry.terraform.io/hashicorp/aws"]
2026-09-28T01:06:40.726+0100 [DEBUG] ProviderTransformer: "module.s3.aws_dynamodb_table.terraform_lock (expand)" (*terraform.nodeExpandApplyableResource) needs provider["registry.terraform.io/hashicorp/aws"]
2026-09-28T01:06:40.726+0100 [DEBUG] ProviderTransformer: "module.iam.aws_iam_role_policy_attachment.bootstrap (expand)" (*terraform.nodeExpandApplyableResource) needs provider["registry.terraform.io/hashicorp/aws"]
2026-09-28T01:06:40.726+0100 [DEBUG] ProviderTransformer: "module.iam.aws_iam_role.github_bootstrap_role (expand)" (*terraform.nodeExpandApplyableResource) needs provider["registry.terraform.io/hashicorp/aws"]
2026-09-28T01:06:40.726+0100 [DEBUG] ProviderTransformer: "module.iam.aws_iam_policy.terraform_ec2 (expand)" (*terraform.nodeExpandApplyableResource) needs provider["registry.terraform.io/hashicorp/aws"]
2026-09-28T01:06:40.726+0100 [DEBUG] ProviderTransformer: "aws_iam_openid_connect_provider.github (expand)" (*terraform.nodeExpandApplyableResource) needs provider["registry.terraform.io/hashicorp/aws"]
2026-09-28T01:06:40.726+0100 [DEBUG] ProviderTransformer: "module.iam.aws_iam_policy.terraform_ecs (expand)" (*terraform.nodeExpandApplyableResource) needs provider["registry.terraform.io/hashicorp/aws"]
2026-09-28T01:06:40.726+0100 [DEBUG] ProviderTransformer: "module.s3.aws_s3_bucket_server_side_encryption_configuration.terraform_state (expand)" (*terraform.nodeExpandApplyableResource) needs provider["registry.terraform.io/hashicorp/aws"]
2026-09-28T01:06:40.727+0100 [DEBUG] ReferenceTransformer: "module.iam.aws_iam_role_policy_attachment.terraform_logs (expand)" references: [module.iam.aws_iam_policy.terraform_logs (expand) module.iam.aws_iam_role.github_bootstrap_role (expand)]
2026-09-28T01:06:40.727+0100 [DEBUG] ReferenceTransformer: "module.iam.aws_iam_role_policy_attachment.terraform_ecs (expand)" references: [module.iam.aws_iam_role.github_bootstrap_role (expand) module.iam.aws_iam_policy.terraform_ecs (expand) module.iam.aws_iam_policy.terraform_ecs module.iam.aws_iam_policy.terraform_ecs]
2026-09-28T01:06:40.727+0100 [DEBUG] ReferenceTransformer: "module.iam.aws_iam_policy.terraform_ec2 (expand)" references: []
2026-09-28T01:06:40.727+0100 [DEBUG] ReferenceTransformer: "var.bucket_name" references: []
2026-09-28T01:06:40.727+0100 [DEBUG] ReferenceTransformer: "module.iam (close)" references: []
2026-09-28T01:06:40.727+0100 [DEBUG] ReferenceTransformer: "module.s3.aws_dynamodb_table.terraform_lock (expand)" references: [module.s3.var.bucket_name (expand)]
2026-09-28T01:06:40.727+0100 [DEBUG] ReferenceTransformer: "module.s3.aws_s3_bucket_versioning.terraform_state (expand)" references: [module.s3.aws_s3_bucket.terraform_state (expand)]
2026-09-28T01:06:40.727+0100 [DEBUG] ReferenceTransformer: "var.region" references: []
2026-09-28T01:06:40.727+0100 [DEBUG] ReferenceTransformer: "module.iam.var.github_oidc_assume_json (expand)" references: [data.aws_iam_policy_document.github_oidc_assume (expand)]
2026-09-28T01:06:40.727+0100 [DEBUG] ReferenceTransformer: "output.github_bootstrap_role_arn (expand)" references: [module.iam.output.github_bootstrap_role_arn (expand)]
2026-09-28T01:06:40.728+0100 [DEBUG] ReferenceTransformer: "aws_iam_openid_connect_provider.github (expand)" references: []
2026-09-28T01:06:40.728+0100 [DEBUG] ReferenceTransformer: "module.iam.aws_iam_policy.terraform_ecr (expand)" references: []
2026-09-28T01:06:40.728+0100 [DEBUG] ReferenceTransformer: "module.iam.aws_iam_policy.terraform_ecs (expand)" references: []
2026-09-28T01:06:40.728+0100 [DEBUG] ReferenceTransformer: "module.s3.var.bucket_name (expand)" references: [var.bucket_name]
2026-09-28T01:06:40.728+0100 [DEBUG] ReferenceTransformer: "output.s3_bucket_name (expand)" references: [module.s3.output.bucket_name (expand)]
2026-09-28T01:06:40.728+0100 [DEBUG] ReferenceTransformer: "module.iam (expand)" references: []
2026-09-28T01:06:40.728+0100 [DEBUG] ReferenceTransformer: "module.iam.output.github_bootstrap_role_arn (expand)" references: [module.iam.aws_iam_role.github_bootstrap_role (expand)]
2026-09-28T01:06:40.728+0100 [DEBUG] ReferenceTransformer: "module.s3.output.dynamodb_table_name (expand)" references: [module.s3.aws_dynamodb_table.terraform_lock (expand)]
2026-09-28T01:06:40.728+0100 [DEBUG] ReferenceTransformer: "data.aws_iam_policy_document.github_oidc_assume (expand)" references: [aws_iam_openid_connect_provider.github (expand) var.github_repository_subject]
2026-09-28T01:06:40.728+0100 [DEBUG] ReferenceTransformer: "module.iam.aws_iam_role_policy_attachment.bootstrap (expand)" references: [module.iam.aws_iam_policy.terraform_bootstrap (expand) module.iam.aws_iam_role.github_bootstrap_role (expand)]
2026-09-28T01:06:40.728+0100 [DEBUG] ReferenceTransformer: "module.iam.aws_iam_role.github_bootstrap_role (expand)" references: [module.iam.var.github_oidc_assume_json (expand)]
2026-09-28T01:06:40.728+0100 [DEBUG] ReferenceTransformer: "var.github_repository_subject" references: []
2026-09-28T01:06:40.728+0100 [DEBUG] ReferenceTransformer: "module.iam.aws_iam_policy.terraform_ecs" references: []
2026-09-28T01:06:40.728+0100 [DEBUG] ReferenceTransformer: "module.s3 (expand)" references: []
2026-09-28T01:06:40.728+0100 [DEBUG] ReferenceTransformer: "module.s3.aws_s3_bucket.terraform_state (expand)" references: [module.s3.var.bucket_name (expand)]
2026-09-28T01:06:40.728+0100 [DEBUG] ReferenceTransformer: "module.iam.aws_iam_policy.terraform_logs (expand)" references: []
2026-09-28T01:06:40.728+0100 [DEBUG] ReferenceTransformer: "module.iam.aws_iam_policy.terraform_bootstrap (expand)" references: []
2026-09-28T01:06:40.728+0100 [DEBUG] ReferenceTransformer: "module.iam.aws_iam_role_policy_attachment.terraform_ecr (expand)" references: [module.iam.aws_iam_role.github_bootstrap_role (expand) module.iam.aws_iam_policy.terraform_ecr (expand)]
2026-09-28T01:06:40.728+0100 [DEBUG] ReferenceTransformer: "module.s3 (close)" references: []
2026-09-28T01:06:40.728+0100 [DEBUG] ReferenceTransformer: "module.s3.aws_s3_bucket_server_side_encryption_configuration.terraform_state (expand)" references: [module.s3.aws_s3_bucket.terraform_state (expand)]
2026-09-28T01:06:40.728+0100 [DEBUG] ReferenceTransformer: "module.s3.aws_s3_bucket_public_access_block.terraform_state (expand)" references: [module.s3.aws_s3_bucket.terraform_state (expand)]
2026-09-28T01:06:40.728+0100 [DEBUG] ReferenceTransformer: "module.iam.aws_iam_role_policy_attachment.terraform_ec2 (expand)" references: [module.iam.aws_iam_role.github_bootstrap_role (expand) module.iam.aws_iam_policy.terraform_ec2 (expand)]
2026-09-28T01:06:40.728+0100 [DEBUG] ReferenceTransformer: "module.s3.output.bucket_name (expand)" references: [module.s3.aws_s3_bucket.terraform_state (expand)]
2026-09-28T01:06:40.728+0100 [DEBUG] ReferenceTransformer: "provider[\"registry.terraform.io/hashicorp/aws\"]" references: [var.region]
2026-09-28T01:06:40.730+0100 [DEBUG] Starting graph walk: walkApply
2026-09-28T01:06:40.731+0100 [DEBUG] created provider logger: level=debug
2026-09-28T01:06:40.731+0100 [INFO]  provider: configuring client automatic mTLS
2026-09-28T01:06:40.741+0100 [DEBUG] provider: starting plugin: path=.terraform/providers/registry.terraform.io/hashicorp/aws/6.50.0/windows_amd64/terraform-provider-aws_v6.50.0_x5.exe args=[".terraform/providers/registry.terraform.io/hashicorp/aws/6.50.0/windows_amd64/terraform-provider-aws_v6.50.0_x5.exe"]
2026-09-28T01:06:40.751+0100 [DEBUG] provider: plugin started: path=.terraform/providers/registry.terraform.io/hashicorp/aws/6.50.0/windows_amd64/terraform-provider-aws_v6.50.0_x5.exe pid=11816
2026-09-28T01:06:40.751+0100 [DEBUG] provider: waiting for RPC address: plugin=.terraform/providers/registry.terraform.io/hashicorp/aws/6.50.0/windows_amd64/terraform-provider-aws_v6.50.0_x5.exe
2026-09-28T01:06:41.058+0100 [DEBUG] provider.terraform-provider-aws_v6.50.0_x5.exe: Starting github.com/hashicorp/terraform-provider-aws@6.50.0 (go1.26.3)...
2026-09-28T01:06:41.058+0100 [DEBUG] provider.terraform-provider-aws_v6.50.0_x5.exe: Creating Terraform AWS Provider (SDKv2-style)...
2026-09-28T01:06:41.058+0100 [DEBUG] provider.terraform-provider-aws_v6.50.0_x5.exe: Initializing Terraform AWS Provider (SDKv2-style)...
2026-09-28T01:06:41.218+0100 [DEBUG] provider.terraform-provider-aws_v6.50.0_x5.exe: Creating Terraform AWS Provider (Framework-style)...
2026-09-28T01:06:41.218+0100 [DEBUG] provider.terraform-provider-aws_v6.50.0_x5.exe: Initializing Terraform AWS Provider (Framework-style)...
2026-09-28T01:06:41.297+0100 [INFO]  provider.terraform-provider-aws_v6.50.0_x5.exe: configuring server automatic mTLS: timestamp="2026-09-28T01:06:41.228+0100"
2026-09-28T01:06:41.312+0100 [DEBUG] provider: using plugin: version=5
2026-09-28T01:06:41.312+0100 [DEBUG] provider.terraform-provider-aws_v6.50.0_x5.exe: plugin address: address=127.0.0.1:10000 network=tcp timestamp="2026-09-28T01:06:41.312+0100"
2026-09-28T01:06:41.439+0100 [DEBUG] provider.terraform-provider-aws_v6.50.0_x5.exe: Configuring Terraform AWS Provider: @module=aws tf_provider_addr=registry.terraform.io/hashicorp/aws tf_rpc=ConfigureProvider @caller=github.com/hashicorp/terraform-provider-aws/internal/conns/config.go:150 tf_mux_provider="*schema.GRPCProviderServer" tf_req_id=0e16f7a5-169e-6ec4-4af7-26faec28e76b timestamp="2026-09-28T01:06:41.438+0100"
2026-09-28T01:06:41.439+0100 [DEBUG] provider.terraform-provider-aws_v6.50.0_x5.exe: Resolving credentials provider: @caller=github.com/hashicorp/aws-sdk-go-base/v2@v2.0.0-beta.73/logging/tf_logger.go:47 @module=aws.aws-base tf_mux_provider="*schema.GRPCProviderServer" tf_req_id=0e16f7a5-169e-6ec4-4af7-26faec28e76b tf_rpc=ConfigureProvider tf_provider_addr=registry.terraform.io/hashicorp/aws timestamp="2026-09-28T01:06:41.438+0100"
2026-09-28T01:06:41.439+0100 [DEBUG] provider.terraform-provider-aws_v6.50.0_x5.exe: Loading configuration: @caller=github.com/hashicorp/aws-sdk-go-base/v2@v2.0.0-beta.73/logging/tf_logger.go:47 tf_mux_provider="*schema.GRPCProviderServer" tf_req_id=0e16f7a5-169e-6ec4-4af7-26faec28e76b @module=aws.aws-base tf_provider_addr=registry.terraform.io/hashicorp/aws tf_rpc=ConfigureProvider timestamp="2026-09-28T01:06:41.439+0100"
2026-09-28T01:06:41.439+0100 [DEBUG] provider.terraform-provider-aws_v6.50.0_x5.exe: Retrieving credentials: tf_mux_provider="*schema.GRPCProviderServer" tf_provider_addr=registry.terraform.io/hashicorp/aws tf_req_id=0e16f7a5-169e-6ec4-4af7-26faec28e76b @caller=github.com/hashicorp/aws-sdk-go-base/v2@v2.0.0-beta.73/logging/tf_logger.go:47 tf_rpc=ConfigureProvider @module=aws.aws-base timestamp="2026-09-28T01:06:41.439+0100"
2026-09-28T01:06:41.440+0100 [INFO]  provider.terraform-provider-aws_v6.50.0_x5.exe: Retrieved credentials: tf_mux_provider="*schema.GRPCProviderServer" tf_req_id=0e16f7a5-169e-6ec4-4af7-26faec28e76b @module=aws.aws-base tf_aws.credentials_source="SharedConfigCredentials: C:\Users\mevae\.aws\credentials" tf_provider_addr=registry.terraform.io/hashicorp/aws tf_rpc=ConfigureProvider @caller=github.com/hashicorp/aws-sdk-go-base/v2@v2.0.0-beta.73/logging/tf_logger.go:39 timestamp="2026-09-28T01:06:41.440+0100"
2026-09-28T01:06:41.440+0100 [DEBUG] provider.terraform-provider-aws_v6.50.0_x5.exe: Loading configuration: @module=aws.aws-base tf_req_id=0e16f7a5-169e-6ec4-4af7-26faec28e76b tf_rpc=ConfigureProvider @caller=github.com/hashicorp/aws-sdk-go-base/v2@v2.0.0-beta.73/logging/tf_logger.go:47 tf_mux_provider="*schema.GRPCProviderServer" tf_provider_addr=registry.terraform.io/hashicorp/aws timestamp="2026-09-28T01:06:41.440+0100"
2026-09-28T01:06:41.440+0100 [DEBUG] provider.terraform-provider-aws_v6.50.0_x5.exe: Retrieving AWS account details: tf_rpc=ConfigureProvider @module=aws tf_provider_addr=registry.terraform.io/hashicorp/aws @caller=github.com/hashicorp/terraform-provider-aws/internal/conns/config.go:188 tf_mux_provider="*schema.GRPCProviderServer" tf_req_id=0e16f7a5-169e-6ec4-4af7-26faec28e76b timestamp="2026-09-28T01:06:41.440+0100"
2026-09-28T01:06:41.440+0100 [DEBUG] provider.terraform-provider-aws_v6.50.0_x5.exe: Retrieving caller identity from STS: @module=aws.aws-base tf_rpc=ConfigureProvider @caller=github.com/hashicorp/aws-sdk-go-base/v2@v2.0.0-beta.73/logging/tf_logger.go:47 tf_mux_provider="*schema.GRPCProviderServer" tf_provider_addr=registry.terraform.io/hashicorp/aws tf_req_id=0e16f7a5-169e-6ec4-4af7-26faec28e76b timestamp="2026-09-28T01:06:41.440+0100"
2026-09-28T01:06:41.441+0100 [DEBUG] provider.terraform-provider-aws_v6.50.0_x5.exe: HTTP Request Sent: @module=aws.aws-base http.request.header.authorization="AWS4-HMAC-SHA256 Credential=AKIA************SZUM/20260928/eu-west-1/sts/aws4_request, SignedHeaders=amz-sdk-invocation-id;amz-sdk-request;content-length;content-type;host;x-amz-date, Signature=*****" tf_aws.signing_region=""
  http.request.body=
  | Action=GetCallerIdentity&Version=2011-06-15
   http.request.header.amz_sdk_request="attempt=1; max=25" http.url=https://sts.eu-west-1.amazonaws.com/ http.request_content_length=43 aws.region=eu-west-1 http.request.header.amz_sdk_invocation_id=3509b1f7-5e6c-4ea3-9fd1-3176cf6be974 http.request.header.content_type=application/x-www-form-urlencoded rpc.method=STS/GetCallerIdentity tf_aws.sdk=aws-sdk-go-v2 tf_provider_addr=registry.terraform.io/hashicorp/aws tf_req_id=0e16f7a5-169e-6ec4-4af7-26faec28e76b http.method=POST http.user_agent="APN/1.0 HashiCorp/1.0 Terraform/1.15.3 (+https://www.terraform.io) terraform-provider-aws/6.50.0 (+https://registry.terraform.io/providers/hashicorp/aws) aws-sdk-go-v2/1.42.0 ua/2.1 os/windows lang/go#1.26.3 md/GOOS#windows md/GOARCH#amd64 api/sts#1.43.3 m/n" net.peer.name=sts.eu-west-1.amazonaws.com rpc.system.name=aws-api tf_mux_provider="*schema.GRPCProviderServer" tf_rpc=ConfigureProvider http.request.header.x_amz_date=20260928T000641Z @caller=github.com/hashicorp/aws-sdk-go-base/v2@v2.0.0-beta.73/logging/tf_logger.go:47 timestamp="2026-09-28T01:06:41.441+0100"
2026-09-28T01:06:43.761+0100 [DEBUG] provider.terraform-provider-aws_v6.50.0_x5.exe: HTTP Response Received: aws.region=eu-west-1 http.duration=2319
  http.response.body=
  | <GetCallerIdentityResponse xmlns="https://sts.amazonaws.com/doc/2011-06-15/">
  |   <GetCallerIdentityResult>
  |     <Arn>arn:aws:iam::234334047980:user/terraform-bootstrap</Arn>
  |     <UserId>AIDA*************MURE</UserId>
  |     <Account>234334047980</Account>
  |   </GetCallerIdentityResult>
  |   <ResponseMetadata>
  |     <RequestId>320a2325-f56d-4837-b7da-a1740a0d3b8b</RequestId>
  |   </ResponseMetadata>
  | </GetCallerIdentityResponse>
   http.response.header.x_amzn_requestid=320a2325-f56d-4837-b7da-a1740a0d3b8b http.response_content_length=416 @caller=github.com/hashicorp/aws-sdk-go-base/v2@v2.0.0-beta.73/logging/tf_logger.go:47 @module=aws.aws-base http.response.header.date="Mon, 28 Sep 2026 00:06:43 GMT" http.status_code=200 tf_aws.sdk=aws-sdk-go-v2 tf_provider_addr=registry.terraform.io/hashicorp/aws http.response.header.content_type=text/xml http.response.header.x_amz_sts_extended_request_id=MTpldS13ZXN0LTE6UzoxNzkwNTU0MDAzNzMyOlI6b09Oc1JpQ3o= rpc.method=STS/GetCallerIdentity tf_req_id=0e16f7a5-169e-6ec4-4af7-26faec28e76b tf_rpc=ConfigureProvider rpc.system.name=aws-api tf_aws.signing_region="" tf_mux_provider="*schema.GRPCProviderServer" timestamp="2026-09-28T01:06:43.761+0100"
2026-09-28T01:06:43.762+0100 [INFO]  provider.terraform-provider-aws_v6.50.0_x5.exe: Retrieved caller identity from STS: @module=aws.aws-base tf_req_id=0e16f7a5-169e-6ec4-4af7-26faec28e76b tf_rpc=ConfigureProvider @caller=github.com/hashicorp/aws-sdk-go-base/v2@v2.0.0-beta.73/logging/tf_logger.go:39 tf_mux_provider="*schema.GRPCProviderServer" tf_provider_addr=registry.terraform.io/hashicorp/aws timestamp="2026-09-28T01:06:43.761+0100"
2026-09-28T01:06:43.939+0100 [WARN]  Provider "registry.terraform.io/hashicorp/aws" produced an invalid plan for module.iam.aws_iam_policy.terraform_ecs, but we are tolerating it because it is using the legacy plugin SDK.
    The following problems may be the cause of any confusing errors from downstream operations:
      - .description: planned value cty.StringVal("") for a non-computed attribute
      - .path: planned value cty.StringVal("/") for a non-computed attribute
      - .tags: planned value cty.MapValEmpty(cty.String) for a non-computed attribute
2026-09-28T01:06:44.011+0100 [INFO]  Starting apply for module.iam.aws_iam_policy.terraform_ecs
2026-09-28T01:06:44.011+0100 [DEBUG] module.iam.aws_iam_policy.terraform_ecs: applying the planned Update change
2026-09-28T01:06:44.149+0100 [DEBUG] provider.terraform-provider-aws_v6.50.0_x5.exe: HTTP Request Sent: http.request.header.content_type=application/x-www-form-urlencoded tf_mux_provider="*schema.GRPCProviderServer" tf_resource_type=aws_iam_policy http.request.header.amz_sdk_request="attempt=1; max=25" http.request.header.x_amz_date=20260928T000644Z net.peer.name=iam.amazonaws.com rpc.system.name=aws-api tf_req_id=7a5b46a7-e1cf-95e2-48b2-cc98d3ca0c06 tf_rpc=ApplyResourceChange @module=aws http.request.header.amz_sdk_invocation_id=6103af29-9137-41db-8eb5-162020190d54 http.request_content_length=120 http.url=https://iam.amazonaws.com/ http.user_agent="APN/1.0 HashiCorp/1.0 Terraform/1.15.3 (+https://www.terraform.io) terraform-provider-aws/6.50.0 (+https://registry.terraform.io/providers/hashicorp/aws) aws-sdk-go-v2/1.42.0 ua/2.1 os/windows lang/go#1.26.3 md/GOOS#windows md/GOARCH#amd64 api/iam#1.54.4 m/C,n" tf_aws.sdk=aws-sdk-go-v2 @caller=github.com/hashicorp/aws-sdk-go-base/v2@v2.0.0-beta.73/logging/tf_logger.go:45 aws.region=eu-west-1 http.method=POST http.request.body="***" rpc.method=IAM/ListPolicyVersions tf_aws.signing_region="" tf_provider_addr=registry.terraform.io/hashicorp/aws http.request.header.authorization="AWS4-HMAC-SHA256 Credential=AKIA************SZUM/20260928/us-east-1/iam/aws4_request, SignedHeaders=amz-sdk-invocation-id;amz-sdk-request;content-length;content-type;host;x-amz-date, Signature=*****" timestamp="2026-09-28T01:06:44.149+0100"
2026-09-28T01:06:46.850+0100 [DEBUG] provider.terraform-provider-aws_v6.50.0_x5.exe: HTTP Response Received: @caller=github.com/hashicorp/aws-sdk-go-base/v2@v2.0.0-beta.73/logging/tf_logger.go:45 aws.region=eu-west-1 rpc.system.name=aws-api tf_aws.signing_region="" tf_mux_provider="*schema.GRPCProviderServer" tf_req_id=7a5b46a7-e1cf-95e2-48b2-cc98d3ca0c06 http.response.header.content_type=text/xml http.response.header.x_amzn_requestid=b641e3b7-f247-4981-babc-6c2855863346 http.status_code=200 @module=aws rpc.method=IAM/ListPolicyVersions tf_aws.sdk=aws-sdk-go-v2 tf_provider_addr=registry.terraform.io/hashicorp/aws tf_rpc=ApplyResourceChange http.duration=2699 http.response.body="***" http.response.header.date="Mon, 28 Sep 2026 00:06:46 GMT" http.response_content_length=1192 tf_resource_type=aws_iam_policy timestamp="2026-09-28T01:06:46.849+0100"
2026-09-28T01:06:46.938+0100 [DEBUG] provider.terraform-provider-aws_v6.50.0_x5.exe: HTTP Request Sent: http.request.header.amz_sdk_request="attempt=1; max=25" http.request_content_length=134 tf_mux_provider="*schema.GRPCProviderServer" tf_req_id=7a5b46a7-e1cf-95e2-48b2-cc98d3ca0c06 tf_rpc=ApplyResourceChange http.request.header.content_type=application/x-www-form-urlencoded http.request.header.x_amz_date=20260928T000646Z http.url=https://iam.amazonaws.com/ rpc.method=IAM/DeletePolicyVersion rpc.system.name=aws-api tf_resource_type=aws_iam_policy aws.region=eu-west-1 http.method=POST http.user_agent="APN/1.0 HashiCorp/1.0 Terraform/1.15.3 (+https://www.terraform.io) terraform-provider-aws/6.50.0 (+https://registry.terraform.io/providers/hashicorp/aws) aws-sdk-go-v2/1.42.0 ua/2.1 os/windows lang/go#1.26.3 md/GOOS#windows md/GOARCH#amd64 api/iam#1.54.4 m/n" tf_aws.sdk=aws-sdk-go-v2 @caller=github.com/hashicorp/aws-sdk-go-base/v2@v2.0.0-beta.73/logging/tf_logger.go:45 @module=aws http.request.header.authorization="AWS4-HMAC-SHA256 Credential=AKIA************SZUM/20260928/us-east-1/iam/aws4_request, SignedHeaders=amz-sdk-invocation-id;amz-sdk-request;content-length;content-type;host;x-amz-date, Signature=*****" net.peer.name=iam.amazonaws.com tf_aws.signing_region="" tf_provider_addr=registry.terraform.io/hashicorp/aws http.request.body="***" http.request.header.amz_sdk_invocation_id=cdec015d-9914-4ea0-a420-7f71ed2a43ce timestamp="2026-09-28T01:06:46.931+0100"
2026-09-28T01:06:47.417+0100 [DEBUG] provider.terraform-provider-aws_v6.50.0_x5.exe: HTTP Response Received: http.status_code=200 tf_provider_addr=registry.terraform.io/hashicorp/aws tf_resource_type=aws_iam_policy aws.region=eu-west-1 http.duration=485 http.response.header.content_type=text/xml http.response.header.date="Mon, 28 Sep 2026 00:06:47 GMT" http.response.header.x_amzn_requestid=af2c77a8-082c-4796-b069-28b8adc5e615 tf_req_id=7a5b46a7-e1cf-95e2-48b2-cc98d3ca0c06 @caller=github.com/hashicorp/aws-sdk-go-base/v2@v2.0.0-beta.73/logging/tf_logger.go:45 http.response_content_length=218 rpc.method=IAM/DeletePolicyVersion tf_aws.signing_region="" tf_mux_provider="*schema.GRPCProviderServer" tf_rpc=ApplyResourceChange http.response.body="***" rpc.system.name=aws-api tf_aws.sdk=aws-sdk-go-v2 @module=aws timestamp="2026-09-28T01:06:47.417+0100"
2026-09-28T01:06:47.454+0100 [DEBUG] provider.terraform-provider-aws_v6.50.0_x5.exe: HTTP Request Sent: tf_aws.signing_region="" http.request.header.authorization="AWS4-HMAC-SHA256 Credential=AKIA************SZUM/20260928/us-east-1/iam/aws4_request, SignedHeaders=amz-sdk-invocation-id;amz-sdk-request;content-length;content-type;host;x-amz-date, Signature=*****" http.request_content_length=745 http.url=https://iam.amazonaws.com/ http.user_agent="APN/1.0 HashiCorp/1.0 Terraform/1.15.3 (+https://www.terraform.io) terraform-provider-aws/6.50.0 (+https://registry.terraform.io/providers/hashicorp/aws) aws-sdk-go-v2/1.42.0 ua/2.1 os/windows lang/go#1.26.3 md/GOOS#windows md/GOARCH#amd64 api/iam#1.54.4 m/n" net.peer.name=iam.amazonaws.com tf_provider_addr=registry.terraform.io/hashicorp/aws @module=aws http.request.header.x_amz_date=20260928T000647Z tf_aws.sdk=aws-sdk-go-v2 tf_mux_provider="*schema.GRPCProviderServer" tf_resource_type=aws_iam_policy @caller=github.com/hashicorp/aws-sdk-go-base/v2@v2.0.0-beta.73/logging/tf_logger.go:45 http.request.body="***" http.request.header.content_type=application/x-www-form-urlencoded rpc.method=IAM/CreatePolicyVersion rpc.system.name=aws-api tf_req_id=7a5b46a7-e1cf-95e2-48b2-cc98d3ca0c06 tf_rpc=ApplyResourceChange aws.region=eu-west-1 http.method=POST http.request.header.amz_sdk_invocation_id=38fae3b6-7bd2-45ca-8b33-97e89bc55db4 http.request.header.amz_sdk_request="attempt=1; max=25" timestamp="2026-09-28T01:06:47.446+0100"
2026-09-28T01:06:47.894+0100 [DEBUG] provider.terraform-provider-aws_v6.50.0_x5.exe: HTTP Response Received: @module=aws http.response.body="***" http.status_code=200 rpc.system.name=aws-api tf_provider_addr=registry.terraform.io/hashicorp/aws @caller=github.com/hashicorp/aws-sdk-go-base/v2@v2.0.0-beta.73/logging/tf_logger.go:45 aws.region=eu-west-1 http.response.header.date="Mon, 28 Sep 2026 00:06:47 GMT" http.response.header.x_amzn_requestid=bdf34a6c-fa15-4ae7-9cb5-9777053afda4 tf_mux_provider="*schema.GRPCProviderServer" tf_req_id=7a5b46a7-e1cf-95e2-48b2-cc98d3ca0c06 tf_rpc=ApplyResourceChange http.duration=446 tf_aws.sdk=aws-sdk-go-v2 tf_aws.signing_region="" http.response.header.content_type=text/xml http.response_content_length=452 rpc.method=IAM/CreatePolicyVersion tf_resource_type=aws_iam_policy timestamp="2026-09-28T01:06:47.893+0100"
2026-09-28T01:06:47.927+0100 [DEBUG] provider.terraform-provider-aws_v6.50.0_x5.exe: HTTP Request Sent: rpc.method=IAM/GetPolicy tf_provider_addr=registry.terraform.io/hashicorp/aws tf_rpc=ApplyResourceChange aws.region=eu-west-1 http.method=POST http.request.body="***" http.request.header.amz_sdk_invocation_id=cd6fb4ca-d532-49a5-ae73-3aeca3b17992 http.request.header.authorization="AWS4-HMAC-SHA256 Credential=AKIA************SZUM/20260928/us-east-1/iam/aws4_request, SignedHeaders=amz-sdk-invocation-id;amz-sdk-request;content-length;content-type;host;x-amz-date, Signature=*****" tf_mux_provider="*schema.GRPCProviderServer" tf_resource_type=aws_iam_policy @module=aws http.request.header.amz_sdk_request="attempt=1; max=25" http.request_content_length=111 http.url=https://iam.amazonaws.com/ http.user_agent="APN/1.0 HashiCorp/1.0 Terraform/1.15.3 (+https://www.terraform.io) terraform-provider-aws/6.50.0 (+https://registry.terraform.io/providers/hashicorp/aws) aws-sdk-go-v2/1.42.0 ua/2.1 os/windows lang/go#1.26.3 md/GOOS#windows md/GOARCH#amd64 api/iam#1.54.4 m/n" rpc.system.name=aws-api http.request.header.content_type=application/x-www-form-urlencoded net.peer.name=iam.amazonaws.com tf_aws.sdk=aws-sdk-go-v2 tf_aws.signing_region="" tf_req_id=7a5b46a7-e1cf-95e2-48b2-cc98d3ca0c06 @caller=github.com/hashicorp/aws-sdk-go-base/v2@v2.0.0-beta.73/logging/tf_logger.go:45 http.request.header.x_amz_date=20260928T000647Z timestamp="2026-09-28T01:06:47.925+0100"
2026-09-28T01:06:48.372+0100 [DEBUG] provider.terraform-provider-aws_v6.50.0_x5.exe: HTTP Response Received: http.response_content_length=777 rpc.system.name=aws-api tf_resource_type=aws_iam_policy aws.region=eu-west-1 http.response.header.date="Mon, 28 Sep 2026 00:06:48 GMT" tf_aws.sdk=aws-sdk-go-v2 tf_aws.signing_region="" tf_mux_provider="*schema.GRPCProviderServer" tf_provider_addr=registry.terraform.io/hashicorp/aws http.response.body="***" http.status_code=200 tf_req_id=7a5b46a7-e1cf-95e2-48b2-cc98d3ca0c06 http.response.header.content_type=text/xml rpc.method=IAM/GetPolicy tf_rpc=ApplyResourceChange @caller=github.com/hashicorp/aws-sdk-go-base/v2@v2.0.0-beta.73/logging/tf_logger.go:45 @module=aws http.duration=445 http.response.header.x_amzn_requestid=d7c2de2b-ebc4-44a5-a048-ea20131246fb timestamp="2026-09-28T01:06:48.371+0100"
2026-09-28T01:06:48.373+0100 [DEBUG] provider.terraform-provider-aws_v6.50.0_x5.exe: HTTP Request Sent: http.request.header.content_type=application/x-www-form-urlencoded net.peer.name=iam.amazonaws.com tf_provider_addr=registry.terraform.io/hashicorp/aws tf_resource_type=aws_iam_policy tf_rpc=ApplyResourceChange @module=aws http.request.header.x_amz_date=20260928T000648Z http.user_agent="APN/1.0 HashiCorp/1.0 Terraform/1.15.3 (+https://www.terraform.io) terraform-provider-aws/6.50.0 (+https://registry.terraform.io/providers/hashicorp/aws) aws-sdk-go-v2/1.42.0 ua/2.1 os/windows lang/go#1.26.3 md/GOOS#windows md/GOARCH#amd64 api/iam#1.54.4 m/n" http.method=POST rpc.method=IAM/GetPolicyVersion rpc.system.name=aws-api tf_aws.sdk=aws-sdk-go-v2 tf_mux_provider="*schema.GRPCProviderServer" @caller=github.com/hashicorp/aws-sdk-go-base/v2@v2.0.0-beta.73/logging/tf_logger.go:45 aws.region=eu-west-1 http.request.body="***" http.request.header.amz_sdk_invocation_id=5693d31b-e0de-46c9-bd06-c8a07be31850 http.request_content_length=131 http.url=https://iam.amazonaws.com/ tf_aws.signing_region="" tf_req_id=7a5b46a7-e1cf-95e2-48b2-cc98d3ca0c06 http.request.header.amz_sdk_request="attempt=1; max=25" http.request.header.authorization="AWS4-HMAC-SHA256 Credential=AKIA************SZUM/20260928/us-east-1/iam/aws4_request, SignedHeaders=amz-sdk-invocation-id;amz-sdk-request;content-length;content-type;host;x-amz-date, Signature=*****" timestamp="2026-09-28T01:06:48.373+0100"
2026-09-28T01:06:48.827+0100 [DEBUG] provider.terraform-provider-aws_v6.50.0_x5.exe: HTTP Response Received: tf_aws.sdk=aws-sdk-go-v2 tf_aws.signing_region="" tf_req_id=7a5b46a7-e1cf-95e2-48b2-cc98d3ca0c06 http.status_code=200 @caller=github.com/hashicorp/aws-sdk-go-base/v2@v2.0.0-beta.73/logging/tf_logger.go:45 @module=aws aws.region=eu-west-1 http.duration=452 tf_mux_provider="*schema.GRPCProviderServer" rpc.method=IAM/GetPolicyVersion tf_resource_type=aws_iam_policy tf_rpc=ApplyResourceChange http.response.header.content_type=text/xml http.response.header.x_amzn_requestid=49bc8c8d-811b-4f23-a3f5-03ef123b1721 rpc.system.name=aws-api tf_provider_addr=registry.terraform.io/hashicorp/aws http.response.body="***" http.response.header.date="Mon, 28 Sep 2026 00:06:48 GMT" http.response_content_length=1058 timestamp="2026-09-28T01:06:48.826+0100"
2026-09-28T01:06:49.230+0100 [DEBUG] State storage *statemgr.Filesystem declined to persist a state snapshot
2026-09-28T01:06:49.243+0100 [DEBUG] provider.stdio: received EOF, stopping recv loop: err="rpc error: code = Unavailable desc = error reading from server: EOF"
2026-09-28T01:06:49.311+0100 [INFO]  provider: plugin process exited: plugin=.terraform/providers/registry.terraform.io/hashicorp/aws/6.50.0/windows_amd64/terraform-provider-aws_v6.50.0_x5.exe id=11816
2026-09-28T01:06:49.311+0100 [DEBUG] provider: plugin exited
2026-09-28T01:15:11.044+0100 [INFO]  Terraform version: 1.15.3
2026-09-28T01:15:11.141+0100 [DEBUG] using github.com/hashicorp/go-tfe v1.105.0
2026-09-28T01:15:11.141+0100 [DEBUG] using github.com/hashicorp/hcl/v2 v2.24.0
2026-09-28T01:15:11.141+0100 [DEBUG] using github.com/hashicorp/terraform-svchost v0.2.1
2026-09-28T01:15:11.141+0100 [DEBUG] using github.com/zclconf/go-cty v1.18.0
2026-09-28T01:15:11.141+0100 [INFO]  Go runtime version: go1.25.10
2026-09-28T01:15:11.141+0100 [INFO]  CLI args: []string{"C:\\Users\\mevae\\AppData\\Local\\Microsoft\\WinGet\\Links\\terraform.exe", "apply"}
2026-09-28T01:15:11.166+0100 [DEBUG] Attempting to open CLI config file: C:\Users\mevae\AppData\Roaming\terraform.rc
2026-09-28T01:15:11.167+0100 [DEBUG] File doesn't exist, but doesn't need to. Ignoring.
2026-09-28T01:15:11.167+0100 [DEBUG] ignoring non-existing provider search directory terraform.d/plugins
2026-09-28T01:15:11.167+0100 [DEBUG] ignoring non-existing provider search directory C:\Users\mevae\AppData\Roaming\terraform.d\plugins
2026-09-28T01:15:11.169+0100 [DEBUG] ignoring non-existing provider search directory C:\Users\mevae\AppData\Roaming\HashiCorp\Terraform\plugins
2026-09-28T01:15:11.169+0100 [INFO]  CLI command args: []string{"apply"}
2026-09-28T01:15:34.935+0100 [DEBUG] checking for provisioner in "."
2026-09-28T01:15:34.935+0100 [DEBUG] checking for provisioner in "C:\\Users\\mevae\\AppData\\Local\\Microsoft\\WinGet\\Links"
2026-09-28T01:15:35.179+0100 [INFO]  backend/local: starting Apply operation
2026-09-28T01:15:37.081+0100 [DEBUG] ReferenceTransformer: "module.iam" references: []
2026-09-28T01:15:37.081+0100 [DEBUG] ReferenceTransformer: "var.bucket_name" references: []
2026-09-28T01:15:37.081+0100 [DEBUG] ReferenceTransformer: "var.region" references: []
2026-09-28T01:15:37.081+0100 [DEBUG] ReferenceTransformer: "var.github_repository_subject" references: []
2026-09-28T01:15:37.081+0100 [DEBUG] ReferenceTransformer: "module.s3" references: [var.bucket_name]
2026-09-28T01:15:37.329+0100 [DEBUG] Starting graph walk: walkInit
2026-09-28T01:15:38.684+0100 [WARN]  Error loading schema for registry.terraform.io/hashicorp/aws to determine its functions: failed to instantiate provider "registry.terraform.io/hashicorp/aws" to obtain schema: unavailable provider "registry.terraform.io/hashicorp/aws"
2026-09-28T01:15:39.269+0100 [WARN]  Error loading schema for registry.terraform.io/hashicorp/aws to determine its functions: failed to instantiate provider "registry.terraform.io/hashicorp/aws" to obtain schema: unavailable provider "registry.terraform.io/hashicorp/aws"
2026-09-28T01:15:39.372+0100 [DEBUG] ReferenceTransformer: "module.s3.var.bucket_name (expand)" references: []
2026-09-28T01:15:39.372+0100 [DEBUG] ReferenceTransformer: "module.iam.var.github_oidc_assume_json (expand)" references: []
2026-09-28T01:15:39.599+0100 [DEBUG] created provider logger: level=debug
2026-09-28T01:15:39.611+0100 [INFO]  provider: configuring client automatic mTLS
2026-09-28T01:15:40.173+0100 [DEBUG] provider: starting plugin: path=.terraform/providers/registry.terraform.io/hashicorp/aws/6.50.0/windows_amd64/terraform-provider-aws_v6.50.0_x5.exe args=[".terraform/providers/registry.terraform.io/hashicorp/aws/6.50.0/windows_amd64/terraform-provider-aws_v6.50.0_x5.exe"]
2026-09-28T01:15:40.549+0100 [DEBUG] provider: plugin started: path=.terraform/providers/registry.terraform.io/hashicorp/aws/6.50.0/windows_amd64/terraform-provider-aws_v6.50.0_x5.exe pid=10020
2026-09-28T01:15:40.588+0100 [DEBUG] provider: waiting for RPC address: plugin=.terraform/providers/registry.terraform.io/hashicorp/aws/6.50.0/windows_amd64/terraform-provider-aws_v6.50.0_x5.exe
2026-09-28T01:15:53.365+0100 [DEBUG] provider.terraform-provider-aws_v6.50.0_x5.exe: Starting github.com/hashicorp/terraform-provider-aws@6.50.0 (go1.26.3)...
2026-09-28T01:15:53.365+0100 [DEBUG] provider.terraform-provider-aws_v6.50.0_x5.exe: Creating Terraform AWS Provider (SDKv2-style)...
2026-09-28T01:15:53.365+0100 [DEBUG] provider.terraform-provider-aws_v6.50.0_x5.exe: Initializing Terraform AWS Provider (SDKv2-style)...
2026-09-28T01:15:55.508+0100 [DEBUG] provider.terraform-provider-aws_v6.50.0_x5.exe: Creating Terraform AWS Provider (Framework-style)...
2026-09-28T01:15:55.526+0100 [DEBUG] provider.terraform-provider-aws_v6.50.0_x5.exe: Initializing Terraform AWS Provider (Framework-style)...
2026-09-28T01:15:56.298+0100 [INFO]  provider.terraform-provider-aws_v6.50.0_x5.exe: configuring server automatic mTLS: timestamp="2026-09-28T01:15:56.056+0100"
2026-09-28T01:15:57.577+0100 [DEBUG] provider: using plugin: version=5
2026-09-28T01:15:57.577+0100 [DEBUG] provider.terraform-provider-aws_v6.50.0_x5.exe: plugin address: address=127.0.0.1:10000 network=tcp timestamp="2026-09-28T01:15:57.577+0100"
2026-09-28T01:16:13.292+0100 [INFO]  provider: plugin process exited: plugin=.terraform/providers/registry.terraform.io/hashicorp/aws/6.50.0/windows_amd64/terraform-provider-aws_v6.50.0_x5.exe id=10020
2026-09-28T01:16:13.347+0100 [DEBUG] provider.stdio: received EOF, stopping recv loop: err="rpc error: code = Canceled desc = context canceled"
2026-09-28T01:16:13.399+0100 [DEBUG] provider: plugin exited
2026-09-28T01:16:13.501+0100 [DEBUG] Building and walking validate graph
2026-09-28T01:16:13.595+0100 [DEBUG] ProviderTransformer: "module.s3.aws_s3_bucket_server_side_encryption_configuration.terraform_state" (*terraform.NodeValidatableResource) needs provider["registry.terraform.io/hashicorp/aws"]
2026-09-28T01:16:13.595+0100 [DEBUG] ProviderTransformer: "module.s3.aws_s3_bucket_public_access_block.terraform_state" (*terraform.NodeValidatableResource) needs provider["registry.terraform.io/hashicorp/aws"]
2026-09-28T01:16:13.595+0100 [DEBUG] ProviderTransformer: "module.iam.aws_iam_policy.terraform_ecr" (*terraform.NodeValidatableResource) needs provider["registry.terraform.io/hashicorp/aws"]
2026-09-28T01:16:13.595+0100 [DEBUG] ProviderTransformer: "module.iam.aws_iam_role_policy_attachment.bootstrap" (*terraform.NodeValidatableResource) needs provider["registry.terraform.io/hashicorp/aws"]
2026-09-28T01:16:13.595+0100 [DEBUG] ProviderTransformer: "module.iam.aws_iam_policy.terraform_logs" (*terraform.NodeValidatableResource) needs provider["registry.terraform.io/hashicorp/aws"]
2026-09-28T01:16:13.595+0100 [DEBUG] ProviderTransformer: "module.iam.aws_iam_role_policy_attachment.terraform_ec2" (*terraform.NodeValidatableResource) needs provider["registry.terraform.io/hashicorp/aws"]
2026-09-28T01:16:13.595+0100 [DEBUG] ProviderTransformer: "data.aws_iam_policy_document.github_oidc_assume" (*terraform.NodeValidatableResource) needs provider["registry.terraform.io/hashicorp/aws"]
2026-09-28T01:16:13.595+0100 [DEBUG] ProviderTransformer: "module.s3.aws_s3_bucket_versioning.terraform_state" (*terraform.NodeValidatableResource) needs provider["registry.terraform.io/hashicorp/aws"]
2026-09-28T01:16:13.595+0100 [DEBUG] ProviderTransformer: "module.s3.aws_s3_bucket.terraform_state" (*terraform.NodeValidatableResource) needs provider["registry.terraform.io/hashicorp/aws"]
2026-09-28T01:16:13.595+0100 [DEBUG] ProviderTransformer: "module.iam.aws_iam_role.github_bootstrap_role" (*terraform.NodeValidatableResource) needs provider["registry.terraform.io/hashicorp/aws"]
2026-09-28T01:16:13.595+0100 [DEBUG] ProviderTransformer: "module.iam.aws_iam_policy.terraform_ecs" (*terraform.NodeValidatableResource) needs provider["registry.terraform.io/hashicorp/aws"]
2026-09-28T01:16:13.595+0100 [DEBUG] ProviderTransformer: "module.iam.aws_iam_role_policy_attachment.terraform_ecr" (*terraform.NodeValidatableResource) needs provider["registry.terraform.io/hashicorp/aws"]
2026-09-28T01:16:13.595+0100 [DEBUG] ProviderTransformer: "module.iam.aws_iam_role_policy_attachment.terraform_logs" (*terraform.NodeValidatableResource) needs provider["registry.terraform.io/hashicorp/aws"]
2026-09-28T01:16:13.595+0100 [DEBUG] ProviderTransformer: "aws_iam_openid_connect_provider.github" (*terraform.NodeValidatableResource) needs provider["registry.terraform.io/hashicorp/aws"]
2026-09-28T01:16:13.595+0100 [DEBUG] ProviderTransformer: "module.iam.aws_iam_role_policy_attachment.terraform_ecs" (*terraform.NodeValidatableResource) needs provider["registry.terraform.io/hashicorp/aws"]
2026-09-28T01:16:13.595+0100 [DEBUG] ProviderTransformer: "module.s3.aws_dynamodb_table.terraform_lock" (*terraform.NodeValidatableResource) needs provider["registry.terraform.io/hashicorp/aws"]
2026-09-28T01:16:13.595+0100 [DEBUG] ProviderTransformer: "module.iam.aws_iam_policy.terraform_bootstrap" (*terraform.NodeValidatableResource) needs provider["registry.terraform.io/hashicorp/aws"]
2026-09-28T01:16:13.595+0100 [DEBUG] ProviderTransformer: "module.iam.aws_iam_policy.terraform_ec2" (*terraform.NodeValidatableResource) needs provider["registry.terraform.io/hashicorp/aws"]
2026-09-28T01:16:13.611+0100 [DEBUG] ReferenceTransformer: "data.aws_iam_policy_document.github_oidc_assume" references: [aws_iam_openid_connect_provider.github var.github_repository_subject]
2026-09-28T01:16:13.611+0100 [DEBUG] ReferenceTransformer: "module.s3.var.bucket_name (expand)" references: [var.bucket_name]
2026-09-28T01:16:13.619+0100 [DEBUG] ReferenceTransformer: "output.s3_bucket_name (expand)" references: [module.s3.output.bucket_name (expand)]
2026-09-28T01:16:13.619+0100 [DEBUG] ReferenceTransformer: "module.iam.aws_iam_policy.terraform_logs" references: []
2026-09-28T01:16:13.619+0100 [DEBUG] ReferenceTransformer: "module.s3.aws_s3_bucket_versioning.terraform_state" references: [module.s3.aws_s3_bucket.terraform_state]
2026-09-28T01:16:13.619+0100 [DEBUG] ReferenceTransformer: "module.s3.aws_s3_bucket.terraform_state" references: [module.s3.var.bucket_name (expand)]
2026-09-28T01:16:13.619+0100 [DEBUG] ReferenceTransformer: "module.iam.aws_iam_role_policy_attachment.terraform_ecs" references: [module.iam.aws_iam_role.github_bootstrap_role module.iam.aws_iam_policy.terraform_ecs]
2026-09-28T01:16:13.619+0100 [DEBUG] ReferenceTransformer: "module.iam.aws_iam_role.github_bootstrap_role" references: [module.iam.var.github_oidc_assume_json (expand)]
2026-09-28T01:16:13.619+0100 [DEBUG] ReferenceTransformer: "module.s3.aws_dynamodb_table.terraform_lock" references: [module.s3.var.bucket_name (expand)]
2026-09-28T01:16:13.619+0100 [DEBUG] ReferenceTransformer: "var.bucket_name" references: []
2026-09-28T01:16:13.619+0100 [DEBUG] ReferenceTransformer: "var.region" references: []
2026-09-28T01:16:13.619+0100 [DEBUG] ReferenceTransformer: "module.s3.output.dynamodb_table_name (expand)" references: [module.s3.aws_dynamodb_table.terraform_lock]
2026-09-28T01:16:13.619+0100 [DEBUG] ReferenceTransformer: "module.iam.output.github_bootstrap_role_arn (expand)" references: [module.iam.aws_iam_role.github_bootstrap_role]
2026-09-28T01:16:13.619+0100 [DEBUG] ReferenceTransformer: "module.iam (expand)" references: []
2026-09-28T01:16:13.619+0100 [DEBUG] ReferenceTransformer: "module.s3.aws_s3_bucket_server_side_encryption_configuration.terraform_state" references: [module.s3.aws_s3_bucket.terraform_state]
2026-09-28T01:16:13.619+0100 [DEBUG] ReferenceTransformer: "module.s3 (expand)" references: []
2026-09-28T01:16:13.619+0100 [DEBUG] ReferenceTransformer: "module.iam.aws_iam_policy.terraform_ecs" references: []
2026-09-28T01:16:13.619+0100 [DEBUG] ReferenceTransformer: "module.iam.aws_iam_role_policy_attachment.terraform_ecr" references: [module.iam.aws_iam_policy.terraform_ecr module.iam.aws_iam_role.github_bootstrap_role]
2026-09-28T01:16:13.619+0100 [DEBUG] ReferenceTransformer: "module.iam.aws_iam_role_policy_attachment.terraform_logs" references: [module.iam.aws_iam_policy.terraform_logs module.iam.aws_iam_role.github_bootstrap_role]
2026-09-28T01:16:13.619+0100 [DEBUG] ReferenceTransformer: "module.iam.aws_iam_policy.terraform_bootstrap" references: []
2026-09-28T01:16:13.619+0100 [DEBUG] ReferenceTransformer: "module.s3.aws_s3_bucket_public_access_block.terraform_state" references: [module.s3.aws_s3_bucket.terraform_state]
2026-09-28T01:16:13.619+0100 [DEBUG] ReferenceTransformer: "module.s3 (close)" references: []
2026-09-28T01:16:13.619+0100 [DEBUG] ReferenceTransformer: "module.iam.aws_iam_policy.terraform_ecr" references: []
2026-09-28T01:16:13.619+0100 [DEBUG] ReferenceTransformer: "module.iam.aws_iam_role_policy_attachment.terraform_ec2" references: [module.iam.aws_iam_role.github_bootstrap_role module.iam.aws_iam_policy.terraform_ec2]
2026-09-28T01:16:13.619+0100 [DEBUG] ReferenceTransformer: "module.s3.output.bucket_name (expand)" references: [module.s3.aws_s3_bucket.terraform_state]
2026-09-28T01:16:13.619+0100 [DEBUG] ReferenceTransformer: "provider[\"registry.terraform.io/hashicorp/aws\"]" references: [var.region]
2026-09-28T01:16:13.619+0100 [DEBUG] ReferenceTransformer: "module.iam (close)" references: []
2026-09-28T01:16:13.619+0100 [DEBUG] ReferenceTransformer: "aws_iam_openid_connect_provider.github" references: []
2026-09-28T01:16:13.619+0100 [DEBUG] ReferenceTransformer: "module.iam.aws_iam_policy.terraform_ec2" references: []
2026-09-28T01:16:13.619+0100 [DEBUG] ReferenceTransformer: "module.iam.aws_iam_role_policy_attachment.bootstrap" references: [module.iam.aws_iam_role.github_bootstrap_role module.iam.aws_iam_policy.terraform_bootstrap]
2026-09-28T01:16:13.619+0100 [DEBUG] ReferenceTransformer: "var.github_repository_subject" references: []
2026-09-28T01:16:13.619+0100 [DEBUG] ReferenceTransformer: "module.iam.var.github_oidc_assume_json (expand)" references: [data.aws_iam_policy_document.github_oidc_assume]
2026-09-28T01:16:13.619+0100 [DEBUG] ReferenceTransformer: "output.github_bootstrap_role_arn (expand)" references: [module.iam.output.github_bootstrap_role_arn (expand)]
2026-09-28T01:16:13.620+0100 [DEBUG] Starting graph walk: walkValidate
2026-09-28T01:16:13.656+0100 [DEBUG] created provider logger: level=debug
2026-09-28T01:16:13.656+0100 [INFO]  provider: configuring client automatic mTLS
2026-09-28T01:16:13.698+0100 [DEBUG] provider: starting plugin: path=.terraform/providers/registry.terraform.io/hashicorp/aws/6.50.0/windows_amd64/terraform-provider-aws_v6.50.0_x5.exe args=[".terraform/providers/registry.terraform.io/hashicorp/aws/6.50.0/windows_amd64/terraform-provider-aws_v6.50.0_x5.exe"]
2026-09-28T01:16:13.711+0100 [DEBUG] provider: plugin started: path=.terraform/providers/registry.terraform.io/hashicorp/aws/6.50.0/windows_amd64/terraform-provider-aws_v6.50.0_x5.exe pid=3296
2026-09-28T01:16:13.711+0100 [DEBUG] provider: waiting for RPC address: plugin=.terraform/providers/registry.terraform.io/hashicorp/aws/6.50.0/windows_amd64/terraform-provider-aws_v6.50.0_x5.exe
2026-09-28T01:16:14.005+0100 [DEBUG] provider.terraform-provider-aws_v6.50.0_x5.exe: Starting github.com/hashicorp/terraform-provider-aws@6.50.0 (go1.26.3)...
2026-09-28T01:16:14.005+0100 [DEBUG] provider.terraform-provider-aws_v6.50.0_x5.exe: Creating Terraform AWS Provider (SDKv2-style)...
2026-09-28T01:16:14.005+0100 [DEBUG] provider.terraform-provider-aws_v6.50.0_x5.exe: Initializing Terraform AWS Provider (SDKv2-style)...
2026-09-28T01:16:14.054+0100 [DEBUG] provider.terraform-provider-aws_v6.50.0_x5.exe: Creating Terraform AWS Provider (Framework-style)...
2026-09-28T01:16:14.054+0100 [DEBUG] provider.terraform-provider-aws_v6.50.0_x5.exe: Initializing Terraform AWS Provider (Framework-style)...
2026-09-28T01:16:14.119+0100 [INFO]  provider.terraform-provider-aws_v6.50.0_x5.exe: configuring server automatic mTLS: timestamp="2026-09-28T01:16:14.057+0100"
2026-09-28T01:16:14.136+0100 [DEBUG] provider.terraform-provider-aws_v6.50.0_x5.exe: plugin address: address=127.0.0.1:10000 network=tcp timestamp="2026-09-28T01:16:14.136+0100"
2026-09-28T01:16:14.136+0100 [DEBUG] provider: using plugin: version=5
2026-09-28T01:16:15.208+0100 [DEBUG] provider.stdio: received EOF, stopping recv loop: err="rpc error: code = Unavailable desc = error reading from server: EOF"
2026-09-28T01:16:15.247+0100 [INFO]  provider: plugin process exited: plugin=.terraform/providers/registry.terraform.io/hashicorp/aws/6.50.0/windows_amd64/terraform-provider-aws_v6.50.0_x5.exe id=3296
2026-09-28T01:16:15.247+0100 [DEBUG] provider: plugin exited
2026-09-28T01:16:15.266+0100 [INFO]  backend/local: apply calling Plan
2026-09-28T01:16:15.266+0100 [DEBUG] Building and walking plan graph for NormalMode
2026-09-28T01:16:15.285+0100 [DEBUG] ProviderTransformer: "module.s3.aws_dynamodb_table.terraform_lock (expand)" (*terraform.nodeExpandPlannableResource) needs provider["registry.terraform.io/hashicorp/aws"]
2026-09-28T01:16:15.285+0100 [DEBUG] ProviderTransformer: "module.iam.aws_iam_role.github_bootstrap_role (expand)" (*terraform.nodeExpandPlannableResource) needs provider["registry.terraform.io/hashicorp/aws"]
2026-09-28T01:16:15.285+0100 [DEBUG] ProviderTransformer: "module.s3.aws_s3_bucket_public_access_block.terraform_state (expand)" (*terraform.nodeExpandPlannableResource) needs provider["registry.terraform.io/hashicorp/aws"]
2026-09-28T01:16:15.285+0100 [DEBUG] ProviderTransformer: "module.iam.aws_iam_role_policy_attachment.terraform_ecr (expand)" (*terraform.nodeExpandPlannableResource) needs provider["registry.terraform.io/hashicorp/aws"]
2026-09-28T01:16:15.285+0100 [DEBUG] ProviderTransformer: "module.s3.aws_s3_bucket.terraform_state (expand)" (*terraform.nodeExpandPlannableResource) needs provider["registry.terraform.io/hashicorp/aws"]
2026-09-28T01:16:15.285+0100 [DEBUG] ProviderTransformer: "module.iam.aws_iam_policy.terraform_logs (expand)" (*terraform.nodeExpandPlannableResource) needs provider["registry.terraform.io/hashicorp/aws"]
2026-09-28T01:16:15.285+0100 [DEBUG] ProviderTransformer: "module.iam.aws_iam_policy.terraform_ec2 (expand)" (*terraform.nodeExpandPlannableResource) needs provider["registry.terraform.io/hashicorp/aws"]
2026-09-28T01:16:15.285+0100 [DEBUG] ProviderTransformer: "module.iam.aws_iam_policy.terraform_bootstrap (expand)" (*terraform.nodeExpandPlannableResource) needs provider["registry.terraform.io/hashicorp/aws"]
2026-09-28T01:16:15.285+0100 [DEBUG] ProviderTransformer: "module.s3.aws_s3_bucket_versioning.terraform_state (expand)" (*terraform.nodeExpandPlannableResource) needs provider["registry.terraform.io/hashicorp/aws"]
2026-09-28T01:16:15.285+0100 [DEBUG] ProviderTransformer: "module.iam.aws_iam_role_policy_attachment.bootstrap (expand)" (*terraform.nodeExpandPlannableResource) needs provider["registry.terraform.io/hashicorp/aws"]
2026-09-28T01:16:15.285+0100 [DEBUG] ProviderTransformer: "aws_iam_openid_connect_provider.github (expand)" (*terraform.nodeExpandPlannableResource) needs provider["registry.terraform.io/hashicorp/aws"]
2026-09-28T01:16:15.285+0100 [DEBUG] ProviderTransformer: "module.iam.aws_iam_policy.terraform_ecs (expand)" (*terraform.nodeExpandPlannableResource) needs provider["registry.terraform.io/hashicorp/aws"]
2026-09-28T01:16:15.285+0100 [DEBUG] ProviderTransformer: "module.iam.aws_iam_policy.terraform_ecr (expand)" (*terraform.nodeExpandPlannableResource) needs provider["registry.terraform.io/hashicorp/aws"]
2026-09-28T01:16:15.285+0100 [DEBUG] ProviderTransformer: "module.iam.aws_iam_role_policy_attachment.terraform_ecs (expand)" (*terraform.nodeExpandPlannableResource) needs provider["registry.terraform.io/hashicorp/aws"]
2026-09-28T01:16:15.285+0100 [DEBUG] ProviderTransformer: "module.iam.aws_iam_role_policy_attachment.terraform_logs (expand)" (*terraform.nodeExpandPlannableResource) needs provider["registry.terraform.io/hashicorp/aws"]
2026-09-28T01:16:15.285+0100 [DEBUG] ProviderTransformer: "module.s3.aws_s3_bucket_server_side_encryption_configuration.terraform_state (expand)" (*terraform.nodeExpandPlannableResource) needs provider["registry.terraform.io/hashicorp/aws"]
2026-09-28T01:16:15.285+0100 [DEBUG] ProviderTransformer: "module.iam.aws_iam_role_policy_attachment.terraform_ec2 (expand)" (*terraform.nodeExpandPlannableResource) needs provider["registry.terraform.io/hashicorp/aws"]
2026-09-28T01:16:15.285+0100 [DEBUG] ProviderTransformer: "data.aws_iam_policy_document.github_oidc_assume (expand)" (*terraform.nodeExpandPlannableResource) needs provider["registry.terraform.io/hashicorp/aws"]
2026-09-28T01:16:15.286+0100 [DEBUG] ReferenceTransformer: "module.iam.aws_iam_role_policy_attachment.terraform_ecr (expand)" references: [module.iam.aws_iam_policy.terraform_ecr (expand) module.iam.aws_iam_role.github_bootstrap_role (expand)]
2026-09-28T01:16:15.286+0100 [DEBUG] ReferenceTransformer: "module.s3.var.bucket_name (expand)" references: [var.bucket_name]
2026-09-28T01:16:15.286+0100 [DEBUG] ReferenceTransformer: "module.iam (close)" references: []
2026-09-28T01:16:15.286+0100 [DEBUG] ReferenceTransformer: "module.s3 (expand)" references: []
2026-09-28T01:16:15.286+0100 [DEBUG] ReferenceTransformer: "module.s3 (close)" references: []
2026-09-28T01:16:15.286+0100 [DEBUG] ReferenceTransformer: "module.iam.aws_iam_role_policy_attachment.terraform_ecs (expand)" references: [module.iam.aws_iam_policy.terraform_ecs (expand) module.iam.aws_iam_role.github_bootstrap_role (expand)]
2026-09-28T01:16:15.286+0100 [DEBUG] ReferenceTransformer: "module.iam.output.github_bootstrap_role_arn (expand)" references: [module.iam.aws_iam_role.github_bootstrap_role (expand)]
2026-09-28T01:16:15.286+0100 [DEBUG] ReferenceTransformer: "output.github_bootstrap_role_arn (expand)" references: [module.iam.output.github_bootstrap_role_arn (expand)]
2026-09-28T01:16:15.286+0100 [DEBUG] ReferenceTransformer: "module.iam.aws_iam_role_policy_attachment.terraform_logs (expand)" references: [module.iam.aws_iam_role.github_bootstrap_role (expand) module.iam.aws_iam_policy.terraform_logs (expand)]
2026-09-28T01:16:15.286+0100 [DEBUG] ReferenceTransformer: "module.iam.aws_iam_policy.terraform_ecs (expand)" references: []
2026-09-28T01:16:15.286+0100 [DEBUG] ReferenceTransformer: "module.s3.aws_s3_bucket.terraform_state (expand)" references: [module.s3.var.bucket_name (expand)]
2026-09-28T01:16:15.286+0100 [DEBUG] ReferenceTransformer: "module.s3.aws_s3_bucket_server_side_encryption_configuration.terraform_state (expand)" references: [module.s3.aws_s3_bucket.terraform_state (expand)]
2026-09-28T01:16:15.287+0100 [DEBUG] ReferenceTransformer: "output.s3_bucket_name (expand)" references: [module.s3.output.bucket_name (expand)]
2026-09-28T01:16:15.287+0100 [DEBUG] ReferenceTransformer: "provider[\"registry.terraform.io/hashicorp/aws\"]" references: [var.region]
2026-09-28T01:16:15.287+0100 [DEBUG] ReferenceTransformer: "module.iam.aws_iam_role_policy_attachment.bootstrap (expand)" references: [module.iam.aws_iam_role.github_bootstrap_role (expand) module.iam.aws_iam_policy.terraform_bootstrap (expand)]
2026-09-28T01:16:15.287+0100 [DEBUG] ReferenceTransformer: "module.iam.aws_iam_policy.terraform_logs (expand)" references: []
2026-09-28T01:16:15.287+0100 [DEBUG] ReferenceTransformer: "module.iam (expand)" references: []
2026-09-28T01:16:15.287+0100 [DEBUG] ReferenceTransformer: "aws_iam_openid_connect_provider.github (expand)" references: []
2026-09-28T01:16:15.287+0100 [DEBUG] ReferenceTransformer: "module.iam.aws_iam_role_policy_attachment.terraform_ec2 (expand)" references: [module.iam.aws_iam_policy.terraform_ec2 (expand) module.iam.aws_iam_role.github_bootstrap_role (expand)]
2026-09-28T01:16:15.287+0100 [DEBUG] ReferenceTransformer: "module.iam.aws_iam_policy.terraform_ec2 (expand)" references: []
2026-09-28T01:16:15.287+0100 [DEBUG] ReferenceTransformer: "module.iam.aws_iam_policy.terraform_ecr (expand)" references: []
2026-09-28T01:16:15.287+0100 [DEBUG] ReferenceTransformer: "module.s3.output.bucket_name (expand)" references: [module.s3.aws_s3_bucket.terraform_state (expand)]
2026-09-28T01:16:15.287+0100 [DEBUG] ReferenceTransformer: "data.aws_iam_policy_document.github_oidc_assume (expand)" references: [aws_iam_openid_connect_provider.github (expand) var.github_repository_subject]
2026-09-28T01:16:15.287+0100 [DEBUG] ReferenceTransformer: "module.s3.aws_dynamodb_table.terraform_lock (expand)" references: [module.s3.var.bucket_name (expand)]
2026-09-28T01:16:15.287+0100 [DEBUG] ReferenceTransformer: "var.github_repository_subject" references: []
2026-09-28T01:16:15.287+0100 [DEBUG] ReferenceTransformer: "var.bucket_name" references: []
2026-09-28T01:16:15.287+0100 [DEBUG] ReferenceTransformer: "module.iam.var.github_oidc_assume_json (expand)" references: [data.aws_iam_policy_document.github_oidc_assume (expand)]
2026-09-28T01:16:15.287+0100 [DEBUG] ReferenceTransformer: "module.iam.aws_iam_role.github_bootstrap_role (expand)" references: [module.iam.var.github_oidc_assume_json (expand)]
2026-09-28T01:16:15.287+0100 [DEBUG] ReferenceTransformer: "module.iam.aws_iam_policy.terraform_bootstrap (expand)" references: []
2026-09-28T01:16:15.287+0100 [DEBUG] ReferenceTransformer: "module.s3.aws_s3_bucket_versioning.terraform_state (expand)" references: [module.s3.aws_s3_bucket.terraform_state (expand)]
2026-09-28T01:16:15.287+0100 [DEBUG] ReferenceTransformer: "module.s3.aws_s3_bucket_public_access_block.terraform_state (expand)" references: [module.s3.aws_s3_bucket.terraform_state (expand)]
2026-09-28T01:16:15.287+0100 [DEBUG] ReferenceTransformer: "module.s3.output.dynamodb_table_name (expand)" references: [module.s3.aws_dynamodb_table.terraform_lock (expand)]
2026-09-28T01:16:15.287+0100 [DEBUG] ReferenceTransformer: "var.region" references: []
2026-09-28T01:16:15.288+0100 [DEBUG] Starting graph walk: walkPlan
2026-09-28T01:16:15.289+0100 [DEBUG] created provider logger: level=debug
2026-09-28T01:16:15.289+0100 [INFO]  provider: configuring client automatic mTLS
2026-09-28T01:16:15.295+0100 [DEBUG] provider: starting plugin: path=.terraform/providers/registry.terraform.io/hashicorp/aws/6.50.0/windows_amd64/terraform-provider-aws_v6.50.0_x5.exe args=[".terraform/providers/registry.terraform.io/hashicorp/aws/6.50.0/windows_amd64/terraform-provider-aws_v6.50.0_x5.exe"]
2026-09-28T01:16:15.319+0100 [DEBUG] provider: plugin started: path=.terraform/providers/registry.terraform.io/hashicorp/aws/6.50.0/windows_amd64/terraform-provider-aws_v6.50.0_x5.exe pid=8052
2026-09-28T01:16:15.319+0100 [DEBUG] provider: waiting for RPC address: plugin=.terraform/providers/registry.terraform.io/hashicorp/aws/6.50.0/windows_amd64/terraform-provider-aws_v6.50.0_x5.exe
2026-09-28T01:16:15.640+0100 [DEBUG] provider.terraform-provider-aws_v6.50.0_x5.exe: Starting github.com/hashicorp/terraform-provider-aws@6.50.0 (go1.26.3)...
2026-09-28T01:16:15.640+0100 [DEBUG] provider.terraform-provider-aws_v6.50.0_x5.exe: Creating Terraform AWS Provider (SDKv2-style)...
2026-09-28T01:16:15.640+0100 [DEBUG] provider.terraform-provider-aws_v6.50.0_x5.exe: Initializing Terraform AWS Provider (SDKv2-style)...
2026-09-28T01:16:15.697+0100 [DEBUG] provider.terraform-provider-aws_v6.50.0_x5.exe: Creating Terraform AWS Provider (Framework-style)...
2026-09-28T01:16:15.697+0100 [DEBUG] provider.terraform-provider-aws_v6.50.0_x5.exe: Initializing Terraform AWS Provider (Framework-style)...
2026-09-28T01:16:15.770+0100 [INFO]  provider.terraform-provider-aws_v6.50.0_x5.exe: configuring server automatic mTLS: timestamp="2026-09-28T01:16:15.700+0100"
2026-09-28T01:16:15.787+0100 [DEBUG] provider: using plugin: version=5
2026-09-28T01:16:15.787+0100 [DEBUG] provider.terraform-provider-aws_v6.50.0_x5.exe: plugin address: address=127.0.0.1:10000 network=tcp timestamp="2026-09-28T01:16:15.787+0100"
2026-09-28T01:16:16.165+0100 [DEBUG] provider.terraform-provider-aws_v6.50.0_x5.exe: Configuring Terraform AWS Provider: tf_provider_addr=registry.terraform.io/hashicorp/aws @caller=github.com/hashicorp/terraform-provider-aws/internal/conns/config.go:150 @module=aws tf_req_id=f016bed9-3b45-a2b4-969b-36a7e214773f tf_rpc=ConfigureProvider tf_mux_provider="*schema.GRPCProviderServer" timestamp="2026-09-28T01:16:16.138+0100"
2026-09-28T01:16:16.259+0100 [DEBUG] provider.terraform-provider-aws_v6.50.0_x5.exe: Resolving credentials provider: @module=aws.aws-base tf_req_id=f016bed9-3b45-a2b4-969b-36a7e214773f @caller=github.com/hashicorp/aws-sdk-go-base/v2@v2.0.0-beta.73/logging/tf_logger.go:47 tf_mux_provider="*schema.GRPCProviderServer" tf_provider_addr=registry.terraform.io/hashicorp/aws tf_rpc=ConfigureProvider timestamp="2026-09-28T01:16:16.259+0100"
2026-09-28T01:16:16.353+0100 [DEBUG] provider.terraform-provider-aws_v6.50.0_x5.exe: Loading configuration: tf_req_id=f016bed9-3b45-a2b4-969b-36a7e214773f tf_rpc=ConfigureProvider @caller=github.com/hashicorp/aws-sdk-go-base/v2@v2.0.0-beta.73/logging/tf_logger.go:47 @module=aws.aws-base tf_mux_provider="*schema.GRPCProviderServer" tf_provider_addr=registry.terraform.io/hashicorp/aws timestamp="2026-09-28T01:16:16.353+0100"
2026-09-28T01:16:16.470+0100 [DEBUG] provider.terraform-provider-aws_v6.50.0_x5.exe: Retrieving credentials: @caller=github.com/hashicorp/aws-sdk-go-base/v2@v2.0.0-beta.73/logging/tf_logger.go:47 @module=aws.aws-base tf_provider_addr=registry.terraform.io/hashicorp/aws tf_req_id=f016bed9-3b45-a2b4-969b-36a7e214773f tf_rpc=ConfigureProvider tf_mux_provider="*schema.GRPCProviderServer" timestamp="2026-09-28T01:16:16.469+0100"
2026-09-28T01:16:16.484+0100 [INFO]  provider.terraform-provider-aws_v6.50.0_x5.exe: Retrieved credentials: @module=aws.aws-base tf_aws.credentials_source="SharedConfigCredentials: C:\Users\mevae\.aws\credentials" tf_mux_provider="*schema.GRPCProviderServer" tf_provider_addr=registry.terraform.io/hashicorp/aws tf_rpc=ConfigureProvider @caller=github.com/hashicorp/aws-sdk-go-base/v2@v2.0.0-beta.73/logging/tf_logger.go:39 tf_req_id=f016bed9-3b45-a2b4-969b-36a7e214773f timestamp="2026-09-28T01:16:16.483+0100"
2026-09-28T01:16:16.484+0100 [DEBUG] provider.terraform-provider-aws_v6.50.0_x5.exe: Loading configuration: tf_provider_addr=registry.terraform.io/hashicorp/aws @caller=github.com/hashicorp/aws-sdk-go-base/v2@v2.0.0-beta.73/logging/tf_logger.go:47 @module=aws.aws-base tf_mux_provider="*schema.GRPCProviderServer" tf_req_id=f016bed9-3b45-a2b4-969b-36a7e214773f tf_rpc=ConfigureProvider timestamp="2026-09-28T01:16:16.484+0100"
2026-09-28T01:16:16.489+0100 [DEBUG] provider.terraform-provider-aws_v6.50.0_x5.exe: Retrieving AWS account details: tf_mux_provider="*schema.GRPCProviderServer" tf_provider_addr=registry.terraform.io/hashicorp/aws tf_rpc=ConfigureProvider @caller=github.com/hashicorp/terraform-provider-aws/internal/conns/config.go:188 @module=aws tf_req_id=f016bed9-3b45-a2b4-969b-36a7e214773f timestamp="2026-09-28T01:16:16.488+0100"
2026-09-28T01:16:16.585+0100 [DEBUG] provider.terraform-provider-aws_v6.50.0_x5.exe: Retrieving caller identity from STS: @module=aws.aws-base tf_mux_provider="*schema.GRPCProviderServer" tf_provider_addr=registry.terraform.io/hashicorp/aws tf_req_id=f016bed9-3b45-a2b4-969b-36a7e214773f tf_rpc=ConfigureProvider @caller=github.com/hashicorp/aws-sdk-go-base/v2@v2.0.0-beta.73/logging/tf_logger.go:47 timestamp="2026-09-28T01:16:16.585+0100"
2026-09-28T01:16:16.944+0100 [DEBUG] provider.terraform-provider-aws_v6.50.0_x5.exe: HTTP Request Sent: @module=aws.aws-base aws.region=eu-west-1 http.request.header.amz_sdk_request="attempt=1; max=25" rpc.system.name=aws-api tf_aws.signing_region="" http.request.header.x_amz_date=20260928T001616Z net.peer.name=sts.eu-west-1.amazonaws.com tf_aws.sdk=aws-sdk-go-v2 tf_mux_provider="*schema.GRPCProviderServer" tf_req_id=f016bed9-3b45-a2b4-969b-36a7e214773f @caller=github.com/hashicorp/aws-sdk-go-base/v2@v2.0.0-beta.73/logging/tf_logger.go:47 http.method=POST
  http.request.body=
  | Action=GetCallerIdentity&Version=2011-06-15
   http.request.header.content_type=application/x-www-form-urlencoded http.user_agent="APN/1.0 HashiCorp/1.0 Terraform/1.15.3 (+https://www.terraform.io) terraform-provider-aws/6.50.0 (+https://registry.terraform.io/providers/hashicorp/aws) aws-sdk-go-v2/1.42.0 ua/2.1 os/windows lang/go#1.26.3 md/GOOS#windows md/GOARCH#amd64 api/sts#1.43.3 m/n" rpc.method=STS/GetCallerIdentity http.request.header.amz_sdk_invocation_id=2cfef9be-3b14-4cae-ad59-1e435716e2d1 http.request.header.authorization="AWS4-HMAC-SHA256 Credential=AKIA************SZUM/20260928/eu-west-1/sts/aws4_request, SignedHeaders=amz-sdk-invocation-id;amz-sdk-request;content-length;content-type;host;x-amz-date, Signature=*****" http.request_content_length=43 http.url=https://sts.eu-west-1.amazonaws.com/ tf_provider_addr=registry.terraform.io/hashicorp/aws tf_rpc=ConfigureProvider timestamp="2026-09-28T01:16:16.943+0100"
2026-09-28T01:16:18.060+0100 [DEBUG] provider.terraform-provider-aws_v6.50.0_x5.exe: HTTP Response Received: tf_aws.signing_region="" tf_mux_provider="*schema.GRPCProviderServer" http.response.header.x_amz_sts_extended_request_id=MTpldS13ZXN0LTE6UzoxNzkwNTU0NTc4MDMwOlI6WldLN1N6T1A= rpc.system.name=aws-api tf_req_id=f016bed9-3b45-a2b4-969b-36a7e214773f tf_rpc=ConfigureProvider aws.region=eu-west-1 http.response.header.content_type=text/xml http.status_code=200 tf_aws.sdk=aws-sdk-go-v2 tf_provider_addr=registry.terraform.io/hashicorp/aws @caller=github.com/hashicorp/aws-sdk-go-base/v2@v2.0.0-beta.73/logging/tf_logger.go:47 @module=aws.aws-base http.duration=1116 http.response.header.x_amzn_requestid=d4d50061-347c-4f3d-8534-43db980dbf72 http.response_content_length=416
  http.response.body=
  | <GetCallerIdentityResponse xmlns="https://sts.amazonaws.com/doc/2011-06-15/">
  |   <GetCallerIdentityResult>
  |     <Arn>arn:aws:iam::234334047980:user/terraform-bootstrap</Arn>
  |     <UserId>AIDA*************MURE</UserId>
  |     <Account>234334047980</Account>
  |   </GetCallerIdentityResult>
  |   <ResponseMetadata>
  |     <RequestId>d4d50061-347c-4f3d-8534-43db980dbf72</RequestId>
  |   </ResponseMetadata>
  | </GetCallerIdentityResponse>
   http.response.header.date="Mon, 28 Sep 2026 00:16:18 GMT" rpc.method=STS/GetCallerIdentity timestamp="2026-09-28T01:16:18.059+0100"
2026-09-28T01:16:18.105+0100 [INFO]  provider.terraform-provider-aws_v6.50.0_x5.exe: Retrieved caller identity from STS: @caller=github.com/hashicorp/aws-sdk-go-base/v2@v2.0.0-beta.73/logging/tf_logger.go:39 tf_req_id=f016bed9-3b45-a2b4-969b-36a7e214773f tf_rpc=ConfigureProvider @module=aws.aws-base tf_mux_provider="*schema.GRPCProviderServer" tf_provider_addr=registry.terraform.io/hashicorp/aws timestamp="2026-09-28T01:16:18.104+0100"
2026-09-28T01:16:18.134+0100 [DEBUG] ReferenceTransformer: "module.iam.aws_iam_policy.terraform_ecs" references: []
2026-09-28T01:16:18.135+0100 [DEBUG] ReferenceTransformer: "module.iam.aws_iam_policy.terraform_logs" references: []
2026-09-28T01:16:18.135+0100 [DEBUG] ReferenceTransformer: "module.s3.aws_dynamodb_table.terraform_lock" references: []
2026-09-28T01:16:18.136+0100 [DEBUG] ReferenceTransformer: "module.iam.aws_iam_policy.terraform_ec2" references: []
2026-09-28T01:16:18.136+0100 [DEBUG] ReferenceTransformer: "module.s3.aws_s3_bucket.terraform_state" references: []
2026-09-28T01:16:18.141+0100 [DEBUG] ReferenceTransformer: "module.iam.aws_iam_policy.terraform_bootstrap" references: []
2026-09-28T01:16:18.149+0100 [DEBUG] ReferenceTransformer: "module.iam.aws_iam_policy.terraform_ecr" references: []
2026-09-28T01:16:18.151+0100 [DEBUG] ReferenceTransformer: "aws_iam_openid_connect_provider.github" references: []
2026-09-28T01:16:19.624+0100 [DEBUG] provider.terraform-provider-aws_v6.50.0_x5.exe: HTTP Request Sent: http.request_content_length=117 @module=aws http.request.header.amz_sdk_request="attempt=1; max=25" http.url=https://iam.amazonaws.com/ net.peer.name=iam.amazonaws.com tf_rpc=ReadResource http.request.header.amz_sdk_invocation_id=7d30672a-a6c3-46bd-a3c2-42a44cd6fb99 http.user_agent="APN/1.0 HashiCorp/1.0 Terraform/1.15.3 (+https://www.terraform.io) terraform-provider-aws/6.50.0 (+https://registry.terraform.io/providers/hashicorp/aws) aws-sdk-go-v2/1.42.0 ua/2.1 os/windows lang/go#1.26.3 md/GOOS#windows md/GOARCH#amd64 api/iam#1.54.4 m/n" tf_req_id=2ab01eb7-7ca3-1391-6d6f-89869e4c52a6 tf_resource_type=aws_iam_policy http.request.header.content_type=application/x-www-form-urlencoded http.request.header.x_amz_date=20260928T001619Z @caller=github.com/hashicorp/aws-sdk-go-base/v2@v2.0.0-beta.73/logging/tf_logger.go:45 http.request.body="***" http.request.header.authorization="AWS4-HMAC-SHA256 Credential=AKIA************SZUM/20260928/us-east-1/iam/aws4_request, SignedHeaders=amz-sdk-invocation-id;amz-sdk-request;content-length;content-type;host;x-amz-date, Signature=*****" rpc.method=IAM/GetPolicy aws.region=eu-west-1 http.method=POST rpc.system.name=aws-api tf_aws.sdk=aws-sdk-go-v2 tf_aws.signing_region="" tf_mux_provider="*schema.GRPCProviderServer" tf_provider_addr=registry.terraform.io/hashicorp/aws timestamp="2026-09-28T01:16:19.623+0100"
2026-09-28T01:16:19.662+0100 [DEBUG] provider.terraform-provider-aws_v6.50.0_x5.exe: HTTP Request Sent: tf_resource_type=aws_iam_openid_connect_provider tf_rpc=ReadResource http.method=POST http.request.header.amz_sdk_invocation_id=6eb6d88b-e538-480b-95ec-475a6f97501a http.request_content_length=163 net.peer.name=iam.amazonaws.com rpc.method=IAM/GetOpenIDConnectProvider tf_aws.signing_region="" @caller=github.com/hashicorp/aws-sdk-go-base/v2@v2.0.0-beta.73/logging/tf_logger.go:45 http.request.body="***" http.request.header.amz_sdk_request="attempt=1; max=25" http.user_agent="APN/1.0 HashiCorp/1.0 Terraform/1.15.3 (+https://www.terraform.io) terraform-provider-aws/6.50.0 (+https://registry.terraform.io/providers/hashicorp/aws) aws-sdk-go-v2/1.42.0 ua/2.1 os/windows lang/go#1.26.3 md/GOOS#windows md/GOARCH#amd64 api/iam#1.54.4 m/n" tf_provider_addr=registry.terraform.io/hashicorp/aws http.url=https://iam.amazonaws.com/ rpc.system.name=aws-api tf_aws.sdk=aws-sdk-go-v2 tf_mux_provider="*schema.GRPCProviderServer" @module=aws aws.region=eu-west-1 http.request.header.authorization="AWS4-HMAC-SHA256 Credential=AKIA************SZUM/20260928/us-east-1/iam/aws4_request, SignedHeaders=amz-sdk-invocation-id;amz-sdk-request;content-length;content-type;host;x-amz-date, Signature=*****" http.request.header.content_type=application/x-www-form-urlencoded http.request.header.x_amz_date=20260928T001619Z tf_req_id=9c5079fa-79d1-0d62-9015-328eee0adb21 timestamp="2026-09-28T01:16:19.661+0100"
2026-09-28T01:16:19.662+0100 [DEBUG] provider.terraform-provider-aws_v6.50.0_x5.exe: HTTP Request Sent: tf_rpc=ReadResource aws.region=eu-west-1 http.method=POST http.request.header.authorization="AWS4-HMAC-SHA256 Credential=AKIA************SZUM/20260928/us-east-1/iam/aws4_request, SignedHeaders=amz-sdk-invocation-id;amz-sdk-request;content-length;content-type;host;x-amz-date, Signature=*****" http.user_agent="APN/1.0 HashiCorp/1.0 Terraform/1.15.3 (+https://www.terraform.io) terraform-provider-aws/6.50.0 (+https://registry.terraform.io/providers/hashicorp/aws) aws-sdk-go-v2/1.42.0 ua/2.1 os/windows lang/go#1.26.3 md/GOOS#windows md/GOARCH#amd64 api/iam#1.54.4 m/n" rpc.system.name=aws-api tf_mux_provider="*schema.GRPCProviderServer" @caller=github.com/hashicorp/aws-sdk-go-base/v2@v2.0.0-beta.73/logging/tf_logger.go:45 http.request.header.amz_sdk_invocation_id=b5bb343e-4d99-44fe-b1d4-181987a660cb http.request.header.content_type=application/x-www-form-urlencoded http.request.header.x_amz_date=20260928T001619Z http.url=https://iam.amazonaws.com/ net.peer.name=iam.amazonaws.com rpc.method=IAM/GetPolicy tf_aws.signing_region="" http.request.body="***" tf_aws.sdk=aws-sdk-go-v2 tf_provider_addr=registry.terraform.io/hashicorp/aws tf_req_id=700941bb-d272-f962-ea41-203b123b8a52 @module=aws http.request.header.amz_sdk_request="attempt=1; max=25" http.request_content_length=111 tf_resource_type=aws_iam_policy timestamp="2026-09-28T01:16:19.662+0100"
2026-09-28T01:16:19.663+0100 [DEBUG] provider.terraform-provider-aws_v6.50.0_x5.exe: HTTP Request Sent: http.request.header.amz_sdk_request="attempt=1; max=25" http.request.header.authorization="AWS4-HMAC-SHA256 Credential=AKIA************SZUM/20260928/us-east-1/iam/aws4_request, SignedHeaders=amz-sdk-invocation-id;amz-sdk-request;content-length;content-type;host;x-amz-date, Signature=*****" http.request.header.content_type=application/x-www-form-urlencoded rpc.system.name=aws-api tf_resource_type=aws_iam_policy tf_rpc=ReadResource tf_aws.sdk=aws-sdk-go-v2 tf_provider_addr=registry.terraform.io/hashicorp/aws tf_req_id=d7836099-80f7-dbd2-4397-f95496f93e66 @caller=github.com/hashicorp/aws-sdk-go-base/v2@v2.0.0-beta.73/logging/tf_logger.go:45 http.request.header.amz_sdk_invocation_id=88cffd53-57a3-4ffa-a690-747266cffb01 http.user_agent="APN/1.0 HashiCorp/1.0 Terraform/1.15.3 (+https://www.terraform.io) terraform-provider-aws/6.50.0 (+https://registry.terraform.io/providers/hashicorp/aws) aws-sdk-go-v2/1.42.0 ua/2.1 os/windows lang/go#1.26.3 md/GOOS#windows md/GOARCH#amd64 api/iam#1.54.4 m/n" net.peer.name=iam.amazonaws.com rpc.method=IAM/GetPolicy tf_aws.signing_region="" aws.region=eu-west-1 http.request.body="***" http.request.header.x_amz_date=20260928T001619Z http.request_content_length=112 http.url=https://iam.amazonaws.com/ tf_mux_provider="*schema.GRPCProviderServer" @module=aws http.method=POST timestamp="2026-09-28T01:16:19.662+0100"
2026-09-28T01:16:19.663+0100 [DEBUG] provider.terraform-provider-aws_v6.50.0_x5.exe: HTTP Request Sent: rpc.system.name=aws-api tf_req_id=b17d1701-556c-2b43-c7e1-50b0b1de6d91 http.method=POST tf_aws.sdk=aws-sdk-go-v2 tf_rpc=ReadResource http.request.header.amz_sdk_invocation_id=0764213a-0563-480a-848b-24ab10776a9b http.request.header.authorization="AWS4-HMAC-SHA256 Credential=AKIA************SZUM/20260928/us-east-1/iam/aws4_request, SignedHeaders=amz-sdk-invocation-id;amz-sdk-request;content-length;content-type;host;x-amz-date, Signature=*****" http.url=https://iam.amazonaws.com/ http.user_agent="APN/1.0 HashiCorp/1.0 Terraform/1.15.3 (+https://www.terraform.io) terraform-provider-aws/6.50.0 (+https://registry.terraform.io/providers/hashicorp/aws) aws-sdk-go-v2/1.42.0 ua/2.1 os/windows lang/go#1.26.3 md/GOOS#windows md/GOARCH#amd64 api/iam#1.54.4 m/n" rpc.method=IAM/GetPolicy tf_provider_addr=registry.terraform.io/hashicorp/aws tf_resource_type=aws_iam_policy @caller=github.com/hashicorp/aws-sdk-go-base/v2@v2.0.0-beta.73/logging/tf_logger.go:45 @module=aws aws.region=eu-west-1 http.request.body="***" net.peer.name=iam.amazonaws.com tf_aws.signing_region="" tf_mux_provider="*schema.GRPCProviderServer" http.request.header.amz_sdk_request="attempt=1; max=25" http.request.header.content_type=application/x-www-form-urlencoded http.request.header.x_amz_date=20260928T001619Z http.request_content_length=111 timestamp="2026-09-28T01:16:19.663+0100"
2026-09-28T01:16:19.663+0100 [DEBUG] provider.terraform-provider-aws_v6.50.0_x5.exe: HTTP Request Sent: rpc.system.name=aws-api tf_mux_provider="*schema.GRPCProviderServer" tf_resource_type=aws_iam_policy @caller=github.com/hashicorp/aws-sdk-go-base/v2@v2.0.0-beta.73/logging/tf_logger.go:45 @module=aws http.method=POST http.request.header.authorization="AWS4-HMAC-SHA256 Credential=AKIA************SZUM/20260928/us-east-1/iam/aws4_request, SignedHeaders=amz-sdk-invocation-id;amz-sdk-request;content-length;content-type;host;x-amz-date, Signature=*****" http.request.header.content_type=application/x-www-form-urlencoded http.url=https://iam.amazonaws.com/ rpc.method=IAM/GetPolicy tf_aws.sdk=aws-sdk-go-v2 aws.region=eu-west-1 http.request.body="***" http.request.header.x_amz_date=20260928T001619Z http.request_content_length=111 http.user_agent="APN/1.0 HashiCorp/1.0 Terraform/1.15.3 (+https://www.terraform.io) terraform-provider-aws/6.50.0 (+https://registry.terraform.io/providers/hashicorp/aws) aws-sdk-go-v2/1.42.0 ua/2.1 os/windows lang/go#1.26.3 md/GOOS#windows md/GOARCH#amd64 api/iam#1.54.4 m/n" tf_rpc=ReadResource http.request.header.amz_sdk_invocation_id=d4b4e3af-f2ea-40c0-8ebc-1d51cf79bca8 http.request.header.amz_sdk_request="attempt=1; max=25" net.peer.name=iam.amazonaws.com tf_aws.signing_region="" tf_provider_addr=registry.terraform.io/hashicorp/aws tf_req_id=51594ebd-a82a-fd1b-c161-71f6cdef1431 timestamp="2026-09-28T01:16:19.663+0100"
2026-09-28T01:16:20.019+0100 [DEBUG] provider.terraform-provider-aws_v6.50.0_x5.exe: HTTP Request Sent: http.request.body="***" http.user_agent="APN/1.0 HashiCorp/1.0 Terraform/1.15.3 (+https://www.terraform.io) terraform-provider-aws/6.50.0 (+https://registry.terraform.io/providers/hashicorp/aws) aws-sdk-go-v2/1.42.0 ua/2.1 os/windows lang/go#1.26.3 md/GOOS#windows md/GOARCH#amd64 api/s3#1.103.3 m/n" tf_rpc=ReadResource @caller=github.com/hashicorp/aws-sdk-go-base/v2@v2.0.0-beta.73/logging/tf_logger.go:45 aws.region=eu-west-1 http.method=HEAD http.request.header.amz_sdk_invocation_id=2f954a2d-06d1-46b5-88f1-69a759e08e54 http.request.header.authorization="AWS4-HMAC-SHA256 Credential=AKIA************SZUM/20260928/eu-west-1/s3/aws4_request, SignedHeaders=accept-encoding;amz-sdk-invocation-id;amz-sdk-request;host;x-amz-content-sha256;x-amz-date, Signature=*****" http.request.header.x_amz_date=20260928T001620Z rpc.system.name=aws-api tf_aws.sdk=aws-sdk-go-v2 @module=aws http.request.header.accept_encoding=identity http.url=https://edgar-fitness-terraform-state.s3.eu-west-1.amazonaws.com/ net.peer.name=edgar-fitness-terraform-state.s3.eu-west-1.amazonaws.com rpc.method=S3/HeadBucket tf_aws.signing_region="" tf_provider_addr=registry.terraform.io/hashicorp/aws http.request.header.x_amz_content_sha256=e3b0c44298fc1c149afbf4c8996fb92427ae41e4649b934ca495991b7852b855 aws.s3.bucket=edgar-fitness-terraform-state http.request.header.amz_sdk_request="attempt=1; max=25" tf_mux_provider="*schema.GRPCProviderServer" tf_req_id=028430d1-3b25-e50c-319b-3d07f42fe4e5 tf_resource_type=aws_s3_bucket timestamp="2026-09-28T01:16:20.017+0100"
2026-09-28T01:16:20.132+0100 [DEBUG] provider.terraform-provider-aws_v6.50.0_x5.exe: HTTP Response Received: @caller=github.com/hashicorp/aws-sdk-go-base/v2@v2.0.0-beta.73/logging/tf_logger.go:45 @module=aws tf_resource_type=aws_iam_policy http.response.body="***" http.response.header.content_type=text/xml http.response.header.date="Mon, 28 Sep 2026 00:16:20 GMT" tf_aws.sdk=aws-sdk-go-v2 tf_aws.signing_region="" aws.region=eu-west-1 http.duration=467 rpc.method=IAM/GetPolicy tf_mux_provider="*schema.GRPCProviderServer" tf_provider_addr=registry.terraform.io/hashicorp/aws tf_req_id=700941bb-d272-f962-ea41-203b123b8a52 tf_rpc=ReadResource http.response.header.x_amzn_requestid=224ed298-80f4-4c46-9e34-4dd2df4558cf http.response_content_length=777 http.status_code=200 rpc.system.name=aws-api timestamp="2026-09-28T01:16:20.131+0100"
2026-09-28T01:16:20.134+0100 [DEBUG] provider.terraform-provider-aws_v6.50.0_x5.exe: HTTP Response Received: http.response.body="***" http.response.header.date="Mon, 28 Sep 2026 00:16:20 GMT" tf_rpc=ReadResource aws.region=eu-west-1 http.status_code=200 rpc.method=IAM/GetOpenIDConnectProvider tf_aws.sdk=aws-sdk-go-v2 tf_mux_provider="*schema.GRPCProviderServer" tf_resource_type=aws_iam_openid_connect_provider @caller=github.com/hashicorp/aws-sdk-go-base/v2@v2.0.0-beta.73/logging/tf_logger.go:45 @module=aws http.duration=472 http.response.header.x_amzn_requestid=37d87b2f-6325-403b-adbd-a8e0896746f9 tf_aws.signing_region="" tf_provider_addr=registry.terraform.io/hashicorp/aws tf_req_id=9c5079fa-79d1-0d62-9015-328eee0adb21 http.response.header.content_type=text/xml http.response_content_length=603 rpc.system.name=aws-api timestamp="2026-09-28T01:16:20.134+0100"
2026-09-28T01:16:20.145+0100 [DEBUG] provider.terraform-provider-aws_v6.50.0_x5.exe: HTTP Response Received: tf_aws.signing_region="" @module=aws http.status_code=200 rpc.system.name=aws-api tf_provider_addr=registry.terraform.io/hashicorp/aws tf_resource_type=aws_iam_policy http.response.header.content_type=text/xml http.response.header.date="Mon, 28 Sep 2026 00:16:20 GMT" http.response.header.x_amzn_requestid=e35e29ab-819d-48f6-af55-74036162c985 rpc.method=IAM/GetPolicy tf_aws.sdk=aws-sdk-go-v2 tf_req_id=51594ebd-a82a-fd1b-c161-71f6cdef1431 @caller=github.com/hashicorp/aws-sdk-go-base/v2@v2.0.0-beta.73/logging/tf_logger.go:45 aws.region=eu-west-1 tf_mux_provider="*schema.GRPCProviderServer" tf_rpc=ReadResource http.duration=481 http.response.body="***" http.response_content_length=778 timestamp="2026-09-28T01:16:20.145+0100"
2026-09-28T01:16:20.161+0100 [DEBUG] provider.terraform-provider-aws_v6.50.0_x5.exe: HTTP Response Received: http.duration=537 http.response.header.x_amzn_requestid=bd835c95-7779-48ef-a504-7c9bc1da1f90 http.response_content_length=790 tf_aws.signing_region="" tf_rpc=ReadResource @caller=github.com/hashicorp/aws-sdk-go-base/v2@v2.0.0-beta.73/logging/tf_logger.go:45 aws.region=eu-west-1 http.status_code=200 rpc.method=IAM/GetPolicy tf_aws.sdk=aws-sdk-go-v2 tf_mux_provider="*schema.GRPCProviderServer" http.response.body="***" http.response.header.content_type=text/xml http.response.header.date="Mon, 28 Sep 2026 00:16:20 GMT" rpc.system.name=aws-api tf_req_id=2ab01eb7-7ca3-1391-6d6f-89869e4c52a6 @module=aws tf_provider_addr=registry.terraform.io/hashicorp/aws tf_resource_type=aws_iam_policy timestamp="2026-09-28T01:16:20.160+0100"
2026-09-28T01:16:20.184+0100 [DEBUG] provider.terraform-provider-aws_v6.50.0_x5.exe: HTTP Response Received: tf_aws.signing_region="" http.duration=520 tf_resource_type=aws_iam_policy @caller=github.com/hashicorp/aws-sdk-go-base/v2@v2.0.0-beta.73/logging/tf_logger.go:45 http.response.header.date="Mon, 28 Sep 2026 00:16:20 GMT" http.response_content_length=779 rpc.method=IAM/GetPolicy tf_provider_addr=registry.terraform.io/hashicorp/aws tf_rpc=ReadResource aws.region=eu-west-1 http.response.header.content_type=text/xml tf_aws.sdk=aws-sdk-go-v2 tf_mux_provider="*schema.GRPCProviderServer" tf_req_id=d7836099-80f7-dbd2-4397-f95496f93e66 @module=aws http.response.body="***" http.response.header.x_amzn_requestid=c6aa0bc7-ae64-46ad-8101-8d6e03213994 http.status_code=200 rpc.system.name=aws-api timestamp="2026-09-28T01:16:20.183+0100"
2026-09-28T01:16:20.207+0100 [DEBUG] provider.terraform-provider-aws_v6.50.0_x5.exe: HTTP Response Received: @caller=github.com/hashicorp/aws-sdk-go-base/v2@v2.0.0-beta.73/logging/tf_logger.go:45 rpc.method=IAM/GetPolicy tf_aws.signing_region="" tf_provider_addr=registry.terraform.io/hashicorp/aws tf_resource_type=aws_iam_policy http.duration=543 http.response.body="***" http.response.header.content_type=text/xml http.status_code=200 tf_mux_provider="*schema.GRPCProviderServer" @module=aws http.response.header.date="Mon, 28 Sep 2026 00:16:20 GMT" http.response.header.x_amzn_requestid=14a68901-2b94-4323-969f-e81b79ab92ca rpc.system.name=aws-api tf_aws.sdk=aws-sdk-go-v2 tf_req_id=b17d1701-556c-2b43-c7e1-50b0b1de6d91 aws.region=eu-west-1 http.response_content_length=777 tf_rpc=ReadResource timestamp="2026-09-28T01:16:20.206+0100"
2026-09-28T01:16:20.332+0100 [DEBUG] provider.terraform-provider-aws_v6.50.0_x5.exe: HTTP Response Received: tf_aws.sdk=aws-sdk-go-v2 tf_aws.signing_region="" tf_mux_provider="*schema.GRPCProviderServer" tf_provider_addr=registry.terraform.io/hashicorp/aws tf_req_id=028430d1-3b25-e50c-319b-3d07f42fe4e5 @caller=github.com/hashicorp/aws-sdk-go-base/v2@v2.0.0-beta.73/logging/tf_logger.go:45 @module=aws aws.s3.bucket=edgar-fitness-terraform-state tf_rpc=ReadResource http.duration=282 http.response.body="***" http.response.header.x_amz_access_point_alias=false http.response.header.x_amz_bucket_arn=arn:aws:s3:::edgar-fitness-terraform-state http.response.header.x_amz_id_2="pXXiq788Q6pIAdUGIvZG4uwCwMwNOtSGrx7XtVWPiQPFTPvzeApWXQUMlhH9ekGXk10Bm7+sS+E=" tf_resource_type=aws_s3_bucket aws.region=eu-west-1 http.response.header.content_type=application/xml http.response.header.date="Mon, 28 Sep 2026 00:16:21 GMT" http.response.header.server=AmazonS3 http.response.header.x_amz_bucket_region=eu-west-1 http.response.header.x_amz_request_id=C808HMF555C14YRE http.status_code=200 rpc.method=S3/HeadBucket rpc.system.name=aws-api timestamp="2026-09-28T01:16:20.331+0100"
2026-09-28T01:16:20.382+0100 [DEBUG] provider.terraform-provider-aws_v6.50.0_x5.exe: HTTP Request Sent: http.request.header.amz_sdk_invocation_id=37c2e262-a7f6-43a7-abb0-45876f395624 http.user_agent="APN/1.0 HashiCorp/1.0 Terraform/1.15.3 (+https://www.terraform.io) terraform-provider-aws/6.50.0 (+https://registry.terraform.io/providers/hashicorp/aws) aws-sdk-go-v2/1.42.0 ua/2.1 os/windows lang/go#1.26.3 md/GOOS#windows md/GOARCH#amd64 api/iam#1.54.4 m/n" net.peer.name=iam.amazonaws.com rpc.system.name=aws-api tf_provider_addr=registry.terraform.io/hashicorp/aws tf_req_id=b17d1701-556c-2b43-c7e1-50b0b1de6d91 @caller=github.com/hashicorp/aws-sdk-go-base/v2@v2.0.0-beta.73/logging/tf_logger.go:45 @module=aws http.request.header.amz_sdk_request="attempt=1; max=25" rpc.method=IAM/GetPolicyVersion tf_mux_provider="*schema.GRPCProviderServer" tf_resource_type=aws_iam_policy tf_rpc=ReadResource http.request.header.authorization="AWS4-HMAC-SHA256 Credential=AKIA************SZUM/20260928/us-east-1/iam/aws4_request, SignedHeaders=amz-sdk-invocation-id;amz-sdk-request;content-length;content-type;host;x-amz-date, Signature=*****" http.request_content_length=131 aws.region=eu-west-1 http.method=POST http.request.header.content_type=application/x-www-form-urlencoded http.request.header.x_amz_date=20260928T001620Z http.url=https://iam.amazonaws.com/ tf_aws.sdk=aws-sdk-go-v2 tf_aws.signing_region="" http.request.body="***" timestamp="2026-09-28T01:16:20.380+0100"
2026-09-28T01:16:20.385+0100 [DEBUG] provider.terraform-provider-aws_v6.50.0_x5.exe: HTTP Request Sent: http.request.header.content_type=application/x-www-form-urlencoded net.peer.name=iam.amazonaws.com tf_provider_addr=registry.terraform.io/hashicorp/aws tf_rpc=ReadResource http.request.body="***" http.request_content_length=132 tf_mux_provider="*schema.GRPCProviderServer" tf_resource_type=aws_iam_policy @module=aws aws.region=eu-west-1 http.method=POST http.request.header.authorization="AWS4-HMAC-SHA256 Credential=AKIA************SZUM/20260928/us-east-1/iam/aws4_request, SignedHeaders=amz-sdk-invocation-id;amz-sdk-request;content-length;content-type;host;x-amz-date, Signature=*****" http.url=https://iam.amazonaws.com/ rpc.system.name=aws-api tf_aws.sdk=aws-sdk-go-v2 @caller=github.com/hashicorp/aws-sdk-go-base/v2@v2.0.0-beta.73/logging/tf_logger.go:45 http.request.header.amz_sdk_request="attempt=1; max=25" http.request.header.x_amz_date=20260928T001620Z http.user_agent="APN/1.0 HashiCorp/1.0 Terraform/1.15.3 (+https://www.terraform.io) terraform-provider-aws/6.50.0 (+https://registry.terraform.io/providers/hashicorp/aws) aws-sdk-go-v2/1.42.0 ua/2.1 os/windows lang/go#1.26.3 md/GOOS#windows md/GOARCH#amd64 api/iam#1.54.4 m/n" rpc.method=IAM/GetPolicyVersion tf_aws.signing_region="" tf_req_id=51594ebd-a82a-fd1b-c161-71f6cdef1431 http.request.header.amz_sdk_invocation_id=60cac6e1-755b-4b8f-9734-600e39a63f2c timestamp="2026-09-28T01:16:20.384+0100"
2026-09-28T01:16:20.394+0100 [DEBUG] provider.terraform-provider-aws_v6.50.0_x5.exe: HTTP Request Sent: http.request.header.amz_sdk_invocation_id=941a5bed-a34c-4628-8eba-70eee25e37d8 http.request.header.authorization="AWS4-HMAC-SHA256 Credential=AKIA************SZUM/20260928/us-east-1/iam/aws4_request, SignedHeaders=amz-sdk-invocation-id;amz-sdk-request;content-length;content-type;host;x-amz-date, Signature=*****" http.request.header.x_amz_date=20260928T001620Z http.request_content_length=131 net.peer.name=iam.amazonaws.com tf_rpc=ReadResource @caller=github.com/hashicorp/aws-sdk-go-base/v2@v2.0.0-beta.73/logging/tf_logger.go:45 http.request.body="***" http.url=https://iam.amazonaws.com/ http.user_agent="APN/1.0 HashiCorp/1.0 Terraform/1.15.3 (+https://www.terraform.io) terraform-provider-aws/6.50.0 (+https://registry.terraform.io/providers/hashicorp/aws) aws-sdk-go-v2/1.42.0 ua/2.1 os/windows lang/go#1.26.3 md/GOOS#windows md/GOARCH#amd64 api/iam#1.54.4 m/n" rpc.method=IAM/GetPolicyVersion rpc.system.name=aws-api tf_mux_provider="*schema.GRPCProviderServer" tf_req_id=700941bb-d272-f962-ea41-203b123b8a52 http.method=POST http.request.header.amz_sdk_request="attempt=1; max=25" http.request.header.content_type=application/x-www-form-urlencoded tf_aws.sdk=aws-sdk-go-v2 tf_aws.signing_region="" tf_provider_addr=registry.terraform.io/hashicorp/aws @module=aws aws.region=eu-west-1 tf_resource_type=aws_iam_policy timestamp="2026-09-28T01:16:20.392+0100"
2026-09-28T01:16:20.450+0100 [DEBUG] provider.terraform-provider-aws_v6.50.0_x5.exe: HTTP Request Sent: tf_rpc=ReadResource @module=aws aws.region=eu-west-1 http.request.header.amz_sdk_invocation_id=d6ed611f-7a57-405a-9aec-bd3561eb0e59 http.request.header.x_amz_date=20260928T001620Z http.request_content_length=132 net.peer.name=iam.amazonaws.com tf_provider_addr=registry.terraform.io/hashicorp/aws @caller=github.com/hashicorp/aws-sdk-go-base/v2@v2.0.0-beta.73/logging/tf_logger.go:45 http.request.header.amz_sdk_request="attempt=1; max=25" http.request.header.authorization="AWS4-HMAC-SHA256 Credential=AKIA************SZUM/20260928/us-east-1/iam/aws4_request, SignedHeaders=amz-sdk-invocation-id;amz-sdk-request;content-length;content-type;host;x-amz-date, Signature=*****" http.user_agent="APN/1.0 HashiCorp/1.0 Terraform/1.15.3 (+https://www.terraform.io) terraform-provider-aws/6.50.0 (+https://registry.terraform.io/providers/hashicorp/aws) aws-sdk-go-v2/1.42.0 ua/2.1 os/windows lang/go#1.26.3 md/GOOS#windows md/GOARCH#amd64 api/iam#1.54.4 m/n" rpc.method=IAM/GetPolicyVersion tf_aws.sdk=aws-sdk-go-v2 tf_mux_provider="*schema.GRPCProviderServer" tf_resource_type=aws_iam_policy http.request.header.content_type=application/x-www-form-urlencoded http.url=https://iam.amazonaws.com/ rpc.system.name=aws-api http.method=POST http.request.body="***" tf_aws.signing_region="" tf_req_id=d7836099-80f7-dbd2-4397-f95496f93e66 timestamp="2026-09-28T01:16:20.450+0100"
2026-09-28T01:16:20.545+0100 [DEBUG] provider.terraform-provider-aws_v6.50.0_x5.exe: HTTP Response Received: tf_rpc=ReadResource @module=aws aws.region=eu-west-1 http.response.header.date="Mon, 28 Sep 2026 00:16:20 GMT" http.response.header.x_amzn_requestid=11e9ad4b-3390-4fca-8da9-e61dc92f1ead rpc.method=IAM/GetPolicyVersion tf_mux_provider="*schema.GRPCProviderServer" tf_resource_type=aws_iam_policy @caller=github.com/hashicorp/aws-sdk-go-base/v2@v2.0.0-beta.73/logging/tf_logger.go:45 http.response.header.content_type=text/xml http.response_content_length=1058 http.status_code=200 tf_req_id=700941bb-d272-f962-ea41-203b123b8a52 tf_aws.sdk=aws-sdk-go-v2 http.duration=150 http.response.body="***" rpc.system.name=aws-api tf_aws.signing_region="" tf_provider_addr=registry.terraform.io/hashicorp/aws timestamp="2026-09-28T01:16:20.544+0100"
2026-09-28T01:16:20.559+0100 [DEBUG] provider.terraform-provider-aws_v6.50.0_x5.exe: HTTP Response Received: @caller=github.com/hashicorp/aws-sdk-go-base/v2@v2.0.0-beta.73/logging/tf_logger.go:45 http.response.header.content_type=text/xml http.response_content_length=1173 tf_provider_addr=registry.terraform.io/hashicorp/aws http.duration=176 http.response.body="***" http.response.header.x_amzn_requestid=5f635be3-ee48-4048-8cc5-09bf5ec58d30 rpc.method=IAM/GetPolicyVersion tf_resource_type=aws_iam_policy tf_rpc=ReadResource @module=aws http.status_code=200 rpc.system.name=aws-api tf_aws.signing_region="" tf_req_id=b17d1701-556c-2b43-c7e1-50b0b1de6d91 aws.region=eu-west-1 http.response.header.date="Mon, 28 Sep 2026 00:16:20 GMT" tf_aws.sdk=aws-sdk-go-v2 tf_mux_provider="*schema.GRPCProviderServer" timestamp="2026-09-28T01:16:20.558+0100"
2026-09-28T01:16:20.572+0100 [DEBUG] provider.terraform-provider-aws_v6.50.0_x5.exe: HTTP Response Received: http.response.header.x_amzn_requestid=f15e6444-e7f9-4643-9428-12411b98980d http.status_code=200 tf_mux_provider="*schema.GRPCProviderServer" tf_provider_addr=registry.terraform.io/hashicorp/aws @caller=github.com/hashicorp/aws-sdk-go-base/v2@v2.0.0-beta.73/logging/tf_logger.go:45 aws.region=eu-west-1 http.duration=187 http.response.header.content_type=text/xml rpc.method=IAM/GetPolicyVersion rpc.system.name=aws-api tf_aws.signing_region="" tf_req_id=51594ebd-a82a-fd1b-c161-71f6cdef1431 @module=aws tf_resource_type=aws_iam_policy tf_rpc=ReadResource http.response.body="***" http.response_content_length=2170 tf_aws.sdk=aws-sdk-go-v2 http.response.header.date="Mon, 28 Sep 2026 00:16:20 GMT" timestamp="2026-09-28T01:16:20.572+0100"
2026-09-28T01:16:20.572+0100 [DEBUG] provider.terraform-provider-aws_v6.50.0_x5.exe: HTTP Request Sent: @caller=github.com/hashicorp/aws-sdk-go-base/v2@v2.0.0-beta.73/logging/tf_logger.go:45 http.user_agent="APN/1.0 HashiCorp/1.0 Terraform/1.15.3 (+https://www.terraform.io) terraform-provider-aws/6.50.0 (+https://registry.terraform.io/providers/hashicorp/aws) aws-sdk-go-v2/1.42.0 ua/2.1 os/windows lang/go#1.26.3 md/GOOS#windows md/GOARCH#amd64 api/iam#1.54.4 m/n" rpc.system.name=aws-api tf_req_id=2ab01eb7-7ca3-1391-6d6f-89869e4c52a6 tf_resource_type=aws_iam_policy tf_rpc=ReadResource @module=aws http.request.header.amz_sdk_invocation_id=14e7bea6-1964-45d7-a64d-84c32054e487 http.request.header.authorization="AWS4-HMAC-SHA256 Credential=AKIA************SZUM/20260928/us-east-1/iam/aws4_request, SignedHeaders=amz-sdk-invocation-id;amz-sdk-request;content-length;content-type;host;x-amz-date, Signature=*****" http.request.header.x_amz_date=20260928T001620Z tf_aws.signing_region="" aws.region=eu-west-1 http.request.header.content_type=application/x-www-form-urlencoded http.request_content_length=138 http.url=https://iam.amazonaws.com/ tf_provider_addr=registry.terraform.io/hashicorp/aws http.method=POST http.request.body="***" http.request.header.amz_sdk_request="attempt=1; max=25" net.peer.name=iam.amazonaws.com rpc.method=IAM/GetPolicyVersion tf_aws.sdk=aws-sdk-go-v2 tf_mux_provider="*schema.GRPCProviderServer" timestamp="2026-09-28T01:16:20.572+0100"
2026-09-28T01:16:20.639+0100 [DEBUG] provider.terraform-provider-aws_v6.50.0_x5.exe: HTTP Response Received: aws.region=eu-west-1 http.response.header.content_type=text/xml http.response.header.date="Mon, 28 Sep 2026 00:16:20 GMT" http.response.header.x_amzn_requestid=9e4e0894-fc3a-4e93-b527-e1dbe62bd82d rpc.method=IAM/GetPolicyVersion tf_resource_type=aws_iam_policy tf_rpc=ReadResource @caller=github.com/hashicorp/aws-sdk-go-base/v2@v2.0.0-beta.73/logging/tf_logger.go:45 http.response.body="***" http.response_content_length=849 rpc.system.name=aws-api tf_aws.sdk=aws-sdk-go-v2 http.duration=173 http.status_code=200 tf_aws.signing_region="" tf_mux_provider="*schema.GRPCProviderServer" tf_req_id=d7836099-80f7-dbd2-4397-f95496f93e66 @module=aws tf_provider_addr=registry.terraform.io/hashicorp/aws timestamp="2026-09-28T01:16:20.639+0100"
2026-09-28T01:16:20.783+0100 [DEBUG] provider.terraform-provider-aws_v6.50.0_x5.exe: HTTP Request Sent: http.request_content_length=50 http.request.header.accept_encoding=identity http.request.header.amz_sdk_invocation_id=1d07c168-333b-4100-a45e-e631a87793cf tf_provider_addr=registry.terraform.io/hashicorp/aws tf_resource_type=aws_dynamodb_table @caller=github.com/hashicorp/aws-sdk-go-base/v2@v2.0.0-beta.73/logging/tf_logger.go:45 http.request.header.x_amz_date=20260928T001620Z rpc.method=DynamoDB/DescribeTable tf_aws.signing_region="" tf_mux_provider="*schema.GRPCProviderServer" http.request.header.amz_sdk_request="attempt=1; max=25" http.request.header.content_type=application/x-amz-json-1.0 tf_aws.sdk=aws-sdk-go-v2 aws.dynamodb.table_names=[edgar-fitness-terraform-state-lock] http.method=POST http.request.header.x_amz_target=DynamoDB_20120810.DescribeTable http.url=https://dynamodb.eu-west-1.amazonaws.com/ tf_req_id=6a249ae8-fbf1-13a7-175f-10ea0001ee0e tf_rpc=ReadResource net.peer.name=dynamodb.eu-west-1.amazonaws.com rpc.system.name=aws-api http.user_agent="APN/1.0 HashiCorp/1.0 Terraform/1.15.3 (+https://www.terraform.io) terraform-provider-aws/6.50.0 (+https://registry.terraform.io/providers/hashicorp/aws) aws-sdk-go-v2/1.42.0 ua/2.1 os/windows lang/go#1.26.3 md/GOOS#windows md/GOARCH#amd64 api/dynamodb#1.59.0 m/P,n" http.request.header.authorization="AWS4-HMAC-SHA256 Credential=AKIA************SZUM/20260928/eu-west-1/dynamodb/aws4_request, SignedHeaders=accept-encoding;amz-sdk-invocation-id;amz-sdk-request;content-length;content-type;host;x-amz-date;x-amz-target, Signature=*****" @module=aws aws.region=eu-west-1 db.system.name=aws.dynamodb http.request.body="***" timestamp="2026-09-28T01:16:20.728+0100"
2026-09-28T01:16:20.783+0100 [DEBUG] provider.terraform-provider-aws_v6.50.0_x5.exe: HTTP Response Received: tf_mux_provider="*schema.GRPCProviderServer" tf_req_id=2ab01eb7-7ca3-1391-6d6f-89869e4c52a6 aws.region=eu-west-1 http.response.header.date="Mon, 28 Sep 2026 00:16:20 GMT" http.status_code=200 tf_resource_type=aws_iam_policy http.response.header.content_type=text/xml tf_aws.sdk=aws-sdk-go-v2 tf_provider_addr=registry.terraform.io/hashicorp/aws tf_rpc=ReadResource @caller=github.com/hashicorp/aws-sdk-go-base/v2@v2.0.0-beta.73/logging/tf_logger.go:45 http.duration=133 http.response.body="***" http.response.header.x_amzn_requestid=dd17e65b-ea5d-4f0e-a13a-41bee3451bd3 http.response_content_length=8186 rpc.method=IAM/GetPolicyVersion tf_aws.signing_region="" @module=aws rpc.system.name=aws-api timestamp="2026-09-28T01:16:20.746+0100"
2026-09-28T01:16:20.949+0100 [DEBUG] provider.terraform-provider-aws_v6.50.0_x5.exe: HTTP Response Received: aws.dynamodb.table_names=[edgar-fitness-terraform-state-lock] db.system.name=aws.dynamodb http.response.header.date="Mon, 28 Sep 2026 00:16:20 GMT" http.response.header.server=Server http.status_code=200 rpc.method=DynamoDB/DescribeTable @caller=github.com/hashicorp/aws-sdk-go-base/v2@v2.0.0-beta.73/logging/tf_logger.go:45 http.response_content_length=880 rpc.system.name=aws-api tf_aws.sdk=aws-sdk-go-v2 tf_aws.signing_region="" tf_mux_provider="*schema.GRPCProviderServer" aws.region=eu-west-1 http.response.body="***" http.response.header.connection=keep-alive http.response.header.content_type=application/x-amz-json-1.0 http.response.header.x_amzn_requestid=QJ2VU58J4V3067QIGT5E40N8BBVV4KQNSO5AEMVJF66Q9ASUAAJG tf_req_id=6a249ae8-fbf1-13a7-175f-10ea0001ee0e tf_resource_type=aws_dynamodb_table tf_rpc=ReadResource @module=aws http.duration=191 http.response.header.x_amz_crc32=734694476 tf_provider_addr=registry.terraform.io/hashicorp/aws timestamp="2026-09-28T01:16:20.920+0100"
2026-09-28T01:16:21.090+0100 [DEBUG] provider.terraform-provider-aws_v6.50.0_x5.exe: HTTP Request Sent: http.request.header.amz_sdk_invocation_id=0423e5c6-8a43-40be-90a1-8fde5501f188 http.request.header.authorization="AWS4-HMAC-SHA256 Credential=AKIA************SZUM/20260928/eu-west-1/s3/aws4_request, SignedHeaders=accept-encoding;amz-sdk-invocation-id;amz-sdk-request;host;x-amz-content-sha256;x-amz-date, Signature=*****" http.request.header.x_amz_date=20260928T001621Z http.user_agent="APN/1.0 HashiCorp/1.0 Terraform/1.15.3 (+https://www.terraform.io) terraform-provider-aws/6.50.0 (+https://registry.terraform.io/providers/hashicorp/aws) aws-sdk-go-v2/1.42.0 ua/2.1 os/windows lang/go#1.26.3 md/GOOS#windows md/GOARCH#amd64 api/s3#1.103.3 m/n" tf_aws.signing_region="" tf_resource_type=aws_s3_bucket @module=aws aws.region=eu-west-1 rpc.method=S3/GetBucketPolicy tf_aws.sdk=aws-sdk-go-v2 tf_mux_provider="*schema.GRPCProviderServer" http.method=GET http.url=https://edgar-fitness-terraform-state.s3.eu-west-1.amazonaws.com/?policy= net.peer.name=edgar-fitness-terraform-state.s3.eu-west-1.amazonaws.com tf_req_id=028430d1-3b25-e50c-319b-3d07f42fe4e5 http.request.body="***" http.request.header.amz_sdk_request="attempt=1; max=25" http.request.header.x_amz_content_sha256=e3b0c44298fc1c149afbf4c8996fb92427ae41e4649b934ca495991b7852b855 rpc.system.name=aws-api tf_provider_addr=registry.terraform.io/hashicorp/aws tf_rpc=ReadResource @caller=github.com/hashicorp/aws-sdk-go-base/v2@v2.0.0-beta.73/logging/tf_logger.go:45 http.request.header.accept_encoding=identity timestamp="2026-09-28T01:16:21.089+0100"
2026-09-28T01:16:21.155+0100 [DEBUG] provider.terraform-provider-aws_v6.50.0_x5.exe: HTTP Response Received: tf_provider_addr=registry.terraform.io/hashicorp/aws tf_resource_type=aws_s3_bucket tf_rpc=ReadResource tf_aws.signing_region="" http.status_code=404 aws.region=eu-west-1 http.response.header.content_type=application/xml http.response.header.x_amz_id_2="oRcY4kEJN0+BF1e42ZbGvtkCTwVcVRV9OHJy9qOKLAYPOoXFeIuWEh9wGZpU4KkSowAlDVx+JCc=" http.response.header.x_amz_request_id=X1Z2NRV10DJRCG8B tf_mux_provider="*schema.GRPCProviderServer" @module=aws http.duration=64 http.response.body="***" http.response.header.date="Mon, 28 Sep 2026 00:16:20 GMT" rpc.method=S3/GetBucketPolicy rpc.system.name=aws-api tf_req_id=028430d1-3b25-e50c-319b-3d07f42fe4e5 @caller=github.com/hashicorp/aws-sdk-go-base/v2@v2.0.0-beta.73/logging/tf_logger.go:45 http.response.header.server=AmazonS3 tf_aws.sdk=aws-sdk-go-v2 timestamp="2026-09-28T01:16:21.155+0100"
2026-09-28T01:16:21.251+0100 [WARN]  Provider "registry.terraform.io/hashicorp/aws" produced an invalid plan for module.iam.aws_iam_policy.terraform_logs, but we are tolerating it because it is using the legacy plugin SDK.
    The following problems may be the cause of any confusing errors from downstream operations:
      - .description: planned value cty.StringVal("") for a non-computed attribute
      - .tags: planned value cty.MapValEmpty(cty.String) for a non-computed attribute
      - .path: planned value cty.StringVal("/") for a non-computed attribute
2026-09-28T01:16:21.251+0100 [WARN]  Provider "registry.terraform.io/hashicorp/aws" produced an invalid plan for module.iam.aws_iam_policy.terraform_bootstrap, but we are tolerating it because it is using the legacy plugin SDK.
    The following problems may be the cause of any confusing errors from downstream operations:
      - .path: planned value cty.StringVal("/") for a non-computed attribute
      - .description: planned value cty.StringVal("") for a non-computed attribute
      - .tags: planned value cty.MapValEmpty(cty.String) for a non-computed attribute
2026-09-28T01:16:21.255+0100 [WARN]  Provider "registry.terraform.io/hashicorp/aws" produced an invalid plan for aws_iam_openid_connect_provider.github, but we are tolerating it because it is using the legacy plugin SDK.
    The following problems may be the cause of any confusing errors from downstream operations:
      - .tags: planned value cty.MapValEmpty(cty.String) for a non-computed attribute
2026-09-28T01:16:21.256+0100 [WARN]  Provider "registry.terraform.io/hashicorp/aws" produced an invalid plan for module.iam.aws_iam_policy.terraform_ec2, but we are tolerating it because it is using the legacy plugin SDK.
    The following problems may be the cause of any confusing errors from downstream operations:
      - .description: planned value cty.StringVal("") for a non-computed attribute
      - .tags: planned value cty.MapValEmpty(cty.String) for a non-computed attribute
      - .path: planned value cty.StringVal("/") for a non-computed attribute
2026-09-28T01:16:21.604+0100 [WARN]  Provider "registry.terraform.io/hashicorp/aws" produced an invalid plan for module.iam.aws_iam_policy.terraform_ecs, but we are tolerating it because it is using the legacy plugin SDK.
    The following problems may be the cause of any confusing errors from downstream operations:
      - .description: planned value cty.StringVal("") for a non-computed attribute
      - .tags: planned value cty.MapValEmpty(cty.String) for a non-computed attribute
      - .path: planned value cty.StringVal("/") for a non-computed attribute
2026-09-28T01:16:21.612+0100 [WARN]  Provider "registry.terraform.io/hashicorp/aws" produced an invalid plan for module.iam.aws_iam_policy.terraform_ecr, but we are tolerating it because it is using the legacy plugin SDK.
    The following problems may be the cause of any confusing errors from downstream operations:
      - .description: planned value cty.StringVal("") for a non-computed attribute
      - .tags: planned value cty.MapValEmpty(cty.String) for a non-computed attribute
      - .path: planned value cty.StringVal("/") for a non-computed attribute
2026-09-28T01:16:21.615+0100 [DEBUG] ReferenceTransformer: "data.aws_iam_policy_document.github_oidc_assume" references: []
2026-09-28T01:16:21.873+0100 [DEBUG] provider.terraform-provider-aws_v6.50.0_x5.exe: request failed with unretryable error https response error StatusCode: 404, RequestID: X1Z2NRV10DJRCG8B, HostID: oRcY4kEJN0+BF1e42ZbGvtkCTwVcVRV9OHJy9qOKLAYPOoXFeIuWEh9wGZpU4KkSowAlDVx+JCc=, api error NoSuchBucketPolicy: The bucket policy does not exist: @caller=github.com/hashicorp/aws-sdk-go-base/v2@v2.0.0-beta.73/logging/tf_logger.go:45 rpc.system.name=aws-api tf_mux_provider="*schema.GRPCProviderServer" tf_provider_addr=registry.terraform.io/hashicorp/aws tf_req_id=028430d1-3b25-e50c-319b-3d07f42fe4e5 @module=aws aws.region=eu-west-1 rpc.method=S3/GetBucketPolicy tf_aws.sdk=aws-sdk-go-v2 tf_resource_type=aws_s3_bucket tf_rpc=ReadResource timestamp="2026-09-28T01:16:21.872+0100"
2026-09-28T01:16:22.036+0100 [DEBUG] ReferenceTransformer: "module.iam.aws_iam_role.github_bootstrap_role" references: []
2026-09-28T01:16:22.098+0100 [DEBUG] provider.terraform-provider-aws_v6.50.0_x5.exe: HTTP Request Sent: aws.region=eu-west-1 http.request.header.amz_sdk_request="attempt=1; max=25" http.request.header.authorization="AWS4-HMAC-SHA256 Credential=AKIA************SZUM/20260928/eu-west-1/dynamodb/aws4_request, SignedHeaders=accept-encoding;amz-sdk-invocation-id;amz-sdk-request;content-length;content-type;host;x-amz-date;x-amz-target, Signature=*****" net.peer.name=dynamodb.eu-west-1.amazonaws.com tf_mux_provider="*schema.GRPCProviderServer" @caller=github.com/hashicorp/aws-sdk-go-base/v2@v2.0.0-beta.73/logging/tf_logger.go:45 http.request.header.x_amz_target=DynamoDB_20120810.DescribeContinuousBackups rpc.method=DynamoDB/DescribeContinuousBackups tf_aws.sdk=aws-sdk-go-v2 tf_provider_addr=registry.terraform.io/hashicorp/aws http.request.header.content_type=application/x-amz-json-1.0 http.url=https://dynamodb.eu-west-1.amazonaws.com/ rpc.system.name=aws-api tf_rpc=ReadResource db.system.name=aws.dynamodb http.request_content_length=50 http.method=POST http.request.body="***" http.request.header.accept_encoding=identity http.user_agent="APN/1.0 HashiCorp/1.0 Terraform/1.15.3 (+https://www.terraform.io) terraform-provider-aws/6.50.0 (+https://registry.terraform.io/providers/hashicorp/aws) aws-sdk-go-v2/1.42.0 ua/2.1 os/windows lang/go#1.26.3 md/GOOS#windows md/GOARCH#amd64 api/dynamodb#1.59.0 m/P,n" http.request.header.amz_sdk_invocation_id=e70c78b8-b8f7-479c-bfcc-b06534066106 tf_aws.signing_region="" tf_req_id=6a249ae8-fbf1-13a7-175f-10ea0001ee0e @module=aws http.request.header.x_amz_date=20260928T001620Z tf_resource_type=aws_dynamodb_table timestamp="2026-09-28T01:16:22.097+0100"
2026-09-28T01:16:22.191+0100 [DEBUG] provider.terraform-provider-aws_v6.50.0_x5.exe: HTTP Response Received: @caller=github.com/hashicorp/aws-sdk-go-base/v2@v2.0.0-beta.73/logging/tf_logger.go:45 http.status_code=200 rpc.system.name=aws-api tf_mux_provider="*schema.GRPCProviderServer" tf_resource_type=aws_dynamodb_table @module=aws http.response.body="***" http.response.header.connection=keep-alive http.response.header.content_type=application/x-amz-json-1.0 tf_req_id=6a249ae8-fbf1-13a7-175f-10ea0001ee0e http.duration=92 http.response.header.x_amz_crc32=430025545 http.response_content_length=144 rpc.method=DynamoDB/DescribeContinuousBackups tf_aws.sdk=aws-sdk-go-v2 tf_rpc=ReadResource http.response.header.server=Server aws.region=eu-west-1 db.system.name=aws.dynamodb http.response.header.date="Mon, 28 Sep 2026 00:16:22 GMT" http.response.header.x_amzn_requestid=KE2ECQ9NEFIE5C3028U8P292UBVV4KQNSO5AEMVJF66Q9ASUAAJG tf_aws.signing_region="" tf_provider_addr=registry.terraform.io/hashicorp/aws timestamp="2026-09-28T01:16:22.190+0100"
2026-09-28T01:16:22.367+0100 [DEBUG] provider.terraform-provider-aws_v6.50.0_x5.exe: HTTP Request Sent: http.url=https://dynamodb.eu-west-1.amazonaws.com/ rpc.method=DynamoDB/DescribeTimeToLive tf_req_id=6a249ae8-fbf1-13a7-175f-10ea0001ee0e http.request.header.content_type=application/x-amz-json-1.0 db.system.name=aws.dynamodb http.request_content_length=50 tf_rpc=ReadResource tf_provider_addr=registry.terraform.io/hashicorp/aws @module=aws http.request.body="***" http.request.header.amz_sdk_request="attempt=1; max=25" rpc.system.name=aws-api aws.region=eu-west-1 http.method=POST http.request.header.authorization="AWS4-HMAC-SHA256 Credential=AKIA************SZUM/20260928/eu-west-1/dynamodb/aws4_request, SignedHeaders=accept-encoding;amz-sdk-invocation-id;amz-sdk-request;content-length;content-type;host;x-amz-date;x-amz-target, Signature=*****" tf_aws.signing_region="" tf_mux_provider="*schema.GRPCProviderServer" @caller=github.com/hashicorp/aws-sdk-go-base/v2@v2.0.0-beta.73/logging/tf_logger.go:45 http.request.header.x_amz_date=20260928T001622Z http.request.header.x_amz_target=DynamoDB_20120810.DescribeTimeToLive http.user_agent="APN/1.0 HashiCorp/1.0 Terraform/1.15.3 (+https://www.terraform.io) terraform-provider-aws/6.50.0 (+https://registry.terraform.io/providers/hashicorp/aws) aws-sdk-go-v2/1.42.0 ua/2.1 os/windows lang/go#1.26.3 md/GOOS#windows md/GOARCH#amd64 api/dynamodb#1.59.0 m/P,n" tf_aws.sdk=aws-sdk-go-v2 http.request.header.amz_sdk_invocation_id=33fa4e65-d4b3-4455-b41f-488fad5dd3e3 http.request.header.accept_encoding=identity net.peer.name=dynamodb.eu-west-1.amazonaws.com tf_resource_type=aws_dynamodb_table timestamp="2026-09-28T01:16:22.367+0100"
2026-09-28T01:16:22.412+0100 [DEBUG] provider.terraform-provider-aws_v6.50.0_x5.exe: HTTP Request Sent: tf_aws.sdk=aws-sdk-go-v2 tf_aws.signing_region="" tf_mux_provider="*schema.GRPCProviderServer" tf_provider_addr=registry.terraform.io/hashicorp/aws tf_rpc=ReadResource @module=aws http.request.header.content_type=application/x-www-form-urlencoded http.request.header.x_amz_date=20260928T001621Z rpc.system.name=aws-api http.request.header.amz_sdk_invocation_id=e153e808-518a-44c0-879f-0372a8bfd247 rpc.method=IAM/GetRole tf_req_id=0178a668-505d-2d96-e76d-cbda3e51f77c tf_resource_type=aws_iam_role @caller=github.com/hashicorp/aws-sdk-go-base/v2@v2.0.0-beta.73/logging/tf_logger.go:45 aws.region=eu-west-1 http.method=POST http.request.header.amz_sdk_request="attempt=1; max=25" http.request.header.authorization="AWS4-HMAC-SHA256 Credential=AKIA************SZUM/20260928/us-east-1/iam/aws4_request, SignedHeaders=amz-sdk-invocation-id;amz-sdk-request;content-length;content-type;host;x-amz-date, Signature=*****" http.request_content_length=64 http.url=https://iam.amazonaws.com/ http.request.body="***" http.user_agent="APN/1.0 HashiCorp/1.0 Terraform/1.15.3 (+https://www.terraform.io) terraform-provider-aws/6.50.0 (+https://registry.terraform.io/providers/hashicorp/aws) aws-sdk-go-v2/1.42.0 ua/2.1 os/windows lang/go#1.26.3 md/GOOS#windows md/GOARCH#amd64 api/iam#1.54.4 m/n" net.peer.name=iam.amazonaws.com timestamp="2026-09-28T01:16:22.412+0100"
2026-09-28T01:16:22.430+0100 [DEBUG] provider.terraform-provider-aws_v6.50.0_x5.exe: HTTP Response Received: http.response.header.x_amzn_requestid=90JVI5EHPCFPS41V19AAQSV9PFVV4KQNSO5AEMVJF66Q9ASUAAJG rpc.system.name=aws-api tf_mux_provider="*schema.GRPCProviderServer" tf_req_id=6a249ae8-fbf1-13a7-175f-10ea0001ee0e http.duration=61 http.response.header.connection=keep-alive http.response.header.content_type=application/x-amz-json-1.0 http.response_content_length=57 http.status_code=200 tf_provider_addr=registry.terraform.io/hashicorp/aws @module=aws db.system.name=aws.dynamodb rpc.method=DynamoDB/DescribeTimeToLive tf_aws.sdk=aws-sdk-go-v2 tf_aws.signing_region="" @caller=github.com/hashicorp/aws-sdk-go-base/v2@v2.0.0-beta.73/logging/tf_logger.go:45 aws.region=eu-west-1 tf_resource_type=aws_dynamodb_table tf_rpc=ReadResource http.response.body="***" http.response.header.date="Mon, 28 Sep 2026 00:16:22 GMT" http.response.header.server=Server http.response.header.x_amz_crc32=243044618 timestamp="2026-09-28T01:16:22.429+0100"
2026-09-28T01:16:22.509+0100 [DEBUG] provider.terraform-provider-aws_v6.50.0_x5.exe: HTTP Request Sent: @caller=github.com/hashicorp/aws-sdk-go-base/v2@v2.0.0-beta.73/logging/tf_logger.go:45 @module=aws aws.region=eu-west-1 http.request.body="***" net.peer.name=edgar-fitness-terraform-state.s3.eu-west-1.amazonaws.com tf_provider_addr=registry.terraform.io/hashicorp/aws tf_req_id=028430d1-3b25-e50c-319b-3d07f42fe4e5 http.request.header.x_amz_date=20260928T001621Z http.method=GET http.request.header.accept_encoding=identity http.request.header.x_amz_content_sha256=e3b0c44298fc1c149afbf4c8996fb92427ae41e4649b934ca495991b7852b855 http.user_agent="APN/1.0 HashiCorp/1.0 Terraform/1.15.3 (+https://www.terraform.io) terraform-provider-aws/6.50.0 (+https://registry.terraform.io/providers/hashicorp/aws) aws-sdk-go-v2/1.42.0 ua/2.1 os/windows lang/go#1.26.3 md/GOOS#windows md/GOARCH#amd64 api/s3#1.103.3 m/n" rpc.system.name=aws-api tf_aws.signing_region="" http.url=https://edgar-fitness-terraform-state.s3.eu-west-1.amazonaws.com/?acl= tf_mux_provider="*schema.GRPCProviderServer" tf_resource_type=aws_s3_bucket tf_rpc=ReadResource http.request.header.amz_sdk_invocation_id=26422aa4-d8a9-4f0f-988d-95d47d5b8e1a http.request.header.amz_sdk_request="attempt=1; max=25" http.request.header.authorization="AWS4-HMAC-SHA256 Credential=AKIA************SZUM/20260928/eu-west-1/s3/aws4_request, SignedHeaders=accept-encoding;amz-sdk-invocation-id;amz-sdk-request;host;x-amz-content-sha256;x-amz-date, Signature=*****" rpc.method=S3/GetBucketAcl tf_aws.sdk=aws-sdk-go-v2 timestamp="2026-09-28T01:16:22.508+0100"
2026-09-28T01:16:22.559+0100 [DEBUG] provider.terraform-provider-aws_v6.50.0_x5.exe: HTTP Response Received: @caller=github.com/hashicorp/aws-sdk-go-base/v2@v2.0.0-beta.73/logging/tf_logger.go:45 http.duration=146 http.response.header.date="Mon, 28 Sep 2026 00:16:22 GMT" rpc.system.name=aws-api tf_mux_provider="*schema.GRPCProviderServer" tf_provider_addr=registry.terraform.io/hashicorp/aws http.response.header.content_type=text/xml rpc.method=IAM/GetRole tf_aws.signing_region="" tf_req_id=0178a668-505d-2d96-e76d-cbda3e51f77c tf_resource_type=aws_iam_role http.status_code=200 http.response.body="***" http.response.header.x_amzn_requestid=fc41be1e-5a3f-457c-930f-28b90db380d2 tf_rpc=ReadResource @module=aws aws.region=eu-west-1 http.response_content_length=1315 tf_aws.sdk=aws-sdk-go-v2 timestamp="2026-09-28T01:16:22.558+0100"
2026-09-28T01:16:22.574+0100 [DEBUG] provider.terraform-provider-aws_v6.50.0_x5.exe: HTTP Response Received: tf_rpc=ReadResource http.response.header.server=AmazonS3 tf_aws.sdk=aws-sdk-go-v2 tf_req_id=028430d1-3b25-e50c-319b-3d07f42fe4e5 tf_resource_type=aws_s3_bucket http.duration=64 http.response.body="***" http.response.header.content_type=application/xml http.response.header.x_amz_id_2="d/hbp3KPHNr0vvvVGvSwJeRFJmkQPXm+1/k9L7Ud726kaXJi7lAo88AB3wvWw0dVrIh2e8DyUs8=" http.response.header.x_amz_request_id=7VMHQX6VQSMNJ226 tf_mux_provider="*schema.GRPCProviderServer" @caller=github.com/hashicorp/aws-sdk-go-base/v2@v2.0.0-beta.73/logging/tf_logger.go:45 aws.region=eu-west-1 http.response.header.date="Mon, 28 Sep 2026 00:16:23 GMT" http.status_code=200 rpc.method=S3/GetBucketAcl rpc.system.name=aws-api tf_aws.signing_region="" @module=aws tf_provider_addr=registry.terraform.io/hashicorp/aws timestamp="2026-09-28T01:16:22.573+0100"
2026-09-28T01:16:22.779+0100 [DEBUG] provider.terraform-provider-aws_v6.50.0_x5.exe: HTTP Request Sent: http.request.header.accept_encoding=identity http.request.header.amz_sdk_invocation_id=bf64fffc-5f01-4b35-9383-947268594402 http.request_content_length=98 rpc.method=DynamoDB/ListTagsOfResource tf_aws.sdk=aws-sdk-go-v2 tf_mux_provider="*schema.GRPCProviderServer" http.request.body="***" http.url=https://234334047980.ddb.eu-west-1.amazonaws.com/ tf_aws.signing_region="" tf_resource_type=aws_dynamodb_table tf_rpc=ReadResource @caller=github.com/hashicorp/aws-sdk-go-base/v2@v2.0.0-beta.73/logging/tf_logger.go:45 @module=aws db.system.name=aws.dynamodb http.request.header.amz_sdk_request="attempt=1; max=25" net.peer.name=234334047980.ddb.eu-west-1.amazonaws.com rpc.system.name=aws-api aws.region=eu-west-1 http.request.header.authorization="AWS4-HMAC-SHA256 Credential=AKIA************SZUM/20260928/eu-west-1/dynamodb/aws4_request, SignedHeaders=accept-encoding;amz-sdk-invocation-id;amz-sdk-request;content-length;content-type;host;x-amz-date;x-amz-target, Signature=*****" http.request.header.content_type=application/x-amz-json-1.0 http.request.header.x_amz_target=DynamoDB_20120810.ListTagsOfResource tf_provider_addr=registry.terraform.io/hashicorp/aws http.method=POST http.request.header.x_amz_date=20260928T001622Z tf_req_id=6a249ae8-fbf1-13a7-175f-10ea0001ee0e http.user_agent="APN/1.0 HashiCorp/1.0 Terraform/1.15.3 (+https://www.terraform.io) terraform-provider-aws/6.50.0 (+https://registry.terraform.io/providers/hashicorp/aws) aws-sdk-go-v2/1.42.0 ua/2.1 os/windows lang/go#1.26.3 md/GOOS#windows md/GOARCH#amd64 api/dynamodb#1.59.0 m/P,n" timestamp="2026-09-28T01:16:22.779+0100"
2026-09-28T01:16:23.041+0100 [DEBUG] provider.terraform-provider-aws_v6.50.0_x5.exe: HTTP Response Received: @module=aws db.system.name=aws.dynamodb http.duration=262 http.response.body="***" http.response.header.date="Mon, 28 Sep 2026 00:16:22 GMT" rpc.system.name=aws-api tf_resource_type=aws_dynamodb_table http.response_content_length=11 rpc.method=DynamoDB/ListTagsOfResource tf_aws.sdk=aws-sdk-go-v2 tf_req_id=6a249ae8-fbf1-13a7-175f-10ea0001ee0e tf_rpc=ReadResource aws.region=eu-west-1 http.response.header.x_amz_crc32=1756070277 tf_mux_provider="*schema.GRPCProviderServer" http.response.header.connection=keep-alive http.response.header.content_type=application/x-amz-json-1.0 http.response.header.server=Server http.response.header.x_amzn_requestid=7HJ1D7J96Q4142LEBC94H4EHNJVV4KQNSO5AEMVJF66Q9ASUAAJG http.status_code=200 tf_aws.signing_region="" tf_provider_addr=registry.terraform.io/hashicorp/aws @caller=github.com/hashicorp/aws-sdk-go-base/v2@v2.0.0-beta.73/logging/tf_logger.go:45 timestamp="2026-09-28T01:16:23.041+0100"
2026-09-28T01:16:23.186+0100 [DEBUG] provider.terraform-provider-aws_v6.50.0_x5.exe: HTTP Request Sent: tf_rpc=ReadResource @caller=github.com/hashicorp/aws-sdk-go-base/v2@v2.0.0-beta.73/logging/tf_logger.go:45 http.method=GET http.request.header.amz_sdk_request="attempt=1; max=25" rpc.system.name=aws-api tf_aws.sdk=aws-sdk-go-v2 tf_mux_provider="*schema.GRPCProviderServer" http.request.body="***" rpc.method=S3/GetBucketCors tf_aws.signing_region="" http.request.header.x_amz_date=20260928T001623Z @module=aws aws.region=eu-west-1 http.request.header.accept_encoding=identity http.request.header.authorization="AWS4-HMAC-SHA256 Credential=AKIA************SZUM/20260928/eu-west-1/s3/aws4_request, SignedHeaders=accept-encoding;amz-sdk-invocation-id;amz-sdk-request;host;x-amz-content-sha256;x-amz-date, Signature=*****" http.request.header.x_amz_content_sha256=e3b0c44298fc1c149afbf4c8996fb92427ae41e4649b934ca495991b7852b855 http.user_agent="APN/1.0 HashiCorp/1.0 Terraform/1.15.3 (+https://www.terraform.io) terraform-provider-aws/6.50.0 (+https://registry.terraform.io/providers/hashicorp/aws) aws-sdk-go-v2/1.42.0 ua/2.1 os/windows lang/go#1.26.3 md/GOOS#windows md/GOARCH#amd64 api/s3#1.103.3 m/n" tf_provider_addr=registry.terraform.io/hashicorp/aws http.request.header.amz_sdk_invocation_id=05666873-8b2b-4812-b756-c4a55a037a6a http.url=https://edgar-fitness-terraform-state.s3.eu-west-1.amazonaws.com/?cors= net.peer.name=edgar-fitness-terraform-state.s3.eu-west-1.amazonaws.com tf_req_id=028430d1-3b25-e50c-319b-3d07f42fe4e5 tf_resource_type=aws_s3_bucket timestamp="2026-09-28T01:16:23.186+0100"
2026-09-28T01:16:23.246+0100 [DEBUG] provider.terraform-provider-aws_v6.50.0_x5.exe: HTTP Response Received: @caller=github.com/hashicorp/aws-sdk-go-base/v2@v2.0.0-beta.73/logging/tf_logger.go:45 @module=aws http.response.body="***" http.response.header.date="Mon, 28 Sep 2026 00:16:22 GMT" http.status_code=404 tf_aws.sdk=aws-sdk-go-v2 tf_req_id=028430d1-3b25-e50c-319b-3d07f42fe4e5 tf_rpc=ReadResource http.duration=58 http.response.header.content_type=application/xml http.response.header.x_amz_id_2="oKHRbdtlRnCEYObc19Eog/rhoHLnLdr0zsN3+BZ6t1tIV+xZDXim3wgMvTmubAmPBc7QOI588w4=" rpc.method=S3/GetBucketCors tf_aws.signing_region="" tf_mux_provider="*schema.GRPCProviderServer" tf_provider_addr=registry.terraform.io/hashicorp/aws aws.region=eu-west-1 http.response.header.server=AmazonS3 http.response.header.x_amz_request_id=0ABT3A3JY6196TR9 rpc.system.name=aws-api tf_resource_type=aws_s3_bucket timestamp="2026-09-28T01:16:23.245+0100"
2026-09-28T01:16:23.246+0100 [DEBUG] provider.terraform-provider-aws_v6.50.0_x5.exe: request failed with unretryable error https response error StatusCode: 404, RequestID: 0ABT3A3JY6196TR9, HostID: oKHRbdtlRnCEYObc19Eog/rhoHLnLdr0zsN3+BZ6t1tIV+xZDXim3wgMvTmubAmPBc7QOI588w4=, api error NoSuchCORSConfiguration: The CORS configuration does not exist: rpc.method=S3/GetBucketCors rpc.system.name=aws-api tf_aws.sdk=aws-sdk-go-v2 @caller=github.com/hashicorp/aws-sdk-go-base/v2@v2.0.0-beta.73/logging/tf_logger.go:45 aws.region=eu-west-1 tf_mux_provider="*schema.GRPCProviderServer" tf_provider_addr=registry.terraform.io/hashicorp/aws tf_req_id=028430d1-3b25-e50c-319b-3d07f42fe4e5 tf_resource_type=aws_s3_bucket tf_rpc=ReadResource @module=aws timestamp="2026-09-28T01:16:23.246+0100"
2026-09-28T01:16:23.324+0100 [DEBUG] provider.terraform-provider-aws_v6.50.0_x5.exe: HTTP Request Sent: http.request.header.amz_sdk_request="attempt=1; max=25" http.request.header.x_amz_date=20260928T001622Z http.url=https://iam.amazonaws.com/ http.user_agent="APN/1.0 HashiCorp/1.0 Terraform/1.15.3 (+https://www.terraform.io) terraform-provider-aws/6.50.0 (+https://registry.terraform.io/providers/hashicorp/aws) aws-sdk-go-v2/1.42.0 ua/2.1 os/windows lang/go#1.26.3 md/GOOS#windows md/GOARCH#amd64 api/iam#1.54.4 m/C,n" rpc.system.name=aws-api tf_req_id=0178a668-505d-2d96-e76d-cbda3e51f77c tf_resource_type=aws_iam_role tf_rpc=ReadResource @caller=github.com/hashicorp/aws-sdk-go-base/v2@v2.0.0-beta.73/logging/tf_logger.go:45 @module=aws http.method=POST http.request.header.amz_sdk_invocation_id=da76a546-9c4e-4c42-8c45-c5e7a325037a http.request.header.authorization="AWS4-HMAC-SHA256 Credential=AKIA************SZUM/20260928/us-east-1/iam/aws4_request, SignedHeaders=amz-sdk-invocation-id;amz-sdk-request;content-length;content-type;host;x-amz-date, Signature=*****" http.request_content_length=73 tf_aws.sdk=aws-sdk-go-v2 tf_aws.signing_region="" http.request.body="***" http.request.header.content_type=application/x-www-form-urlencoded net.peer.name=iam.amazonaws.com tf_mux_provider="*schema.GRPCProviderServer" tf_provider_addr=registry.terraform.io/hashicorp/aws aws.region=eu-west-1 rpc.method=IAM/ListRolePolicies timestamp="2026-09-28T01:16:23.323+0100"
2026-09-28T01:16:23.342+0100 [DEBUG] provider.terraform-provider-aws_v6.50.0_x5.exe: HTTP Request Sent: http.request.header.authorization="AWS4-HMAC-SHA256 Credential=AKIA************SZUM/20260928/eu-west-1/s3/aws4_request, SignedHeaders=accept-encoding;amz-sdk-invocation-id;amz-sdk-request;host;x-amz-content-sha256;x-amz-date, Signature=*****" http.request.header.x_amz_date=20260928T001622Z rpc.method=S3/GetBucketWebsite tf_mux_provider="*schema.GRPCProviderServer" tf_provider_addr=registry.terraform.io/hashicorp/aws http.request.header.amz_sdk_request="attempt=1; max=25" http.user_agent="APN/1.0 HashiCorp/1.0 Terraform/1.15.3 (+https://www.terraform.io) terraform-provider-aws/6.50.0 (+https://registry.terraform.io/providers/hashicorp/aws) aws-sdk-go-v2/1.42.0 ua/2.1 os/windows lang/go#1.26.3 md/GOOS#windows md/GOARCH#amd64 api/s3#1.103.3 m/n" tf_aws.sdk=aws-sdk-go-v2 tf_resource_type=aws_s3_bucket tf_rpc=ReadResource @caller=github.com/hashicorp/aws-sdk-go-base/v2@v2.0.0-beta.73/logging/tf_logger.go:45 http.request.header.x_amz_content_sha256=e3b0c44298fc1c149afbf4c8996fb92427ae41e4649b934ca495991b7852b855 http.url=https://edgar-fitness-terraform-state.s3.eu-west-1.amazonaws.com/?website= net.peer.name=edgar-fitness-terraform-state.s3.eu-west-1.amazonaws.com rpc.system.name=aws-api tf_aws.signing_region="" tf_req_id=028430d1-3b25-e50c-319b-3d07f42fe4e5 @module=aws aws.region=eu-west-1 http.method=GET http.request.body="***" http.request.header.accept_encoding=identity http.request.header.amz_sdk_invocation_id=5606f12a-e0da-45cd-ba84-fdbb9c49b283 timestamp="2026-09-28T01:16:23.342+0100"
2026-09-28T01:16:23.407+0100 [DEBUG] provider.terraform-provider-aws_v6.50.0_x5.exe: HTTP Response Received: @caller=github.com/hashicorp/aws-sdk-go-base/v2@v2.0.0-beta.73/logging/tf_logger.go:45 http.duration=63 http.response.header.content_type=application/xml rpc.method=S3/GetBucketWebsite tf_aws.signing_region="" tf_req_id=028430d1-3b25-e50c-319b-3d07f42fe4e5 http.response.body="***" http.response.header.server=AmazonS3 http.response.header.x_amz_request_id=0ABRD6JFS2J55VWT rpc.system.name=aws-api tf_aws.sdk=aws-sdk-go-v2 tf_rpc=ReadResource http.response.header.x_amz_id_2=7PZfYu4/T3Y9s7qAY5l8TxAscadXBAQrrS/yEMjRM9eve2W4T6cRWEBRAGiOadxqjUW2k2emCL4= tf_mux_provider="*schema.GRPCProviderServer" http.status_code=404 @module=aws aws.region=eu-west-1 http.response.header.date="Mon, 28 Sep 2026 00:16:22 GMT" tf_provider_addr=registry.terraform.io/hashicorp/aws tf_resource_type=aws_s3_bucket timestamp="2026-09-28T01:16:23.406+0100"
2026-09-28T01:16:23.407+0100 [DEBUG] provider.terraform-provider-aws_v6.50.0_x5.exe: request failed with unretryable error https response error StatusCode: 404, RequestID: 0ABRD6JFS2J55VWT, HostID: 7PZfYu4/T3Y9s7qAY5l8TxAscadXBAQrrS/yEMjRM9eve2W4T6cRWEBRAGiOadxqjUW2k2emCL4=, api error NoSuchWebsiteConfiguration: The specified bucket does not have a website configuration: rpc.method=S3/GetBucketWebsite rpc.system.name=aws-api tf_aws.sdk=aws-sdk-go-v2 tf_mux_provider="*schema.GRPCProviderServer" tf_provider_addr=registry.terraform.io/hashicorp/aws tf_req_id=028430d1-3b25-e50c-319b-3d07f42fe4e5 tf_resource_type=aws_s3_bucket @caller=github.com/hashicorp/aws-sdk-go-base/v2@v2.0.0-beta.73/logging/tf_logger.go:45 @module=aws aws.region=eu-west-1 tf_rpc=ReadResource timestamp="2026-09-28T01:16:23.407+0100"
2026-09-28T01:16:23.411+0100 [DEBUG] provider.terraform-provider-aws_v6.50.0_x5.exe: HTTP Request Sent: http.url=https://edgar-fitness-terraform-state.s3.eu-west-1.amazonaws.com/?versioning= http.user_agent="APN/1.0 HashiCorp/1.0 Terraform/1.15.3 (+https://www.terraform.io) terraform-provider-aws/6.50.0 (+https://registry.terraform.io/providers/hashicorp/aws) aws-sdk-go-v2/1.42.0 ua/2.1 os/windows lang/go#1.26.3 md/GOOS#windows md/GOARCH#amd64 api/s3#1.103.3 m/n" tf_req_id=028430d1-3b25-e50c-319b-3d07f42fe4e5 tf_rpc=ReadResource @caller=github.com/hashicorp/aws-sdk-go-base/v2@v2.0.0-beta.73/logging/tf_logger.go:45 @module=aws http.request.body="***" http.request.header.authorization="AWS4-HMAC-SHA256 Credential=AKIA************SZUM/20260928/eu-west-1/s3/aws4_request, SignedHeaders=accept-encoding;amz-sdk-invocation-id;amz-sdk-request;host;x-amz-content-sha256;x-amz-date, Signature=*****" rpc.method=S3/GetBucketVersioning tf_mux_provider="*schema.GRPCProviderServer" net.peer.name=edgar-fitness-terraform-state.s3.eu-west-1.amazonaws.com rpc.system.name=aws-api tf_aws.sdk=aws-sdk-go-v2 tf_aws.signing_region="" tf_resource_type=aws_s3_bucket http.request.header.x_amz_content_sha256=e3b0c44298fc1c149afbf4c8996fb92427ae41e4649b934ca495991b7852b855 http.request.header.accept_encoding=identity http.request.header.amz_sdk_invocation_id=f7713ea4-3fa4-419c-b3bc-b4ea33cee225 tf_provider_addr=registry.terraform.io/hashicorp/aws aws.region=eu-west-1 http.method=GET http.request.header.amz_sdk_request="attempt=1; max=25" http.request.header.x_amz_date=20260928T001622Z timestamp="2026-09-28T01:16:23.411+0100"
2026-09-28T01:16:23.454+0100 [DEBUG] provider.terraform-provider-aws_v6.50.0_x5.exe: HTTP Response Received: http.response_content_length=323 http.status_code=200 rpc.method=IAM/ListRolePolicies rpc.system.name=aws-api aws.region=eu-west-1 http.duration=129 http.response.header.x_amzn_requestid=adbc5d86-4e71-4b7b-935a-25d9979239c2 tf_mux_provider="*schema.GRPCProviderServer" tf_resource_type=aws_iam_role tf_rpc=ReadResource tf_provider_addr=registry.terraform.io/hashicorp/aws @caller=github.com/hashicorp/aws-sdk-go-base/v2@v2.0.0-beta.73/logging/tf_logger.go:45 http.response.body="***" tf_aws.sdk=aws-sdk-go-v2 tf_aws.signing_region="" tf_req_id=0178a668-505d-2d96-e76d-cbda3e51f77c @module=aws http.response.header.content_type=text/xml http.response.header.date="Mon, 28 Sep 2026 00:16:23 GMT" timestamp="2026-09-28T01:16:23.453+0100"
2026-09-28T01:16:23.473+0100 [DEBUG] provider.terraform-provider-aws_v6.50.0_x5.exe: HTTP Response Received: tf_aws.signing_region="" tf_provider_addr=registry.terraform.io/hashicorp/aws tf_resource_type=aws_s3_bucket @caller=github.com/hashicorp/aws-sdk-go-base/v2@v2.0.0-beta.73/logging/tf_logger.go:45 http.duration=61 http.response.header.server=AmazonS3 http.status_code=200 rpc.system.name=aws-api @module=aws aws.region=eu-west-1 http.response.header.date="Mon, 28 Sep 2026 00:16:24 GMT" http.response.header.x_amz_id_2="YnJSKnW9TJA5RjfgWdk5IH27dZY/Lo7BU43Va6sYpqJ9VytZ+hs1htA0M299/HbXA0CCRybJ+/8=" http.response.header.x_amz_request_id=0ABTZEBM269Q04M4 tf_aws.sdk=aws-sdk-go-v2 tf_mux_provider="*schema.GRPCProviderServer" tf_req_id=028430d1-3b25-e50c-319b-3d07f42fe4e5 tf_rpc=ReadResource http.response.body="***" rpc.method=S3/GetBucketVersioning timestamp="2026-09-28T01:16:23.473+0100"
2026-09-28T01:16:23.546+0100 [DEBUG] provider.terraform-provider-aws_v6.50.0_x5.exe: HTTP Request Sent: http.method=GET http.user_agent="APN/1.0 HashiCorp/1.0 Terraform/1.15.3 (+https://www.terraform.io) terraform-provider-aws/6.50.0 (+https://registry.terraform.io/providers/hashicorp/aws) aws-sdk-go-v2/1.42.0 ua/2.1 os/windows lang/go#1.26.3 md/GOOS#windows md/GOARCH#amd64 api/s3#1.103.3 m/n" tf_aws.sdk=aws-sdk-go-v2 tf_mux_provider="*schema.GRPCProviderServer" tf_provider_addr=registry.terraform.io/hashicorp/aws tf_resource_type=aws_s3_bucket @module=aws rpc.method=S3/GetBucketAccelerateConfiguration rpc.system.name=aws-api tf_rpc=ReadResource aws.region=eu-west-1 http.request.body="***" http.request.header.accept_encoding=identity http.request.header.amz_sdk_invocation_id=beadd0cf-e251-4164-b9d5-e9cb1776d068 http.url=https://edgar-fitness-terraform-state.s3.eu-west-1.amazonaws.com/?accelerate= tf_req_id=028430d1-3b25-e50c-319b-3d07f42fe4e5 @caller=github.com/hashicorp/aws-sdk-go-base/v2@v2.0.0-beta.73/logging/tf_logger.go:45 http.request.header.amz_sdk_request="attempt=1; max=25" http.request.header.authorization="AWS4-HMAC-SHA256 Credential=AKIA************SZUM/20260928/eu-west-1/s3/aws4_request, SignedHeaders=accept-encoding;amz-sdk-invocation-id;amz-sdk-request;host;x-amz-content-sha256;x-amz-date, Signature=*****" http.request.header.x_amz_content_sha256=e3b0c44298fc1c149afbf4c8996fb92427ae41e4649b934ca495991b7852b855 http.request.header.x_amz_date=20260928T001624Z net.peer.name=edgar-fitness-terraform-state.s3.eu-west-1.amazonaws.com tf_aws.signing_region="" timestamp="2026-09-28T01:16:23.545+0100"
2026-09-28T01:16:23.550+0100 [DEBUG] provider.terraform-provider-aws_v6.50.0_x5.exe: HTTP Request Sent: http.request.body="***" http.request.header.amz_sdk_invocation_id=8fe01f7b-f6ee-4872-a18f-4ac884e38728 http.url=https://iam.amazonaws.com/ http.user_agent="APN/1.0 HashiCorp/1.0 Terraform/1.15.3 (+https://www.terraform.io) terraform-provider-aws/6.50.0 (+https://registry.terraform.io/providers/hashicorp/aws) aws-sdk-go-v2/1.42.0 ua/2.1 os/windows lang/go#1.26.3 md/GOOS#windows md/GOARCH#amd64 api/iam#1.54.4 m/C,n" rpc.method=IAM/ListAttachedRolePolicies tf_resource_type=aws_iam_role @module=aws http.request.header.authorization="AWS4-HMAC-SHA256 Credential=AKIA************SZUM/20260928/us-east-1/iam/aws4_request, SignedHeaders=amz-sdk-invocation-id;amz-sdk-request;content-length;content-type;host;x-amz-date, Signature=*****" net.peer.name=iam.amazonaws.com tf_aws.sdk=aws-sdk-go-v2 tf_provider_addr=registry.terraform.io/hashicorp/aws @caller=github.com/hashicorp/aws-sdk-go-base/v2@v2.0.0-beta.73/logging/tf_logger.go:45 aws.region=eu-west-1 http.method=POST tf_aws.signing_region="" tf_rpc=ReadResource http.request.header.amz_sdk_request="attempt=1; max=25" http.request.header.content_type=application/x-www-form-urlencoded http.request.header.x_amz_date=20260928T001623Z http.request_content_length=81 rpc.system.name=aws-api tf_mux_provider="*schema.GRPCProviderServer" tf_req_id=0178a668-505d-2d96-e76d-cbda3e51f77c timestamp="2026-09-28T01:16:23.550+0100"
2026-09-28T01:16:23.613+0100 [DEBUG] provider.terraform-provider-aws_v6.50.0_x5.exe: HTTP Response Received: @caller=github.com/hashicorp/aws-sdk-go-base/v2@v2.0.0-beta.73/logging/tf_logger.go:45 http.response.body="***" http.response.header.x_amz_request_id=0ABJ4KS9EBS6J9A3 tf_aws.signing_region="" aws.region=eu-west-1 http.duration=66 http.response.header.date="Mon, 28 Sep 2026 00:16:24 GMT" rpc.method=S3/GetBucketAccelerateConfiguration http.response.header.server=AmazonS3 http.response.header.x_amz_id_2=GH41yJpZF3aa1w2USz1TTxEzR2Xkr9IgLeiz9kNY1DOIzrLNKMPf44xDr20QCGByfBV/90ekgdw= rpc.system.name=aws-api tf_req_id=028430d1-3b25-e50c-319b-3d07f42fe4e5 tf_resource_type=aws_s3_bucket tf_rpc=ReadResource @module=aws http.status_code=200 tf_aws.sdk=aws-sdk-go-v2 tf_mux_provider="*schema.GRPCProviderServer" tf_provider_addr=registry.terraform.io/hashicorp/aws timestamp="2026-09-28T01:16:23.613+0100"
2026-09-28T01:16:23.614+0100 [DEBUG] provider.terraform-provider-aws_v6.50.0_x5.exe: HTTP Request Sent: http.request.header.x_amz_date=20260928T001624Z @caller=github.com/hashicorp/aws-sdk-go-base/v2@v2.0.0-beta.73/logging/tf_logger.go:45 http.request.header.x_amz_content_sha256=e3b0c44298fc1c149afbf4c8996fb92427ae41e4649b934ca495991b7852b855 rpc.method=S3/GetBucketRequestPayment tf_aws.sdk=aws-sdk-go-v2 tf_mux_provider="*schema.GRPCProviderServer" http.method=GET http.request.header.accept_encoding=identity http.request.header.amz_sdk_request="attempt=1; max=25" http.url=https://edgar-fitness-terraform-state.s3.eu-west-1.amazonaws.com/?requestPayment= net.peer.name=edgar-fitness-terraform-state.s3.eu-west-1.amazonaws.com tf_aws.signing_region="" tf_provider_addr=registry.terraform.io/hashicorp/aws @module=aws http.request.body="***" http.request.header.amz_sdk_invocation_id=ad07b8ea-083c-4170-9e77-6ee6c1e05bfa http.request.header.authorization="AWS4-HMAC-SHA256 Credential=AKIA************SZUM/20260928/eu-west-1/s3/aws4_request, SignedHeaders=accept-encoding;amz-sdk-invocation-id;amz-sdk-request;host;x-amz-content-sha256;x-amz-date, Signature=*****" tf_resource_type=aws_s3_bucket tf_rpc=ReadResource aws.region=eu-west-1 http.user_agent="APN/1.0 HashiCorp/1.0 Terraform/1.15.3 (+https://www.terraform.io) terraform-provider-aws/6.50.0 (+https://registry.terraform.io/providers/hashicorp/aws) aws-sdk-go-v2/1.42.0 ua/2.1 os/windows lang/go#1.26.3 md/GOOS#windows md/GOARCH#amd64 api/s3#1.103.3 m/n" rpc.system.name=aws-api tf_req_id=028430d1-3b25-e50c-319b-3d07f42fe4e5 timestamp="2026-09-28T01:16:23.614+0100"
2026-09-28T01:16:23.675+0100 [DEBUG] provider.terraform-provider-aws_v6.50.0_x5.exe: HTTP Response Received: http.duration=59 http.response.header.x_amz_id_2="PUEGhjZSw0pxkpWUl0W+BkwJ6UkWgUdxmyqyNbeclNwAJz4uBZHTBeEAzJ5JRN2fHoQduHuI9Ys=" rpc.method=S3/GetBucketRequestPayment @module=aws aws.region=eu-west-1 http.response.header.date="Mon, 28 Sep 2026 00:16:24 GMT" tf_provider_addr=registry.terraform.io/hashicorp/aws tf_req_id=028430d1-3b25-e50c-319b-3d07f42fe4e5 @caller=github.com/hashicorp/aws-sdk-go-base/v2@v2.0.0-beta.73/logging/tf_logger.go:45 http.response.header.server=AmazonS3 http.status_code=200 tf_aws.sdk=aws-sdk-go-v2 tf_resource_type=aws_s3_bucket http.response.body="***" http.response.header.x_amz_request_id=0ABKCNVNGEDSN032 rpc.system.name=aws-api tf_aws.signing_region="" tf_mux_provider="*schema.GRPCProviderServer" tf_rpc=ReadResource timestamp="2026-09-28T01:16:23.675+0100"
2026-09-28T01:16:23.685+0100 [DEBUG] provider.terraform-provider-aws_v6.50.0_x5.exe: HTTP Response Received: @caller=github.com/hashicorp/aws-sdk-go-base/v2@v2.0.0-beta.73/logging/tf_logger.go:45 http.duration=134 http.status_code=200 tf_aws.signing_region="" http.response.body="***" http.response_content_length=1247 tf_aws.sdk=aws-sdk-go-v2 tf_req_id=0178a668-505d-2d96-e76d-cbda3e51f77c tf_rpc=ReadResource aws.region=eu-west-1 http.response.header.date="Mon, 28 Sep 2026 00:16:23 GMT" rpc.system.name=aws-api tf_mux_provider="*schema.GRPCProviderServer" tf_provider_addr=registry.terraform.io/hashicorp/aws @module=aws http.response.header.content_type=text/xml http.response.header.x_amzn_requestid=9a3894b3-bc9d-4b2f-a3ad-6b367ebf9f93 rpc.method=IAM/ListAttachedRolePolicies tf_resource_type=aws_iam_role timestamp="2026-09-28T01:16:23.684+0100"
2026-09-28T01:16:23.745+0100 [DEBUG] provider.terraform-provider-aws_v6.50.0_x5.exe: HTTP Request Sent: tf_aws.signing_region="" tf_rpc=PlanResourceChange tf_req_id=3c91b8a1-fd4d-80df-1876-2838338200a1 http.method=POST http.request.header.x_amz_target=DynamoDB_20120810.DescribeTable tf_provider_addr=registry.terraform.io/hashicorp/aws http.request.header.amz_sdk_invocation_id=0a6e469c-6c33-417e-9efd-f010187dfb58 http.request.header.x_amz_date=20260928T001622Z rpc.method=DynamoDB/DescribeTable aws.region=eu-west-1 http.request.body="***" http.request.header.accept_encoding=identity aws.dynamodb.table_names=[edgar-fitness-terraform-state-lock] http.request.header.content_type=application/x-amz-json-1.0 http.user_agent="APN/1.0 HashiCorp/1.0 Terraform/1.15.3 (+https://www.terraform.io) terraform-provider-aws/6.50.0 (+https://registry.terraform.io/providers/hashicorp/aws) aws-sdk-go-v2/1.42.0 ua/2.1 os/windows lang/go#1.26.3 md/GOOS#windows md/GOARCH#amd64 api/dynamodb#1.59.0 m/P,n" tf_resource_type=aws_dynamodb_table @caller=github.com/hashicorp/aws-sdk-go-base/v2@v2.0.0-beta.73/logging/tf_logger.go:45 http.request.header.authorization="AWS4-HMAC-SHA256 Credential=AKIA************SZUM/20260928/eu-west-1/dynamodb/aws4_request, SignedHeaders=accept-encoding;amz-sdk-invocation-id;amz-sdk-request;content-length;content-type;host;x-amz-date;x-amz-target, Signature=*****" rpc.system.name=aws-api tf_aws.sdk=aws-sdk-go-v2 tf_mux_provider="*schema.GRPCProviderServer" @module=aws db.system.name=aws.dynamodb http.url=https://dynamodb.eu-west-1.amazonaws.com/ net.peer.name=dynamodb.eu-west-1.amazonaws.com http.request.header.amz_sdk_request="attempt=1; max=25" http.request_content_length=50 timestamp="2026-09-28T01:16:23.745+0100"
2026-09-28T01:16:23.755+0100 [DEBUG] provider.terraform-provider-aws_v6.50.0_x5.exe: HTTP Request Sent: tf_req_id=028430d1-3b25-e50c-319b-3d07f42fe4e5 tf_resource_type=aws_s3_bucket @module=aws http.request.header.amz_sdk_invocation_id=77b22545-cec9-4b1d-8bcd-0ad5f1addbd1 http.request.header.authorization="AWS4-HMAC-SHA256 Credential=AKIA************SZUM/20260928/eu-west-1/s3/aws4_request, SignedHeaders=accept-encoding;amz-sdk-invocation-id;amz-sdk-request;host;x-amz-content-sha256;x-amz-date, Signature=*****" http.url=https://edgar-fitness-terraform-state.s3.eu-west-1.amazonaws.com/?logging= tf_aws.sdk=aws-sdk-go-v2 tf_mux_provider="*schema.GRPCProviderServer" tf_provider_addr=registry.terraform.io/hashicorp/aws @caller=github.com/hashicorp/aws-sdk-go-base/v2@v2.0.0-beta.73/logging/tf_logger.go:45 http.request.header.amz_sdk_request="attempt=1; max=25" http.user_agent="APN/1.0 HashiCorp/1.0 Terraform/1.15.3 (+https://www.terraform.io) terraform-provider-aws/6.50.0 (+https://registry.terraform.io/providers/hashicorp/aws) aws-sdk-go-v2/1.42.0 ua/2.1 os/windows lang/go#1.26.3 md/GOOS#windows md/GOARCH#amd64 api/s3#1.103.3 m/n" rpc.method=S3/GetBucketLogging rpc.system.name=aws-api tf_aws.signing_region="" aws.region=eu-west-1 tf_rpc=ReadResource http.request.header.x_amz_date=20260928T001624Z http.method=GET http.request.body="***" http.request.header.accept_encoding=identity http.request.header.x_amz_content_sha256=e3b0c44298fc1c149afbf4c8996fb92427ae41e4649b934ca495991b7852b855 net.peer.name=edgar-fitness-terraform-state.s3.eu-west-1.amazonaws.com timestamp="2026-09-28T01:16:23.754+0100"
2026-09-28T01:16:23.805+0100 [DEBUG] provider.terraform-provider-aws_v6.50.0_x5.exe: HTTP Response Received: tf_aws.sdk=aws-sdk-go-v2 tf_req_id=3c91b8a1-fd4d-80df-1876-2838338200a1 aws.region=eu-west-1 db.system.name=aws.dynamodb http.response.header.x_amzn_requestid=6DF1D654MA97OA1M9O3P5FG5IFVV4KQNSO5AEMVJF66Q9ASUAAJG tf_mux_provider="*schema.GRPCProviderServer" tf_provider_addr=registry.terraform.io/hashicorp/aws tf_resource_type=aws_dynamodb_table tf_rpc=PlanResourceChange @caller=github.com/hashicorp/aws-sdk-go-base/v2@v2.0.0-beta.73/logging/tf_logger.go:45 http.duration=58 http.response.body="***" http.response.header.content_type=application/x-amz-json-1.0 http.status_code=200 @module=aws http.response.header.date="Mon, 28 Sep 2026 00:16:23 GMT" http.response.header.server=Server rpc.method=DynamoDB/DescribeTable rpc.system.name=aws-api tf_aws.signing_region="" aws.dynamodb.table_names=[edgar-fitness-terraform-state-lock] http.response.header.connection=keep-alive http.response.header.x_amz_crc32=734694476 http.response_content_length=880 timestamp="2026-09-28T01:16:23.804+0100"
2026-09-28T01:16:23.819+0100 [DEBUG] provider.terraform-provider-aws_v6.50.0_x5.exe: HTTP Response Received: http.response.header.x_amz_request_id=0ABP42YJGGXJW05X http.status_code=200 rpc.method=S3/GetBucketLogging tf_aws.sdk=aws-sdk-go-v2 tf_mux_provider="*schema.GRPCProviderServer" tf_rpc=ReadResource http.response.body="***" http.response.header.date="Mon, 28 Sep 2026 00:16:24 GMT" rpc.system.name=aws-api tf_provider_addr=registry.terraform.io/hashicorp/aws @caller=github.com/hashicorp/aws-sdk-go-base/v2@v2.0.0-beta.73/logging/tf_logger.go:45 @module=aws http.duration=62 tf_aws.signing_region="" tf_resource_type=aws_s3_bucket aws.region=eu-west-1 http.response.header.content_type=application/xml http.response.header.server=AmazonS3 tf_req_id=028430d1-3b25-e50c-319b-3d07f42fe4e5 http.response.header.x_amz_id_2="Lj6xGCZ2WREMkCK7x+Q38gUK2pP1qQLTT3Jsgb+q0XJxSqPKXpO22pfCMFJR7CNw73uzsTZcbnM=" timestamp="2026-09-28T01:16:23.818+0100"
2026-09-28T01:16:23.836+0100 [WARN]  Provider "registry.terraform.io/hashicorp/aws" produced an invalid plan for module.iam.aws_iam_role.github_bootstrap_role, but we are tolerating it because it is using the legacy plugin SDK.
    The following problems may be the cause of any confusing errors from downstream operations:
      - .max_session_duration: planned value cty.NumberIntVal(3600) for a non-computed attribute
      - .permissions_boundary: planned value cty.StringVal("") for a non-computed attribute
      - .force_detach_policies: planned value cty.False for a non-computed attribute
      - .tags: planned value cty.MapValEmpty(cty.String) for a non-computed attribute
      - .path: planned value cty.StringVal("/") for a non-computed attribute
      - .description: planned value cty.StringVal("") for a non-computed attribute
2026-09-28T01:16:23.838+0100 [DEBUG] ReferenceTransformer: "module.iam.aws_iam_role_policy_attachment.terraform_ecs" references: []
2026-09-28T01:16:23.838+0100 [DEBUG] ReferenceTransformer: "module.iam.aws_iam_role_policy_attachment.terraform_ecr" references: []
2026-09-28T01:16:23.838+0100 [DEBUG] ReferenceTransformer: "module.iam.aws_iam_role_policy_attachment.terraform_ec2" references: []
2026-09-28T01:16:23.840+0100 [DEBUG] ReferenceTransformer: "module.iam.aws_iam_role_policy_attachment.terraform_logs" references: []
2026-09-28T01:16:23.840+0100 [DEBUG] ReferenceTransformer: "module.iam.aws_iam_role_policy_attachment.bootstrap" references: []
2026-09-28T01:16:23.846+0100 [WARN]  Provider "registry.terraform.io/hashicorp/aws" produced an invalid plan for module.s3.aws_dynamodb_table.terraform_lock, but we are tolerating it because it is using the legacy plugin SDK.
    The following problems may be the cause of any confusing errors from downstream operations:
      - .stream_enabled: planned value cty.False for a non-computed attribute
      - .table_class: planned value cty.StringVal("STANDARD") for a non-computed attribute
      - .deletion_protection_enabled: planned value cty.False for a non-computed attribute
      - .tags: planned value cty.MapValEmpty(cty.String) for a non-computed attribute
      - .point_in_time_recovery: block count in plan (1) disagrees with count in config (0)
      - .ttl: block count in plan (1) disagrees with count in config (0)
2026-09-28T01:16:24.057+0100 [DEBUG] provider.terraform-provider-aws_v6.50.0_x5.exe: HTTP Request Sent: tf_aws.signing_region="" tf_resource_type=aws_s3_bucket http.method=GET http.request.header.accept_encoding=identity http.request.header.authorization="AWS4-HMAC-SHA256 Credential=AKIA************SZUM/20260928/eu-west-1/s3/aws4_request, SignedHeaders=accept-encoding;amz-sdk-invocation-id;amz-sdk-request;host;x-amz-content-sha256;x-amz-date, Signature=*****" http.request.header.x_amz_content_sha256=e3b0c44298fc1c149afbf4c8996fb92427ae41e4649b934ca495991b7852b855 http.request.header.x_amz_date=20260928T001624Z http.user_agent="APN/1.0 HashiCorp/1.0 Terraform/1.15.3 (+https://www.terraform.io) terraform-provider-aws/6.50.0 (+https://registry.terraform.io/providers/hashicorp/aws) aws-sdk-go-v2/1.42.0 ua/2.1 os/windows lang/go#1.26.3 md/GOOS#windows md/GOARCH#amd64 api/s3#1.103.3 m/n" http.request.header.amz_sdk_request="attempt=1; max=25" rpc.method=S3/GetBucketLifecycleConfiguration rpc.system.name=aws-api tf_aws.sdk=aws-sdk-go-v2 tf_mux_provider="*schema.GRPCProviderServer" tf_req_id=028430d1-3b25-e50c-319b-3d07f42fe4e5 @caller=github.com/hashicorp/aws-sdk-go-base/v2@v2.0.0-beta.73/logging/tf_logger.go:45 @module=aws aws.region=eu-west-1 http.request.body="***" tf_provider_addr=registry.terraform.io/hashicorp/aws tf_rpc=ReadResource http.request.header.amz_sdk_invocation_id=3b84ee7c-26fa-4f06-a865-ac4fc2d414ec http.url=https://edgar-fitness-terraform-state.s3.eu-west-1.amazonaws.com/?lifecycle= net.peer.name=edgar-fitness-terraform-state.s3.eu-west-1.amazonaws.com timestamp="2026-09-28T01:16:24.057+0100"
2026-09-28T01:16:24.089+0100 [DEBUG] provider.terraform-provider-aws_v6.50.0_x5.exe: HTTP Request Sent: http.request.header.amz_sdk_invocation_id=a8485d0c-a6ee-4f9c-b8df-8c2c1c36fcbf http.request.header.content_type=application/x-www-form-urlencoded net.peer.name=iam.amazonaws.com rpc.method=IAM/ListAttachedRolePolicies tf_aws.signing_region="" aws.region=eu-west-1 http.request.header.authorization="AWS4-HMAC-SHA256 Credential=AKIA************SZUM/20260928/us-east-1/iam/aws4_request, SignedHeaders=amz-sdk-invocation-id;amz-sdk-request;content-length;content-type;host;x-amz-date, Signature=*****" http.request.header.x_amz_date=20260928T001623Z http.url=https://iam.amazonaws.com/ tf_mux_provider="*schema.GRPCProviderServer" tf_req_id=70eea04a-01b4-8764-d299-868d9a7cd367 tf_rpc=ReadResource http.request_content_length=81 rpc.system.name=aws-api tf_aws.sdk=aws-sdk-go-v2 tf_provider_addr=registry.terraform.io/hashicorp/aws @module=aws http.method=POST http.request.header.amz_sdk_request="attempt=1; max=25" http.user_agent="APN/1.0 HashiCorp/1.0 Terraform/1.15.3 (+https://www.terraform.io) terraform-provider-aws/6.50.0 (+https://registry.terraform.io/providers/hashicorp/aws) aws-sdk-go-v2/1.42.0 ua/2.1 os/windows lang/go#1.26.3 md/GOOS#windows md/GOARCH#amd64 api/iam#1.54.4 m/C,n" tf_resource_type=aws_iam_role_policy_attachment @caller=github.com/hashicorp/aws-sdk-go-base/v2@v2.0.0-beta.73/logging/tf_logger.go:45 http.request.body="***" timestamp="2026-09-28T01:16:24.088+0100"
2026-09-28T01:16:24.089+0100 [DEBUG] provider.terraform-provider-aws_v6.50.0_x5.exe: HTTP Request Sent: @module=aws http.url=https://iam.amazonaws.com/ http.user_agent="APN/1.0 HashiCorp/1.0 Terraform/1.15.3 (+https://www.terraform.io) terraform-provider-aws/6.50.0 (+https://registry.terraform.io/providers/hashicorp/aws) aws-sdk-go-v2/1.42.0 ua/2.1 os/windows lang/go#1.26.3 md/GOOS#windows md/GOARCH#amd64 api/iam#1.54.4 m/C,n" rpc.system.name=aws-api tf_provider_addr=registry.terraform.io/hashicorp/aws tf_resource_type=aws_iam_role_policy_attachment tf_rpc=ReadResource http.request.header.amz_sdk_invocation_id=bc93c270-a204-4380-a78a-b5028dfd2ba1 http.request.header.content_type=application/x-www-form-urlencoded http.request.header.x_amz_date=20260928T001623Z net.peer.name=iam.amazonaws.com aws.region=eu-west-1 http.request.body="***" http.request.header.amz_sdk_request="attempt=1; max=25" http.request.header.authorization="AWS4-HMAC-SHA256 Credential=AKIA************SZUM/20260928/us-east-1/iam/aws4_request, SignedHeaders=amz-sdk-invocation-id;amz-sdk-request;content-length;content-type;host;x-amz-date, Signature=*****" rpc.method=IAM/ListAttachedRolePolicies tf_aws.sdk=aws-sdk-go-v2 tf_mux_provider="*schema.GRPCProviderServer" @caller=github.com/hashicorp/aws-sdk-go-base/v2@v2.0.0-beta.73/logging/tf_logger.go:45 http.method=POST http.request_content_length=81 tf_aws.signing_region="" tf_req_id=3ca3a9f6-43f4-0fec-c2f5-930e73e4d53c timestamp="2026-09-28T01:16:24.088+0100"
2026-09-28T01:16:24.090+0100 [DEBUG] provider.terraform-provider-aws_v6.50.0_x5.exe: HTTP Request Sent: @caller=github.com/hashicorp/aws-sdk-go-base/v2@v2.0.0-beta.73/logging/tf_logger.go:45 http.request.header.amz_sdk_request="attempt=1; max=25" tf_provider_addr=registry.terraform.io/hashicorp/aws aws.region=eu-west-1 http.request.header.amz_sdk_invocation_id=0626ad89-4c0d-4a8d-b0ad-f0758fa1fc1f http.request.header.authorization="AWS4-HMAC-SHA256 Credential=AKIA************SZUM/20260928/us-east-1/iam/aws4_request, SignedHeaders=amz-sdk-invocation-id;amz-sdk-request;content-length;content-type;host;x-amz-date, Signature=*****" http.request.header.x_amz_date=20260928T001623Z http.request_content_length=81 net.peer.name=iam.amazonaws.com rpc.method=IAM/ListAttachedRolePolicies @module=aws http.method=POST http.request.body="***" rpc.system.name=aws-api tf_aws.sdk=aws-sdk-go-v2 tf_aws.signing_region="" tf_resource_type=aws_iam_role_policy_attachment tf_rpc=ReadResource http.request.header.content_type=application/x-www-form-urlencoded http.url=https://iam.amazonaws.com/ http.user_agent="APN/1.0 HashiCorp/1.0 Terraform/1.15.3 (+https://www.terraform.io) terraform-provider-aws/6.50.0 (+https://registry.terraform.io/providers/hashicorp/aws) aws-sdk-go-v2/1.42.0 ua/2.1 os/windows lang/go#1.26.3 md/GOOS#windows md/GOARCH#amd64 api/iam#1.54.4 m/C,n" tf_mux_provider="*schema.GRPCProviderServer" tf_req_id=adbe2e2e-fbcb-563e-b37b-e15a42cdf4da timestamp="2026-09-28T01:16:24.088+0100"
2026-09-28T01:16:24.091+0100 [DEBUG] provider.terraform-provider-aws_v6.50.0_x5.exe: HTTP Request Sent: aws.region=eu-west-1 http.request.header.authorization="AWS4-HMAC-SHA256 Credential=AKIA************SZUM/20260928/us-east-1/iam/aws4_request, SignedHeaders=amz-sdk-invocation-id;amz-sdk-request;content-length;content-type;host;x-amz-date, Signature=*****" http.request_content_length=81 http.url=https://iam.amazonaws.com/ tf_provider_addr=registry.terraform.io/hashicorp/aws tf_req_id=bde0c611-f4f5-57f5-80a7-ab77f094c661 tf_resource_type=aws_iam_role_policy_attachment tf_rpc=ReadResource @caller=github.com/hashicorp/aws-sdk-go-base/v2@v2.0.0-beta.73/logging/tf_logger.go:45 http.request.header.amz_sdk_invocation_id=2e37e740-2c5f-4c7d-b654-ecb5fb192c2b tf_aws.sdk=aws-sdk-go-v2 tf_aws.signing_region="" @module=aws http.request.body="***" http.request.header.content_type=application/x-www-form-urlencoded http.user_agent="APN/1.0 HashiCorp/1.0 Terraform/1.15.3 (+https://www.terraform.io) terraform-provider-aws/6.50.0 (+https://registry.terraform.io/providers/hashicorp/aws) aws-sdk-go-v2/1.42.0 ua/2.1 os/windows lang/go#1.26.3 md/GOOS#windows md/GOARCH#amd64 api/iam#1.54.4 m/C,n" net.peer.name=iam.amazonaws.com rpc.method=IAM/ListAttachedRolePolicies rpc.system.name=aws-api http.method=POST http.request.header.amz_sdk_request="attempt=1; max=25" http.request.header.x_amz_date=20260928T001623Z tf_mux_provider="*schema.GRPCProviderServer" timestamp="2026-09-28T01:16:24.090+0100"
2026-09-28T01:16:24.091+0100 [DEBUG] provider.terraform-provider-aws_v6.50.0_x5.exe: HTTP Request Sent: aws.region=eu-west-1 http.request.header.authorization="AWS4-HMAC-SHA256 Credential=AKIA************SZUM/20260928/us-east-1/iam/aws4_request, SignedHeaders=amz-sdk-invocation-id;amz-sdk-request;content-length;content-type;host;x-amz-date, Signature=*****" http.user_agent="APN/1.0 HashiCorp/1.0 Terraform/1.15.3 (+https://www.terraform.io) terraform-provider-aws/6.50.0 (+https://registry.terraform.io/providers/hashicorp/aws) aws-sdk-go-v2/1.42.0 ua/2.1 os/windows lang/go#1.26.3 md/GOOS#windows md/GOARCH#amd64 api/iam#1.54.4 m/C,n" net.peer.name=iam.amazonaws.com rpc.system.name=aws-api tf_aws.sdk=aws-sdk-go-v2 tf_mux_provider="*schema.GRPCProviderServer" tf_resource_type=aws_iam_role_policy_attachment http.request_content_length=81 @caller=github.com/hashicorp/aws-sdk-go-base/v2@v2.0.0-beta.73/logging/tf_logger.go:45 @module=aws http.method=POST http.request.body="***" http.request.header.content_type=application/x-www-form-urlencoded http.request.header.amz_sdk_invocation_id=cd0b9739-7768-4302-b91f-decb8806af90 http.request.header.amz_sdk_request="attempt=1; max=25" http.url=https://iam.amazonaws.com/ rpc.method=IAM/ListAttachedRolePolicies tf_aws.signing_region="" tf_provider_addr=registry.terraform.io/hashicorp/aws tf_req_id=338f7c59-661e-0a1f-8bfe-d0662777a838 http.request.header.x_amz_date=20260928T001623Z tf_rpc=ReadResource timestamp="2026-09-28T01:16:24.088+0100"
2026-09-28T01:16:24.130+0100 [DEBUG] provider.terraform-provider-aws_v6.50.0_x5.exe: HTTP Response Received: http.response.header.content_type=application/xml http.response.header.x_amz_request_id=STC5HPGN5HJ4JGM4 http.status_code=404 tf_aws.signing_region="" tf_mux_provider="*schema.GRPCProviderServer" tf_provider_addr=registry.terraform.io/hashicorp/aws @caller=github.com/hashicorp/aws-sdk-go-base/v2@v2.0.0-beta.73/logging/tf_logger.go:45 http.response.body="***" http.response.header.x_amz_id_2="bsgDm5Zt3de37vujkzyIDEaaFRPxXgLCvFq2iWjnciEUBnmSrfUn9WiSJTXBaFD+e8nxRxz1yw0=" http.response_content_length=303 tf_req_id=028430d1-3b25-e50c-319b-3d07f42fe4e5 tf_resource_type=aws_s3_bucket tf_rpc=ReadResource @module=aws http.duration=71 http.response.header.server=AmazonS3 rpc.system.name=aws-api tf_aws.sdk=aws-sdk-go-v2 aws.region=eu-west-1 http.response.header.date="Mon, 28 Sep 2026 00:16:25 GMT" rpc.method=S3/GetBucketLifecycleConfiguration timestamp="2026-09-28T01:16:24.129+0100"
2026-09-28T01:16:24.158+0100 [DEBUG] provider.terraform-provider-aws_v6.50.0_x5.exe: request failed with unretryable error https response error StatusCode: 404, RequestID: STC5HPGN5HJ4JGM4, HostID: bsgDm5Zt3de37vujkzyIDEaaFRPxXgLCvFq2iWjnciEUBnmSrfUn9WiSJTXBaFD+e8nxRxz1yw0=, api error NoSuchLifecycleConfiguration: The lifecycle configuration does not exist: tf_req_id=028430d1-3b25-e50c-319b-3d07f42fe4e5 rpc.system.name=aws-api tf_aws.sdk=aws-sdk-go-v2 tf_resource_type=aws_s3_bucket tf_rpc=ReadResource @caller=github.com/hashicorp/aws-sdk-go-base/v2@v2.0.0-beta.73/logging/tf_logger.go:45 @module=aws aws.region=eu-west-1 rpc.method=S3/GetBucketLifecycleConfiguration tf_mux_provider="*schema.GRPCProviderServer" tf_provider_addr=registry.terraform.io/hashicorp/aws timestamp="2026-09-28T01:16:24.158+0100"
2026-09-28T01:16:24.161+0100 [DEBUG] provider.terraform-provider-aws_v6.50.0_x5.exe: HTTP Request Sent: @caller=github.com/hashicorp/aws-sdk-go-base/v2@v2.0.0-beta.73/logging/tf_logger.go:45 rpc.system.name=aws-api tf_provider_addr=registry.terraform.io/hashicorp/aws tf_req_id=028430d1-3b25-e50c-319b-3d07f42fe4e5 tf_resource_type=aws_s3_bucket aws.region=eu-west-1 http.request.header.accept_encoding=identity http.request.header.x_amz_content_sha256=e3b0c44298fc1c149afbf4c8996fb92427ae41e4649b934ca495991b7852b855 http.url=https://edgar-fitness-terraform-state.s3.eu-west-1.amazonaws.com/?replication= tf_rpc=ReadResource @module=aws http.method=GET http.request.header.amz_sdk_invocation_id=100e06ec-daaf-4597-8e14-78c42c9a4de2 http.request.header.x_amz_date=20260928T001625Z tf_aws.signing_region="" tf_mux_provider="*schema.GRPCProviderServer" http.request.body="***" http.request.header.amz_sdk_request="attempt=1; max=25" http.request.header.authorization="AWS4-HMAC-SHA256 Credential=AKIA************SZUM/20260928/eu-west-1/s3/aws4_request, SignedHeaders=accept-encoding;amz-sdk-invocation-id;amz-sdk-request;host;x-amz-content-sha256;x-amz-date, Signature=*****" http.user_agent="APN/1.0 HashiCorp/1.0 Terraform/1.15.3 (+https://www.terraform.io) terraform-provider-aws/6.50.0 (+https://registry.terraform.io/providers/hashicorp/aws) aws-sdk-go-v2/1.42.0 ua/2.1 os/windows lang/go#1.26.3 md/GOOS#windows md/GOARCH#amd64 api/s3#1.103.3 m/n" net.peer.name=edgar-fitness-terraform-state.s3.eu-west-1.amazonaws.com rpc.method=S3/GetBucketReplication tf_aws.sdk=aws-sdk-go-v2 timestamp="2026-09-28T01:16:24.160+0100"
2026-09-28T01:16:24.212+0100 [DEBUG] provider.terraform-provider-aws_v6.50.0_x5.exe: HTTP Response Received: @module=aws http.response.header.content_type=text/xml http.response.header.date="Mon, 28 Sep 2026 00:16:24 GMT" http.response.header.x_amzn_requestid=286b2412-6241-4e85-a157-8c6aa38ad742 tf_aws.sdk=aws-sdk-go-v2 tf_req_id=338f7c59-661e-0a1f-8bfe-d0662777a838 tf_resource_type=aws_iam_role_policy_attachment aws.region=eu-west-1 http.duration=119 tf_aws.signing_region="" tf_provider_addr=registry.terraform.io/hashicorp/aws tf_rpc=ReadResource http.status_code=200 rpc.method=IAM/ListAttachedRolePolicies rpc.system.name=aws-api tf_mux_provider="*schema.GRPCProviderServer" http.response.body="***" http.response_content_length=1247 @caller=github.com/hashicorp/aws-sdk-go-base/v2@v2.0.0-beta.73/logging/tf_logger.go:45 timestamp="2026-09-28T01:16:24.209+0100"
2026-09-28T01:16:24.219+0100 [DEBUG] provider.terraform-provider-aws_v6.50.0_x5.exe: HTTP Response Received: http.duration=128 http.response.header.content_type=text/xml http.response_content_length=1247 rpc.method=IAM/ListAttachedRolePolicies tf_aws.signing_region="" tf_req_id=adbe2e2e-fbcb-563e-b37b-e15a42cdf4da http.response.body="***" http.response.header.date="Mon, 28 Sep 2026 00:16:24 GMT" http.response.header.x_amzn_requestid=e6dd92a6-4cc8-4d46-9492-a1d55a08b600 tf_mux_provider="*schema.GRPCProviderServer" tf_rpc=ReadResource @module=aws aws.region=eu-west-1 http.status_code=200 tf_aws.sdk=aws-sdk-go-v2 tf_provider_addr=registry.terraform.io/hashicorp/aws @caller=github.com/hashicorp/aws-sdk-go-base/v2@v2.0.0-beta.73/logging/tf_logger.go:45 rpc.system.name=aws-api tf_resource_type=aws_iam_role_policy_attachment timestamp="2026-09-28T01:16:24.217+0100"
2026-09-28T01:16:24.223+0100 [DEBUG] provider.terraform-provider-aws_v6.50.0_x5.exe: HTTP Response Received: http.response_content_length=1247 tf_resource_type=aws_iam_role_policy_attachment @module=aws http.response.header.date="Mon, 28 Sep 2026 00:16:24 GMT" tf_aws.signing_region="" http.duration=127 http.response.body="***" http.status_code=200 tf_mux_provider="*schema.GRPCProviderServer" tf_req_id=bde0c611-f4f5-57f5-80a7-ab77f094c661 tf_rpc=ReadResource http.response.header.x_amzn_requestid=220dc3ca-7423-4b6c-a0fe-f5b8f7e97ffb rpc.method=IAM/ListAttachedRolePolicies rpc.system.name=aws-api tf_aws.sdk=aws-sdk-go-v2 tf_provider_addr=registry.terraform.io/hashicorp/aws @caller=github.com/hashicorp/aws-sdk-go-base/v2@v2.0.0-beta.73/logging/tf_logger.go:45 aws.region=eu-west-1 http.response.header.content_type=text/xml timestamp="2026-09-28T01:16:24.218+0100"
2026-09-28T01:16:24.224+0100 [DEBUG] provider.terraform-provider-aws_v6.50.0_x5.exe: HTTP Response Received: http.response.body="***" http.response.header.content_type=text/xml http.response.header.x_amzn_requestid=c9e0777d-f3fa-4122-ba82-d69c9a15f6b7 rpc.system.name=aws-api tf_provider_addr=registry.terraform.io/hashicorp/aws tf_req_id=3ca3a9f6-43f4-0fec-c2f5-930e73e4d53c @caller=github.com/hashicorp/aws-sdk-go-base/v2@v2.0.0-beta.73/logging/tf_logger.go:45 aws.region=eu-west-1 http.response.header.date="Mon, 28 Sep 2026 00:16:24 GMT" http.status_code=200 rpc.method=IAM/ListAttachedRolePolicies tf_aws.sdk=aws-sdk-go-v2 tf_aws.signing_region="" @module=aws http.duration=131 tf_resource_type=aws_iam_role_policy_attachment http.response_content_length=1247 tf_mux_provider="*schema.GRPCProviderServer" tf_rpc=ReadResource timestamp="2026-09-28T01:16:24.221+0100"
2026-09-28T01:16:24.227+0100 [DEBUG] provider.terraform-provider-aws_v6.50.0_x5.exe: HTTP Response Received: tf_mux_provider="*schema.GRPCProviderServer" tf_provider_addr=registry.terraform.io/hashicorp/aws aws.region=eu-west-1 http.response.header.content_type=application/xml rpc.system.name=aws-api tf_req_id=028430d1-3b25-e50c-319b-3d07f42fe4e5 tf_rpc=ReadResource @caller=github.com/hashicorp/aws-sdk-go-base/v2@v2.0.0-beta.73/logging/tf_logger.go:45 @module=aws http.response.header.date="Mon, 28 Sep 2026 00:16:23 GMT" http.status_code=404 rpc.method=S3/GetBucketReplication http.response.header.server=AmazonS3 tf_aws.signing_region="" tf_resource_type=aws_s3_bucket http.duration=62 http.response.body="***" http.response.header.x_amz_id_2=h6d2Epc0UGtjqtqRwzHlGH3aHnyinXoQOirkr6h1/rmdp3sJ/7kxFFF8uUSKotZys5ZND0pknR8= http.response.header.x_amz_request_id=STC0DPJ721SNAQMT tf_aws.sdk=aws-sdk-go-v2 timestamp="2026-09-28T01:16:24.223+0100"
2026-09-28T01:16:24.227+0100 [DEBUG] provider.terraform-provider-aws_v6.50.0_x5.exe: HTTP Response Received: http.response.header.content_type=text/xml http.response.header.date="Mon, 28 Sep 2026 00:16:24 GMT" http.response.header.x_amzn_requestid=07692582-0313-4071-ac1e-c597a3eb9246 tf_rpc=ReadResource http.response.body="***" tf_aws.sdk=aws-sdk-go-v2 tf_req_id=70eea04a-01b4-8764-d299-868d9a7cd367 tf_resource_type=aws_iam_role_policy_attachment @caller=github.com/hashicorp/aws-sdk-go-base/v2@v2.0.0-beta.73/logging/tf_logger.go:45 @module=aws rpc.method=IAM/ListAttachedRolePolicies rpc.system.name=aws-api tf_aws.signing_region="" tf_mux_provider="*schema.GRPCProviderServer" tf_provider_addr=registry.terraform.io/hashicorp/aws aws.region=eu-west-1 http.response_content_length=1247 http.status_code=200 http.duration=137 timestamp="2026-09-28T01:16:24.226+0100"
2026-09-28T01:16:24.227+0100 [DEBUG] provider.terraform-provider-aws_v6.50.0_x5.exe: request failed with unretryable error https response error StatusCode: 404, RequestID: STC0DPJ721SNAQMT, HostID: h6d2Epc0UGtjqtqRwzHlGH3aHnyinXoQOirkr6h1/rmdp3sJ/7kxFFF8uUSKotZys5ZND0pknR8=, api error ReplicationConfigurationNotFoundError: The replication configuration was not found: aws.region=eu-west-1 rpc.method=S3/GetBucketReplication rpc.system.name=aws-api tf_aws.sdk=aws-sdk-go-v2 tf_req_id=028430d1-3b25-e50c-319b-3d07f42fe4e5 @caller=github.com/hashicorp/aws-sdk-go-base/v2@v2.0.0-beta.73/logging/tf_logger.go:45 @module=aws tf_mux_provider="*schema.GRPCProviderServer" tf_provider_addr=registry.terraform.io/hashicorp/aws tf_resource_type=aws_s3_bucket tf_rpc=ReadResource timestamp="2026-09-28T01:16:24.227+0100"
2026-09-28T01:16:24.283+0100 [DEBUG] provider.terraform-provider-aws_v6.50.0_x5.exe: HTTP Request Sent: http.request.header.x_amz_date=20260928T001623Z @caller=github.com/hashicorp/aws-sdk-go-base/v2@v2.0.0-beta.73/logging/tf_logger.go:45 @module=aws aws.region=eu-west-1 http.method=GET http.request.header.amz_sdk_request="attempt=1; max=25" rpc.system.name=aws-api http.request.header.accept_encoding=identity net.peer.name=edgar-fitness-terraform-state.s3.eu-west-1.amazonaws.com tf_aws.sdk=aws-sdk-go-v2 tf_mux_provider="*schema.GRPCProviderServer" tf_provider_addr=registry.terraform.io/hashicorp/aws tf_resource_type=aws_s3_bucket http.request.header.x_amz_content_sha256=e3b0c44298fc1c149afbf4c8996fb92427ae41e4649b934ca495991b7852b855 http.request.body="***" http.request.header.amz_sdk_invocation_id=3aecb385-6102-49e3-9359-b8a5f599403c http.url=https://edgar-fitness-terraform-state.s3.eu-west-1.amazonaws.com/?encryption= rpc.method=S3/GetBucketEncryption tf_aws.signing_region="" tf_req_id=028430d1-3b25-e50c-319b-3d07f42fe4e5 http.request.header.authorization="AWS4-HMAC-SHA256 Credential=AKIA************SZUM/20260928/eu-west-1/s3/aws4_request, SignedHeaders=accept-encoding;amz-sdk-invocation-id;amz-sdk-request;host;x-amz-content-sha256;x-amz-date, Signature=*****" http.user_agent="APN/1.0 HashiCorp/1.0 Terraform/1.15.3 (+https://www.terraform.io) terraform-provider-aws/6.50.0 (+https://registry.terraform.io/providers/hashicorp/aws) aws-sdk-go-v2/1.42.0 ua/2.1 os/windows lang/go#1.26.3 md/GOOS#windows md/GOARCH#amd64 api/s3#1.103.3 m/n" tf_rpc=ReadResource timestamp="2026-09-28T01:16:24.283+0100"
2026-09-28T01:16:24.352+0100 [DEBUG] provider.terraform-provider-aws_v6.50.0_x5.exe: HTTP Response Received: tf_provider_addr=registry.terraform.io/hashicorp/aws tf_req_id=028430d1-3b25-e50c-319b-3d07f42fe4e5 tf_resource_type=aws_s3_bucket http.response.header.x_amz_id_2="iWCTgiZH69icwSWPX+h+tKHIarR/UZQEulB5d8wXORD0kM3i1f6herE/amqklJcaSRW8KZ7JmCc=" rpc.method=S3/GetBucketEncryption rpc.system.name=aws-api tf_mux_provider="*schema.GRPCProviderServer" tf_rpc=ReadResource http.response.header.server=AmazonS3 http.response.header.x_amz_request_id=STCD4KV27AHKFJ9N @caller=github.com/hashicorp/aws-sdk-go-base/v2@v2.0.0-beta.73/logging/tf_logger.go:45 @module=aws aws.region=eu-west-1 http.duration=67 http.response.body="***" http.status_code=200 http.response.header.date="Mon, 28 Sep 2026 00:16:25 GMT" tf_aws.sdk=aws-sdk-go-v2 tf_aws.signing_region="" timestamp="2026-09-28T01:16:24.351+0100"
2026-09-28T01:16:24.552+0100 [DEBUG] provider.terraform-provider-aws_v6.50.0_x5.exe: HTTP Request Sent: http.request.header.accept_encoding=identity http.request.header.amz_sdk_request="attempt=1; max=25" http.request.header.x_amz_content_sha256=e3b0c44298fc1c149afbf4c8996fb92427ae41e4649b934ca495991b7852b855 tf_aws.sdk=aws-sdk-go-v2 tf_rpc=ReadResource @caller=github.com/hashicorp/aws-sdk-go-base/v2@v2.0.0-beta.73/logging/tf_logger.go:45 @module=aws http.request.body="***" http.request.header.amz_sdk_invocation_id=ceb26f5f-2ede-40f2-a519-cf70e0ed435b http.user_agent="APN/1.0 HashiCorp/1.0 Terraform/1.15.3 (+https://www.terraform.io) terraform-provider-aws/6.50.0 (+https://registry.terraform.io/providers/hashicorp/aws) aws-sdk-go-v2/1.42.0 ua/2.1 os/windows lang/go#1.26.3 md/GOOS#windows md/GOARCH#amd64 api/s3#1.103.3 m/n" tf_mux_provider="*schema.GRPCProviderServer" tf_resource_type=aws_s3_bucket http.request.header.authorization="AWS4-HMAC-SHA256 Credential=AKIA************SZUM/20260928/eu-west-1/s3/aws4_request, SignedHeaders=accept-encoding;amz-sdk-invocation-id;amz-sdk-request;host;x-amz-content-sha256;x-amz-date, Signature=*****" http.url=https://edgar-fitness-terraform-state.s3.eu-west-1.amazonaws.com/?object-lock= net.peer.name=edgar-fitness-terraform-state.s3.eu-west-1.amazonaws.com rpc.method=S3/GetObjectLockConfiguration tf_aws.signing_region="" tf_provider_addr=registry.terraform.io/hashicorp/aws aws.region=eu-west-1 http.method=GET http.request.header.x_amz_date=20260928T001625Z rpc.system.name=aws-api tf_req_id=028430d1-3b25-e50c-319b-3d07f42fe4e5 timestamp="2026-09-28T01:16:24.551+0100"
2026-09-28T01:16:24.613+0100 [DEBUG] provider.terraform-provider-aws_v6.50.0_x5.exe: HTTP Response Received: aws.region=eu-west-1 http.duration=61 tf_aws.sdk=aws-sdk-go-v2 @caller=github.com/hashicorp/aws-sdk-go-base/v2@v2.0.0-beta.73/logging/tf_logger.go:45 http.response.body="***" http.response.header.content_type=application/xml http.response.header.x_amz_id_2="DHqqiT82jqZfBpGXT1Ree8ve2vhy1syxXuSnCy/kj9dJ1RrWUJxsXwH7k20OlONHqM3d/rER+5A=" http.status_code=404 rpc.system.name=aws-api tf_mux_provider="*schema.GRPCProviderServer" http.response.header.date="Mon, 28 Sep 2026 00:16:24 GMT" http.response.header.server=AmazonS3 rpc.method=S3/GetObjectLockConfiguration tf_provider_addr=registry.terraform.io/hashicorp/aws tf_req_id=028430d1-3b25-e50c-319b-3d07f42fe4e5 @module=aws http.response.header.x_amz_request_id=STC8AJAPGAZZVJ7D tf_aws.signing_region="" tf_resource_type=aws_s3_bucket tf_rpc=ReadResource timestamp="2026-09-28T01:16:24.613+0100"
2026-09-28T01:16:24.613+0100 [DEBUG] provider.terraform-provider-aws_v6.50.0_x5.exe: request failed with unretryable error https response error StatusCode: 404, RequestID: STC8AJAPGAZZVJ7D, HostID: DHqqiT82jqZfBpGXT1Ree8ve2vhy1syxXuSnCy/kj9dJ1RrWUJxsXwH7k20OlONHqM3d/rER+5A=, api error ObjectLockConfigurationNotFoundError: Object Lock configuration does not exist for this bucket: aws.region=eu-west-1 tf_aws.sdk=aws-sdk-go-v2 tf_mux_provider="*schema.GRPCProviderServer" tf_provider_addr=registry.terraform.io/hashicorp/aws tf_rpc=ReadResource @caller=github.com/hashicorp/aws-sdk-go-base/v2@v2.0.0-beta.73/logging/tf_logger.go:45 @module=aws rpc.method=S3/GetObjectLockConfiguration rpc.system.name=aws-api tf_req_id=028430d1-3b25-e50c-319b-3d07f42fe4e5 tf_resource_type=aws_s3_bucket timestamp="2026-09-28T01:16:24.613+0100"
2026-09-28T01:16:24.667+0100 [DEBUG] provider.terraform-provider-aws_v6.50.0_x5.exe: HTTP Request Sent: http.request.header.accept_encoding=identity rpc.method=S3/HeadBucket tf_aws.sdk=aws-sdk-go-v2 aws.region=eu-west-1 aws.s3.bucket=edgar-fitness-terraform-state http.request.header.x_amz_content_sha256=e3b0c44298fc1c149afbf4c8996fb92427ae41e4649b934ca495991b7852b855 tf_aws.signing_region="" tf_req_id=028430d1-3b25-e50c-319b-3d07f42fe4e5 tf_rpc=ReadResource @module=aws http.request.header.amz_sdk_invocation_id=9a1d5a66-2360-4f2a-90a2-211b6d8f0100 http.user_agent="APN/1.0 HashiCorp/1.0 Terraform/1.15.3 (+https://www.terraform.io) terraform-provider-aws/6.50.0 (+https://registry.terraform.io/providers/hashicorp/aws) aws-sdk-go-v2/1.42.0 ua/2.1 os/windows lang/go#1.26.3 md/GOOS#windows md/GOARCH#amd64 api/s3#1.103.3 m/n" net.peer.name=edgar-fitness-terraform-state.s3.eu-west-1.amazonaws.com tf_mux_provider="*schema.GRPCProviderServer" tf_resource_type=aws_s3_bucket http.request.header.amz_sdk_request="attempt=1; max=25" http.request.header.authorization="AWS4-HMAC-SHA256 Credential=AKIA************SZUM/20260928/eu-west-1/s3/aws4_request, SignedHeaders=accept-encoding;amz-sdk-invocation-id;amz-sdk-request;host;x-amz-content-sha256;x-amz-date, Signature=*****" http.request.header.x_amz_date=20260928T001624Z http.url=https://edgar-fitness-terraform-state.s3.eu-west-1.amazonaws.com/ rpc.system.name=aws-api tf_provider_addr=registry.terraform.io/hashicorp/aws @caller=github.com/hashicorp/aws-sdk-go-base/v2@v2.0.0-beta.73/logging/tf_logger.go:45 http.method=HEAD http.request.body="***" timestamp="2026-09-28T01:16:24.667+0100"
2026-09-28T01:16:24.726+0100 [DEBUG] provider.terraform-provider-aws_v6.50.0_x5.exe: HTTP Response Received: http.status_code=200 rpc.system.name=aws-api tf_provider_addr=registry.terraform.io/hashicorp/aws tf_resource_type=aws_s3_bucket http.response.header.content_type=application/xml http.response.header.x_amz_bucket_region=eu-west-1 http.response.header.x_amz_request_id=STCESJEGZ707B25D rpc.method=S3/HeadBucket tf_rpc=ReadResource @caller=github.com/hashicorp/aws-sdk-go-base/v2@v2.0.0-beta.73/logging/tf_logger.go:45 @module=aws aws.region=eu-west-1 http.duration=59 http.response.body="***" http.response.header.date="Mon, 28 Sep 2026 00:16:25 GMT" tf_aws.signing_region="" tf_mux_provider="*schema.GRPCProviderServer" aws.s3.bucket=edgar-fitness-terraform-state http.response.header.x_amz_access_point_alias=false http.response.header.x_amz_id_2=0JSPD7LkFKqzRXSbRiF8cCmXhgksd0R5//YupBBM49S/LvHkQS40vtnS0UjdCOCcIjGfflmmD0Y= tf_aws.sdk=aws-sdk-go-v2 tf_req_id=028430d1-3b25-e50c-319b-3d07f42fe4e5 http.response.header.server=AmazonS3 http.response.header.x_amz_bucket_arn=arn:aws:s3:::edgar-fitness-terraform-state timestamp="2026-09-28T01:16:24.726+0100"
2026-09-28T01:16:26.253+0100 [DEBUG] provider.terraform-provider-aws_v6.50.0_x5.exe: HTTP Request Sent: tf_aws.signing_region="" tf_req_id=028430d1-3b25-e50c-319b-3d07f42fe4e5 http.request.header.x_amz_account_id=234334047980 http.request.header.x_amz_content_sha256=e3b0c44298fc1c149afbf4c8996fb92427ae41e4649b934ca495991b7852b855 http.user_agent="APN/1.0 HashiCorp/1.0 Terraform/1.15.3 (+https://www.terraform.io) terraform-provider-aws/6.50.0 (+https://registry.terraform.io/providers/hashicorp/aws) aws-sdk-go-v2/1.42.0 ua/2.1 os/windows lang/go#1.26.3 md/GOOS#windows md/GOARCH#amd64 api/s3control#1.71.5 m/n" rpc.system.name=aws-api tf_provider_addr=registry.terraform.io/hashicorp/aws aws.region=eu-west-1 http.method=GET http.request.body="***" http.request.header.amz_sdk_request="attempt=1; max=25" http.request.header.authorization="AWS4-HMAC-SHA256 Credential=AKIA************SZUM/20260928/eu-west-1/s3/aws4_request, SignedHeaders=amz-sdk-invocation-id;amz-sdk-request;host;x-amz-account-id;x-amz-content-sha256;x-amz-date, Signature=*****" net.peer.name=234334047980.s3-control.eu-west-1.amazonaws.com @caller=github.com/hashicorp/aws-sdk-go-base/v2@v2.0.0-beta.73/logging/tf_logger.go:45 @module=aws http.url="https://234334047980.s3-control.eu-west-1.amazonaws.com/v20180820/tags/arn%3Aaws%3As3%3A%3A%3Aedgar-fitness-terraform-state" tf_mux_provider="*schema.GRPCProviderServer" tf_resource_type=aws_s3_bucket tf_rpc=ReadResource http.request.header.amz_sdk_invocation_id=7d8e84c8-f58a-44ae-9a04-01d3e43e2417 http.request.header.x_amz_date=20260928T001626Z rpc.method="S3 Control/ListTagsForResource" tf_aws.sdk=aws-sdk-go-v2 timestamp="2026-09-28T01:16:26.253+0100"
2026-09-28T01:16:26.485+0100 [DEBUG] provider.terraform-provider-aws_v6.50.0_x5.exe: HTTP Response Received: http.response.header.x_amz_request_id=ZYYVF5FNB4K94ZW7 http.status_code=200 tf_provider_addr=registry.terraform.io/hashicorp/aws tf_req_id=028430d1-3b25-e50c-319b-3d07f42fe4e5 http.response.header.x_amz_id_2="F4WYa2e/IwG71aT0warTNyjUL4hXR0nkKe5KrJEBU54j67YTyTIS8HhSviSi4PWj0Vulwv7M7IiXcVSCYIQuz2+ywlyp4ifx" rpc.system.name=aws-api tf_aws.sdk=aws-sdk-go-v2 tf_rpc=ReadResource rpc.method="S3 Control/ListTagsForResource" @caller=github.com/hashicorp/aws-sdk-go-base/v2@v2.0.0-beta.73/logging/tf_logger.go:45 @module=aws http.response.header.date="Mon, 28 Sep 2026 00:16:27 GMT" http.response.header.server=AmazonS3 tf_aws.signing_region="" tf_resource_type=aws_s3_bucket aws.region=eu-west-1 http.duration=231 tf_mux_provider="*schema.GRPCProviderServer" http.response.body="***" timestamp="2026-09-28T01:16:26.485+0100"
2026-09-28T01:16:26.546+0100 [WARN]  Provider "registry.terraform.io/hashicorp/aws" produced an invalid plan for module.s3.aws_s3_bucket.terraform_state, but we are tolerating it because it is using the legacy plugin SDK.
    The following problems may be the cause of any confusing errors from downstream operations:
      - .force_destroy: planned value cty.False for a non-computed attribute
      - .tags: planned value cty.MapValEmpty(cty.String) for a non-computed attribute
      - .versioning: block count in plan (1) disagrees with count in config (0)
      - .server_side_encryption_configuration: block count in plan (1) disagrees with count in config (0)
2026-09-28T01:16:26.547+0100 [DEBUG] ReferenceTransformer: "module.s3.aws_s3_bucket_server_side_encryption_configuration.terraform_state" references: []
2026-09-28T01:16:26.547+0100 [DEBUG] ReferenceTransformer: "module.s3.aws_s3_bucket_versioning.terraform_state" references: []
2026-09-28T01:16:26.548+0100 [DEBUG] ReferenceTransformer: "module.s3.aws_s3_bucket_public_access_block.terraform_state" references: []
2026-09-28T01:16:26.636+0100 [DEBUG] provider.terraform-provider-aws_v6.50.0_x5.exe: HTTP Request Sent: http.request.header.amz_sdk_request="attempt=1; max=25" tf_aws.sdk=aws-sdk-go-v2 tf_provider_addr=registry.terraform.io/hashicorp/aws tf_resource_type=aws_s3_bucket_public_access_block @module=aws http.method=GET http.request.header.authorization="AWS4-HMAC-SHA256 Credential=AKIA************SZUM/20260928/eu-west-1/s3/aws4_request, SignedHeaders=accept-encoding;amz-sdk-invocation-id;amz-sdk-request;host;x-amz-content-sha256;x-amz-date, Signature=*****" http.request.header.x_amz_content_sha256=e3b0c44298fc1c149afbf4c8996fb92427ae41e4649b934ca495991b7852b855 http.user_agent="APN/1.0 HashiCorp/1.0 Terraform/1.15.3 (+https://www.terraform.io) terraform-provider-aws/6.50.0 (+https://registry.terraform.io/providers/hashicorp/aws) aws-sdk-go-v2/1.42.0 ua/2.1 os/windows lang/go#1.26.3 md/GOOS#windows md/GOARCH#amd64 api/s3#1.103.3 m/n" net.peer.name=edgar-fitness-terraform-state.s3.eu-west-1.amazonaws.com rpc.method=S3/GetPublicAccessBlock rpc.system.name=aws-api http.url=https://edgar-fitness-terraform-state.s3.eu-west-1.amazonaws.com/?publicAccessBlock= tf_aws.signing_region="" tf_mux_provider="*schema.GRPCProviderServer" tf_req_id=ef99ec7f-cf53-ca0e-26e8-6dffc64ea3b2 tf_rpc=ReadResource @caller=github.com/hashicorp/aws-sdk-go-base/v2@v2.0.0-beta.73/logging/tf_logger.go:45 aws.region=eu-west-1 http.request.header.x_amz_date=20260928T001626Z http.request.body="***" http.request.header.accept_encoding=identity http.request.header.amz_sdk_invocation_id=47197cab-ee16-4475-896e-dd10e859b16a timestamp="2026-09-28T01:16:26.635+0100"
2026-09-28T01:16:26.684+0100 [DEBUG] provider.terraform-provider-aws_v6.50.0_x5.exe: HTTP Request Sent: tf_aws.signing_region="" tf_req_id=35c03137-f74b-9d43-d959-1c4fc5929306 tf_resource_type=aws_s3_bucket_server_side_encryption_configuration @module=aws aws.region=eu-west-1 http.request.header.accept_encoding=identity http.request.header.amz_sdk_request="attempt=1; max=25" net.peer.name=edgar-fitness-terraform-state.s3.eu-west-1.amazonaws.com tf_mux_provider="*schema.GRPCProviderServer" tf_provider_addr=registry.terraform.io/hashicorp/aws http.method=GET http.request.body="***" http.user_agent="APN/1.0 HashiCorp/1.0 Terraform/1.15.3 (+https://www.terraform.io) terraform-provider-aws/6.50.0 (+https://registry.terraform.io/providers/hashicorp/aws) aws-sdk-go-v2/1.42.0 ua/2.1 os/windows lang/go#1.26.3 md/GOOS#windows md/GOARCH#amd64 api/s3#1.103.3 m/n" rpc.system.name=aws-api tf_aws.sdk=aws-sdk-go-v2 tf_rpc=ReadResource @caller=github.com/hashicorp/aws-sdk-go-base/v2@v2.0.0-beta.73/logging/tf_logger.go:45 http.url=https://edgar-fitness-terraform-state.s3.eu-west-1.amazonaws.com/?encryption= rpc.method=S3/GetBucketEncryption http.request.header.amz_sdk_invocation_id=05af4e0f-f073-45c8-8e5c-3843a91e2790 http.request.header.authorization="AWS4-HMAC-SHA256 Credential=AKIA************SZUM/20260928/eu-west-1/s3/aws4_request, SignedHeaders=accept-encoding;amz-sdk-invocation-id;amz-sdk-request;host;x-amz-content-sha256;x-amz-date, Signature=*****" http.request.header.x_amz_content_sha256=e3b0c44298fc1c149afbf4c8996fb92427ae41e4649b934ca495991b7852b855 http.request.header.x_amz_date=20260928T001626Z timestamp="2026-09-28T01:16:26.684+0100"
2026-09-28T01:16:26.701+0100 [DEBUG] provider.terraform-provider-aws_v6.50.0_x5.exe: HTTP Response Received: http.duration=64 tf_aws.signing_region="" tf_req_id=ef99ec7f-cf53-ca0e-26e8-6dffc64ea3b2 tf_resource_type=aws_s3_bucket_public_access_block @caller=github.com/hashicorp/aws-sdk-go-base/v2@v2.0.0-beta.73/logging/tf_logger.go:45 @module=aws aws.region=eu-west-1 http.response.header.x_amz_id_2="WoqDutghswMUZRrNj2ov9MHvTGXbKZMrY8D1Vq/+nX1hsTdnWZ4iy35TfxE+aO6jD4ERbv2ZY5U=" tf_rpc=ReadResource http.response.body="***" http.response.header.date="Mon, 28 Sep 2026 00:16:27 GMT" tf_mux_provider="*schema.GRPCProviderServer" tf_provider_addr=registry.terraform.io/hashicorp/aws http.response.header.server=AmazonS3 http.response.header.x_amz_request_id=ZYYPAAFTQ910NMHD http.status_code=200 rpc.method=S3/GetPublicAccessBlock rpc.system.name=aws-api tf_aws.sdk=aws-sdk-go-v2 timestamp="2026-09-28T01:16:26.701+0100"
2026-09-28T01:16:26.765+0100 [DEBUG] provider.terraform-provider-aws_v6.50.0_x5.exe: HTTP Response Received: aws.region=eu-west-1 tf_provider_addr=registry.terraform.io/hashicorp/aws tf_rpc=ReadResource http.duration=79 http.response.header.server=AmazonS3 http.response.header.x_amz_id_2="b2EVKoJPkKH5wH1bEt/YQcMXf8q2svsRASU0vHi+AzM2zirRaisWRpNieyyRjzxnfPO5nU7Yd6A=" @module=aws http.response.body="***" http.response.header.date="Mon, 28 Sep 2026 00:16:27 GMT" tf_aws.sdk=aws-sdk-go-v2 tf_mux_provider="*schema.GRPCProviderServer" @caller=github.com/hashicorp/aws-sdk-go-base/v2@v2.0.0-beta.73/logging/tf_logger.go:45 http.response.header.x_amz_request_id=ZYYRWQ5PGTJKV9BM http.status_code=200 rpc.method=S3/GetBucketEncryption rpc.system.name=aws-api tf_aws.signing_region="" tf_req_id=35c03137-f74b-9d43-d959-1c4fc5929306 tf_resource_type=aws_s3_bucket_server_side_encryption_configuration timestamp="2026-09-28T01:16:26.765+0100"
2026-09-28T01:16:26.785+0100 [WARN]  Provider "registry.terraform.io/hashicorp/aws" produced an invalid plan for module.s3.aws_s3_bucket_server_side_encryption_configuration.terraform_state, but we are tolerating it because it is using the legacy plugin SDK.
    The following problems may be the cause of any confusing errors from downstream operations:
      - .expected_bucket_owner: planned value cty.StringVal("") for a non-computed attribute
2026-09-28T01:16:27.555+0100 [DEBUG] provider.terraform-provider-aws_v6.50.0_x5.exe: HTTP Request Sent: http.request.header.x_amz_content_sha256=e3b0c44298fc1c149afbf4c8996fb92427ae41e4649b934ca495991b7852b855 http.request.header.x_amz_date=20260928T001627Z net.peer.name=edgar-fitness-terraform-state.s3.eu-west-1.amazonaws.com rpc.system.name=aws-api tf_mux_provider="*schema.GRPCProviderServer" @caller=github.com/hashicorp/aws-sdk-go-base/v2@v2.0.0-beta.73/logging/tf_logger.go:45 http.request.body="***" http.request.header.amz_sdk_invocation_id=a5213895-010d-431d-bcc7-ffdaae9a02f1 http.url=https://edgar-fitness-terraform-state.s3.eu-west-1.amazonaws.com/?versioning= rpc.method=S3/GetBucketVersioning tf_provider_addr=registry.terraform.io/hashicorp/aws http.request.header.accept_encoding=identity http.request.header.authorization="AWS4-HMAC-SHA256 Credential=AKIA************SZUM/20260928/eu-west-1/s3/aws4_request, SignedHeaders=accept-encoding;amz-sdk-invocation-id;amz-sdk-request;host;x-amz-content-sha256;x-amz-date, Signature=*****" tf_aws.signing_region="" tf_rpc=ReadResource @module=aws http.user_agent="APN/1.0 HashiCorp/1.0 Terraform/1.15.3 (+https://www.terraform.io) terraform-provider-aws/6.50.0 (+https://registry.terraform.io/providers/hashicorp/aws) aws-sdk-go-v2/1.42.0 ua/2.1 os/windows lang/go#1.26.3 md/GOOS#windows md/GOARCH#amd64 api/s3#1.103.3 m/n" tf_aws.sdk=aws-sdk-go-v2 tf_req_id=d8ea62bc-d244-0379-21f4-bd61f93c1f6b tf_resource_type=aws_s3_bucket_versioning aws.region=eu-west-1 http.method=GET http.request.header.amz_sdk_request="attempt=1; max=25; ttl=20260928T011826Z" timestamp="2026-09-28T01:16:27.554+0100"
2026-09-28T01:16:27.630+0100 [DEBUG] provider.terraform-provider-aws_v6.50.0_x5.exe: HTTP Response Received: tf_aws.signing_region="" tf_mux_provider="*schema.GRPCProviderServer" tf_provider_addr=registry.terraform.io/hashicorp/aws tf_resource_type=aws_s3_bucket_versioning http.response.body="***" http.response.header.server=AmazonS3 tf_req_id=d8ea62bc-d244-0379-21f4-bd61f93c1f6b tf_rpc=ReadResource http.status_code=200 @module=aws http.duration=74 http.response.header.date="Mon, 28 Sep 2026 00:16:28 GMT" http.response.header.x_amz_id_2="OgAvOu/+FQCGhDLoczhMZe9ftO5n6KUpVL3EKFjfpeLmt4rln/YtW3LpMt2mj8zeig8ryXK7zhU=" http.response.header.x_amz_request_id=3DT1Y2C4DRMC1FK1 rpc.method=S3/GetBucketVersioning rpc.system.name=aws-api @caller=github.com/hashicorp/aws-sdk-go-base/v2@v2.0.0-beta.73/logging/tf_logger.go:45 aws.region=eu-west-1 tf_aws.sdk=aws-sdk-go-v2 timestamp="2026-09-28T01:16:27.630+0100"
2026-09-28T01:16:27.733+0100 [DEBUG] provider.terraform-provider-aws_v6.50.0_x5.exe: HTTP Request Sent: http.request.header.x_amz_content_sha256=e3b0c44298fc1c149afbf4c8996fb92427ae41e4649b934ca495991b7852b855 http.request.header.x_amz_date=20260928T001628Z tf_aws.sdk=aws-sdk-go-v2 tf_req_id=d8ea62bc-d244-0379-21f4-bd61f93c1f6b @caller=github.com/hashicorp/aws-sdk-go-base/v2@v2.0.0-beta.73/logging/tf_logger.go:45 aws.region=eu-west-1 http.url=https://edgar-fitness-terraform-state.s3.eu-west-1.amazonaws.com/?versioning= http.user_agent="APN/1.0 HashiCorp/1.0 Terraform/1.15.3 (+https://www.terraform.io) terraform-provider-aws/6.50.0 (+https://registry.terraform.io/providers/hashicorp/aws) aws-sdk-go-v2/1.42.0 ua/2.1 os/windows lang/go#1.26.3 md/GOOS#windows md/GOARCH#amd64 api/s3#1.103.3 m/n" net.peer.name=edgar-fitness-terraform-state.s3.eu-west-1.amazonaws.com tf_mux_provider="*schema.GRPCProviderServer" tf_resource_type=aws_s3_bucket_versioning http.request.header.amz_sdk_request="attempt=1; max=25; ttl=20260928T011826Z" rpc.method=S3/GetBucketVersioning rpc.system.name=aws-api tf_aws.signing_region="" tf_rpc=ReadResource http.method=GET http.request.body="***" tf_provider_addr=registry.terraform.io/hashicorp/aws @module=aws http.request.header.accept_encoding=identity http.request.header.amz_sdk_invocation_id=7b08a7ce-ce22-4a88-88b1-4a2799f1c13c http.request.header.authorization="AWS4-HMAC-SHA256 Credential=AKIA************SZUM/20260928/eu-west-1/s3/aws4_request, SignedHeaders=accept-encoding;amz-sdk-invocation-id;amz-sdk-request;host;x-amz-content-sha256;x-amz-date, Signature=*****" timestamp="2026-09-28T01:16:27.732+0100"
2026-09-28T01:16:27.803+0100 [DEBUG] provider.terraform-provider-aws_v6.50.0_x5.exe: HTTP Response Received: tf_mux_provider="*schema.GRPCProviderServer" tf_resource_type=aws_s3_bucket_versioning tf_rpc=ReadResource @caller=github.com/hashicorp/aws-sdk-go-base/v2@v2.0.0-beta.73/logging/tf_logger.go:45 aws.region=eu-west-1 http.response.body="***" rpc.method=S3/GetBucketVersioning tf_aws.signing_region="" tf_provider_addr=registry.terraform.io/hashicorp/aws http.response.header.server=AmazonS3 tf_req_id=d8ea62bc-d244-0379-21f4-bd61f93c1f6b http.duration=70 http.response.header.date="Mon, 28 Sep 2026 00:16:28 GMT" http.response.header.x_amz_id_2="afiIlaVJL1j0ci3F5b5v4WaWZcj0Yno6Zlvd/d6CmYSqY0pgkN+kQn1md6BhnD7i/P/volDEZcU=" http.response.header.x_amz_request_id=3DT8235VQM34AHQC rpc.system.name=aws-api tf_aws.sdk=aws-sdk-go-v2 @module=aws http.status_code=200 timestamp="2026-09-28T01:16:27.803+0100"
2026-09-28T01:16:27.907+0100 [DEBUG] provider.terraform-provider-aws_v6.50.0_x5.exe: HTTP Request Sent: rpc.system.name=aws-api @caller=github.com/hashicorp/aws-sdk-go-base/v2@v2.0.0-beta.73/logging/tf_logger.go:45 http.request.header.amz_sdk_request="attempt=1; max=25; ttl=20260928T011826Z" http.request.header.x_amz_date=20260928T001628Z tf_aws.sdk=aws-sdk-go-v2 tf_req_id=d8ea62bc-d244-0379-21f4-bd61f93c1f6b http.request.header.x_amz_content_sha256=e3b0c44298fc1c149afbf4c8996fb92427ae41e4649b934ca495991b7852b855 http.user_agent="APN/1.0 HashiCorp/1.0 Terraform/1.15.3 (+https://www.terraform.io) terraform-provider-aws/6.50.0 (+https://registry.terraform.io/providers/hashicorp/aws) aws-sdk-go-v2/1.42.0 ua/2.1 os/windows lang/go#1.26.3 md/GOOS#windows md/GOARCH#amd64 api/s3#1.103.3 m/n" net.peer.name=edgar-fitness-terraform-state.s3.eu-west-1.amazonaws.com rpc.method=S3/GetBucketVersioning tf_aws.signing_region="" tf_provider_addr=registry.terraform.io/hashicorp/aws tf_resource_type=aws_s3_bucket_versioning http.method=GET http.request.header.authorization="AWS4-HMAC-SHA256 Credential=AKIA************SZUM/20260928/eu-west-1/s3/aws4_request, SignedHeaders=accept-encoding;amz-sdk-invocation-id;amz-sdk-request;host;x-amz-content-sha256;x-amz-date, Signature=*****" tf_mux_provider="*schema.GRPCProviderServer" tf_rpc=ReadResource @module=aws aws.region=eu-west-1 http.request.body="***" http.request.header.accept_encoding=identity http.request.header.amz_sdk_invocation_id=f9f6235c-b6a6-421a-960b-e723eb4a9b59 http.url=https://edgar-fitness-terraform-state.s3.eu-west-1.amazonaws.com/?versioning= timestamp="2026-09-28T01:16:27.906+0100"
2026-09-28T01:16:27.970+0100 [DEBUG] provider.terraform-provider-aws_v6.50.0_x5.exe: HTTP Response Received: http.response.header.x_amz_id_2=EkIK26ihvHgbdnt8xEkbywMzant6Iv7/Ea3Qb3LERaOIeox6Vvi4Tfcu5jFIn1pLni7HOWEqHcs= rpc.method=S3/GetBucketVersioning tf_aws.sdk=aws-sdk-go-v2 tf_req_id=d8ea62bc-d244-0379-21f4-bd61f93c1f6b aws.region=eu-west-1 http.response.header.date="Mon, 28 Sep 2026 00:16:28 GMT" rpc.system.name=aws-api tf_rpc=ReadResource http.duration=61 http.response.header.server=AmazonS3 tf_aws.signing_region="" tf_mux_provider="*schema.GRPCProviderServer" @caller=github.com/hashicorp/aws-sdk-go-base/v2@v2.0.0-beta.73/logging/tf_logger.go:45 @module=aws http.response.header.x_amz_request_id=3DT89V0NC5DZF9E3 http.status_code=200 tf_provider_addr=registry.terraform.io/hashicorp/aws tf_resource_type=aws_s3_bucket_versioning http.response.body="***" timestamp="2026-09-28T01:16:27.970+0100"
2026-09-28T01:16:27.996+0100 [WARN]  Provider "registry.terraform.io/hashicorp/aws" produced an invalid plan for module.s3.aws_s3_bucket_versioning.terraform_state, but we are tolerating it because it is using the legacy plugin SDK.
    The following problems may be the cause of any confusing errors from downstream operations:
      - .expected_bucket_owner: planned value cty.StringVal("") for a non-computed attribute
2026-09-28T01:16:27.997+0100 [DEBUG] provider.stdio: received EOF, stopping recv loop: err="rpc error: code = Unavailable desc = error reading from server: EOF"
2026-09-28T01:16:28.018+0100 [INFO]  provider: plugin process exited: plugin=.terraform/providers/registry.terraform.io/hashicorp/aws/6.50.0/windows_amd64/terraform-provider-aws_v6.50.0_x5.exe id=8052
2026-09-28T01:16:28.018+0100 [DEBUG] provider: plugin exited
2026-09-28T01:16:28.103+0100 [DEBUG] building apply graph to check for errors
2026-09-28T01:16:28.194+0100 [DEBUG] ProviderTransformer: "module.s3.aws_dynamodb_table.terraform_lock (expand)" (*terraform.nodeExpandApplyableResource) needs provider["registry.terraform.io/hashicorp/aws"]
2026-09-28T01:16:28.194+0100 [DEBUG] ProviderTransformer: "module.iam.aws_iam_role_policy_attachment.terraform_logs (expand)" (*terraform.nodeExpandApplyableResource) needs provider["registry.terraform.io/hashicorp/aws"]
2026-09-28T01:16:28.194+0100 [DEBUG] ProviderTransformer: "module.iam.aws_iam_policy.terraform_logs (expand)" (*terraform.nodeExpandApplyableResource) needs provider["registry.terraform.io/hashicorp/aws"]
2026-09-28T01:16:28.194+0100 [DEBUG] ProviderTransformer: "module.iam.aws_iam_role_policy_attachment.terraform_ecs (expand)" (*terraform.nodeExpandApplyableResource) needs provider["registry.terraform.io/hashicorp/aws"]
2026-09-28T01:16:28.194+0100 [DEBUG] ProviderTransformer: "module.iam.aws_iam_policy.terraform_ecr (expand)" (*terraform.nodeExpandApplyableResource) needs provider["registry.terraform.io/hashicorp/aws"]
2026-09-28T01:16:28.194+0100 [DEBUG] ProviderTransformer: "aws_iam_openid_connect_provider.github (expand)" (*terraform.nodeExpandApplyableResource) needs provider["registry.terraform.io/hashicorp/aws"]
2026-09-28T01:16:28.194+0100 [DEBUG] ProviderTransformer: "data.aws_iam_policy_document.github_oidc_assume (expand)" (*terraform.nodeExpandApplyableResource) needs provider["registry.terraform.io/hashicorp/aws"]
2026-09-28T01:16:28.194+0100 [DEBUG] ProviderTransformer: "module.iam.aws_iam_role.github_bootstrap_role (expand)" (*terraform.nodeExpandApplyableResource) needs provider["registry.terraform.io/hashicorp/aws"]
2026-09-28T01:16:28.194+0100 [DEBUG] ProviderTransformer: "module.iam.aws_iam_role_policy_attachment.terraform_ec2 (expand)" (*terraform.nodeExpandApplyableResource) needs provider["registry.terraform.io/hashicorp/aws"]
2026-09-28T01:16:28.194+0100 [DEBUG] ProviderTransformer: "module.s3.aws_s3_bucket_public_access_block.terraform_state (expand)" (*terraform.nodeExpandApplyableResource) needs provider["registry.terraform.io/hashicorp/aws"]
2026-09-28T01:16:28.194+0100 [DEBUG] ProviderTransformer: "module.iam.aws_iam_role_policy_attachment.bootstrap (expand)" (*terraform.nodeExpandApplyableResource) needs provider["registry.terraform.io/hashicorp/aws"]
2026-09-28T01:16:28.194+0100 [DEBUG] ProviderTransformer: "module.s3.aws_s3_bucket.terraform_state (expand)" (*terraform.nodeExpandApplyableResource) needs provider["registry.terraform.io/hashicorp/aws"]
2026-09-28T01:16:28.194+0100 [DEBUG] ProviderTransformer: "module.iam.aws_iam_policy.terraform_bootstrap (expand)" (*terraform.nodeExpandApplyableResource) needs provider["registry.terraform.io/hashicorp/aws"]
2026-09-28T01:16:28.194+0100 [DEBUG] ProviderTransformer: "module.iam.aws_iam_policy.terraform_ecs" (*terraform.NodeApplyableResourceInstance) needs provider["registry.terraform.io/hashicorp/aws"]
2026-09-28T01:16:28.194+0100 [DEBUG] ProviderTransformer: "module.s3.aws_s3_bucket_server_side_encryption_configuration.terraform_state (expand)" (*terraform.nodeExpandApplyableResource) needs provider["registry.terraform.io/hashicorp/aws"]
2026-09-28T01:16:28.194+0100 [DEBUG] ProviderTransformer: "module.iam.aws_iam_policy.terraform_ecs (expand)" (*terraform.nodeExpandApplyableResource) needs provider["registry.terraform.io/hashicorp/aws"]
2026-09-28T01:16:28.194+0100 [DEBUG] ProviderTransformer: "module.iam.aws_iam_role_policy_attachment.terraform_ecr (expand)" (*terraform.nodeExpandApplyableResource) needs provider["registry.terraform.io/hashicorp/aws"]
2026-09-28T01:16:28.194+0100 [DEBUG] ProviderTransformer: "module.s3.aws_s3_bucket_versioning.terraform_state (expand)" (*terraform.nodeExpandApplyableResource) needs provider["registry.terraform.io/hashicorp/aws"]
2026-09-28T01:16:28.194+0100 [DEBUG] ProviderTransformer: "module.iam.aws_iam_policy.terraform_ec2 (expand)" (*terraform.nodeExpandApplyableResource) needs provider["registry.terraform.io/hashicorp/aws"]
2026-09-28T01:16:28.195+0100 [DEBUG] ReferenceTransformer: "module.iam.aws_iam_policy.terraform_ecr (expand)" references: []
2026-09-28T01:16:28.195+0100 [DEBUG] ReferenceTransformer: "module.s3.var.bucket_name (expand)" references: [var.bucket_name]
2026-09-28T01:16:28.195+0100 [DEBUG] ReferenceTransformer: "module.s3.aws_s3_bucket_versioning.terraform_state (expand)" references: [module.s3.aws_s3_bucket.terraform_state (expand)]
2026-09-28T01:16:28.195+0100 [DEBUG] ReferenceTransformer: "module.iam.var.github_oidc_assume_json (expand)" references: [data.aws_iam_policy_document.github_oidc_assume (expand)]
2026-09-28T01:16:28.195+0100 [DEBUG] ReferenceTransformer: "module.s3.output.dynamodb_table_name (expand)" references: [module.s3.aws_dynamodb_table.terraform_lock (expand)]
2026-09-28T01:16:28.195+0100 [DEBUG] ReferenceTransformer: "module.iam.aws_iam_policy.terraform_bootstrap (expand)" references: []
2026-09-28T01:16:28.195+0100 [DEBUG] ReferenceTransformer: "module.iam.aws_iam_policy.terraform_ec2 (expand)" references: []
2026-09-28T01:16:28.195+0100 [DEBUG] ReferenceTransformer: "module.s3.aws_dynamodb_table.terraform_lock (expand)" references: [module.s3.var.bucket_name (expand)]
2026-09-28T01:16:28.196+0100 [DEBUG] ReferenceTransformer: "var.bucket_name" references: []
2026-09-28T01:16:28.196+0100 [DEBUG] ReferenceTransformer: "module.s3.output.bucket_name (expand)" references: [module.s3.aws_s3_bucket.terraform_state (expand)]
2026-09-28T01:16:28.196+0100 [DEBUG] ReferenceTransformer: "provider[\"registry.terraform.io/hashicorp/aws\"]" references: [var.region]
2026-09-28T01:16:28.196+0100 [DEBUG] ReferenceTransformer: "aws_iam_openid_connect_provider.github (expand)" references: []
2026-09-28T01:16:28.196+0100 [DEBUG] ReferenceTransformer: "module.iam.aws_iam_role_policy_attachment.terraform_logs (expand)" references: [module.iam.aws_iam_role.github_bootstrap_role (expand) module.iam.aws_iam_policy.terraform_logs (expand)]
2026-09-28T01:16:28.196+0100 [DEBUG] ReferenceTransformer: "module.iam.output.github_bootstrap_role_arn (expand)" references: [module.iam.aws_iam_role.github_bootstrap_role (expand)]
2026-09-28T01:16:28.196+0100 [DEBUG] ReferenceTransformer: "module.iam.aws_iam_policy.terraform_ecs" references: []
2026-09-28T01:16:28.196+0100 [DEBUG] ReferenceTransformer: "data.aws_iam_policy_document.github_oidc_assume (expand)" references: [aws_iam_openid_connect_provider.github (expand) var.github_repository_subject]
2026-09-28T01:16:28.196+0100 [DEBUG] ReferenceTransformer: "module.iam.aws_iam_role.github_bootstrap_role (expand)" references: [module.iam.var.github_oidc_assume_json (expand)]
2026-09-28T01:16:28.196+0100 [DEBUG] ReferenceTransformer: "module.iam.aws_iam_role_policy_attachment.terraform_ec2 (expand)" references: [module.iam.aws_iam_role.github_bootstrap_role (expand) module.iam.aws_iam_policy.terraform_ec2 (expand)]
2026-09-28T01:16:28.196+0100 [DEBUG] ReferenceTransformer: "module.iam.aws_iam_policy.terraform_logs (expand)" references: []
2026-09-28T01:16:28.196+0100 [DEBUG] ReferenceTransformer: "module.s3.aws_s3_bucket_server_side_encryption_configuration.terraform_state (expand)" references: [module.s3.aws_s3_bucket.terraform_state (expand)]
2026-09-28T01:16:28.196+0100 [DEBUG] ReferenceTransformer: "var.region" references: []
2026-09-28T01:16:28.196+0100 [DEBUG] ReferenceTransformer: "module.s3 (close)" references: []
2026-09-28T01:16:28.196+0100 [DEBUG] ReferenceTransformer: "module.iam.aws_iam_policy.terraform_ecs (expand)" references: []
2026-09-28T01:16:28.196+0100 [DEBUG] ReferenceTransformer: "module.s3.aws_s3_bucket_public_access_block.terraform_state (expand)" references: [module.s3.aws_s3_bucket.terraform_state (expand)]
2026-09-28T01:16:28.196+0100 [DEBUG] ReferenceTransformer: "module.iam (expand)" references: []
2026-09-28T01:16:28.196+0100 [DEBUG] ReferenceTransformer: "module.iam.aws_iam_role_policy_attachment.terraform_ecs (expand)" references: [module.iam.aws_iam_role.github_bootstrap_role (expand) module.iam.aws_iam_policy.terraform_ecs module.iam.aws_iam_policy.terraform_ecs module.iam.aws_iam_policy.terraform_ecs (expand)]
2026-09-28T01:16:28.196+0100 [DEBUG] ReferenceTransformer: "module.s3.aws_s3_bucket.terraform_state (expand)" references: [module.s3.var.bucket_name (expand)]
2026-09-28T01:16:28.196+0100 [DEBUG] ReferenceTransformer: "module.s3 (expand)" references: []
2026-09-28T01:16:28.196+0100 [DEBUG] ReferenceTransformer: "module.iam.aws_iam_role_policy_attachment.bootstrap (expand)" references: [module.iam.aws_iam_role.github_bootstrap_role (expand) module.iam.aws_iam_policy.terraform_bootstrap (expand)]
2026-09-28T01:16:28.196+0100 [DEBUG] ReferenceTransformer: "module.iam.aws_iam_role_policy_attachment.terraform_ecr (expand)" references: [module.iam.aws_iam_policy.terraform_ecr (expand) module.iam.aws_iam_role.github_bootstrap_role (expand)]
2026-09-28T01:16:28.196+0100 [DEBUG] ReferenceTransformer: "var.github_repository_subject" references: []
2026-09-28T01:16:28.196+0100 [DEBUG] ReferenceTransformer: "output.github_bootstrap_role_arn (expand)" references: [module.iam.output.github_bootstrap_role_arn (expand)]
2026-09-28T01:16:28.196+0100 [DEBUG] ReferenceTransformer: "output.s3_bucket_name (expand)" references: [module.s3.output.bucket_name (expand)]
2026-09-28T01:16:28.197+0100 [DEBUG] ReferenceTransformer: "module.iam (close)" references: []
2026-09-28T01:16:29.017+0100 [DEBUG] command: asking for input: "\nDo you want to perform these actions?"
2026-09-28T01:18:06.711+0100 [INFO]  backend/local: apply calling Apply
2026-09-28T01:18:06.711+0100 [DEBUG] Building and walking apply graph for NormalMode plan
2026-09-28T01:18:06.712+0100 [DEBUG] ProviderTransformer: "module.iam.aws_iam_policy.terraform_ecr (expand)" (*terraform.nodeExpandApplyableResource) needs provider["registry.terraform.io/hashicorp/aws"]
2026-09-28T01:18:06.712+0100 [DEBUG] ProviderTransformer: "module.s3.aws_s3_bucket_versioning.terraform_state (expand)" (*terraform.nodeExpandApplyableResource) needs provider["registry.terraform.io/hashicorp/aws"]
2026-09-28T01:18:06.712+0100 [DEBUG] ProviderTransformer: "module.iam.aws_iam_role_policy_attachment.terraform_ecr (expand)" (*terraform.nodeExpandApplyableResource) needs provider["registry.terraform.io/hashicorp/aws"]
2026-09-28T01:18:06.712+0100 [DEBUG] ProviderTransformer: "module.iam.aws_iam_role_policy_attachment.bootstrap (expand)" (*terraform.nodeExpandApplyableResource) needs provider["registry.terraform.io/hashicorp/aws"]
2026-09-28T01:18:06.712+0100 [DEBUG] ProviderTransformer: "aws_iam_openid_connect_provider.github (expand)" (*terraform.nodeExpandApplyableResource) needs provider["registry.terraform.io/hashicorp/aws"]
2026-09-28T01:18:06.713+0100 [DEBUG] ProviderTransformer: "module.iam.aws_iam_role_policy_attachment.terraform_ec2 (expand)" (*terraform.nodeExpandApplyableResource) needs provider["registry.terraform.io/hashicorp/aws"]
2026-09-28T01:18:06.713+0100 [DEBUG] ProviderTransformer: "module.iam.aws_iam_role_policy_attachment.terraform_logs (expand)" (*terraform.nodeExpandApplyableResource) needs provider["registry.terraform.io/hashicorp/aws"]
2026-09-28T01:18:06.713+0100 [DEBUG] ProviderTransformer: "module.iam.aws_iam_policy.terraform_ec2 (expand)" (*terraform.nodeExpandApplyableResource) needs provider["registry.terraform.io/hashicorp/aws"]
2026-09-28T01:18:06.713+0100 [DEBUG] ProviderTransformer: "module.s3.aws_s3_bucket.terraform_state (expand)" (*terraform.nodeExpandApplyableResource) needs provider["registry.terraform.io/hashicorp/aws"]
2026-09-28T01:18:06.713+0100 [DEBUG] ProviderTransformer: "module.iam.aws_iam_role_policy_attachment.terraform_ecs (expand)" (*terraform.nodeExpandApplyableResource) needs provider["registry.terraform.io/hashicorp/aws"]
2026-09-28T01:18:06.713+0100 [DEBUG] ProviderTransformer: "module.s3.aws_dynamodb_table.terraform_lock (expand)" (*terraform.nodeExpandApplyableResource) needs provider["registry.terraform.io/hashicorp/aws"]
2026-09-28T01:18:06.713+0100 [DEBUG] ProviderTransformer: "module.iam.aws_iam_policy.terraform_ecs (expand)" (*terraform.nodeExpandApplyableResource) needs provider["registry.terraform.io/hashicorp/aws"]
2026-09-28T01:18:06.713+0100 [DEBUG] ProviderTransformer: "module.s3.aws_s3_bucket_public_access_block.terraform_state (expand)" (*terraform.nodeExpandApplyableResource) needs provider["registry.terraform.io/hashicorp/aws"]
2026-09-28T01:18:06.713+0100 [DEBUG] ProviderTransformer: "module.iam.aws_iam_role.github_bootstrap_role (expand)" (*terraform.nodeExpandApplyableResource) needs provider["registry.terraform.io/hashicorp/aws"]
2026-09-28T01:18:06.713+0100 [DEBUG] ProviderTransformer: "module.iam.aws_iam_policy.terraform_ecs" (*terraform.NodeApplyableResourceInstance) needs provider["registry.terraform.io/hashicorp/aws"]
2026-09-28T01:18:06.713+0100 [DEBUG] ProviderTransformer: "module.s3.aws_s3_bucket_server_side_encryption_configuration.terraform_state (expand)" (*terraform.nodeExpandApplyableResource) needs provider["registry.terraform.io/hashicorp/aws"]
2026-09-28T01:18:06.713+0100 [DEBUG] ProviderTransformer: "data.aws_iam_policy_document.github_oidc_assume (expand)" (*terraform.nodeExpandApplyableResource) needs provider["registry.terraform.io/hashicorp/aws"]
2026-09-28T01:18:06.713+0100 [DEBUG] ProviderTransformer: "module.iam.aws_iam_policy.terraform_bootstrap (expand)" (*terraform.nodeExpandApplyableResource) needs provider["registry.terraform.io/hashicorp/aws"]
2026-09-28T01:18:06.713+0100 [DEBUG] ProviderTransformer: "module.iam.aws_iam_policy.terraform_logs (expand)" (*terraform.nodeExpandApplyableResource) needs provider["registry.terraform.io/hashicorp/aws"]
2026-09-28T01:18:06.713+0100 [DEBUG] ReferenceTransformer: "module.iam.aws_iam_role_policy_attachment.terraform_ec2 (expand)" references: [module.iam.aws_iam_role.github_bootstrap_role (expand) module.iam.aws_iam_policy.terraform_ec2 (expand)]
2026-09-28T01:18:06.713+0100 [DEBUG] ReferenceTransformer: "module.iam.aws_iam_role_policy_attachment.terraform_logs (expand)" references: [module.iam.aws_iam_role.github_bootstrap_role (expand) module.iam.aws_iam_policy.terraform_logs (expand)]
2026-09-28T01:18:06.713+0100 [DEBUG] ReferenceTransformer: "var.region" references: []
2026-09-28T01:18:06.714+0100 [DEBUG] ReferenceTransformer: "output.github_bootstrap_role_arn (expand)" references: [module.iam.output.github_bootstrap_role_arn (expand)]
2026-09-28T01:18:06.714+0100 [DEBUG] ReferenceTransformer: "module.iam.aws_iam_policy.terraform_ec2 (expand)" references: []
2026-09-28T01:18:06.714+0100 [DEBUG] ReferenceTransformer: "module.s3.aws_s3_bucket.terraform_state (expand)" references: [module.s3.var.bucket_name (expand)]
2026-09-28T01:18:06.714+0100 [DEBUG] ReferenceTransformer: "module.s3.aws_s3_bucket_server_side_encryption_configuration.terraform_state (expand)" references: [module.s3.aws_s3_bucket.terraform_state (expand)]
2026-09-28T01:18:06.714+0100 [DEBUG] ReferenceTransformer: "var.github_repository_subject" references: []
2026-09-28T01:18:06.714+0100 [DEBUG] ReferenceTransformer: "provider[\"registry.terraform.io/hashicorp/aws\"]" references: [var.region]
2026-09-28T01:18:06.714+0100 [DEBUG] ReferenceTransformer: "module.s3 (close)" references: []
2026-09-28T01:18:06.714+0100 [DEBUG] ReferenceTransformer: "module.iam (close)" references: []
2026-09-28T01:18:06.714+0100 [DEBUG] ReferenceTransformer: "module.iam.aws_iam_role.github_bootstrap_role (expand)" references: [module.iam.var.github_oidc_assume_json (expand)]
2026-09-28T01:18:06.714+0100 [DEBUG] ReferenceTransformer: "module.iam.aws_iam_policy.terraform_ecr (expand)" references: []
2026-09-28T01:18:06.714+0100 [DEBUG] ReferenceTransformer: "module.iam.output.github_bootstrap_role_arn (expand)" references: [module.iam.aws_iam_role.github_bootstrap_role (expand)]
2026-09-28T01:18:06.714+0100 [DEBUG] ReferenceTransformer: "module.iam.aws_iam_policy.terraform_ecs" references: []
2026-09-28T01:18:06.714+0100 [DEBUG] ReferenceTransformer: "data.aws_iam_policy_document.github_oidc_assume (expand)" references: [aws_iam_openid_connect_provider.github (expand) var.github_repository_subject]
2026-09-28T01:18:06.714+0100 [DEBUG] ReferenceTransformer: "module.iam.aws_iam_role_policy_attachment.terraform_ecs (expand)" references: [module.iam.aws_iam_role.github_bootstrap_role (expand) module.iam.aws_iam_policy.terraform_ecs module.iam.aws_iam_policy.terraform_ecs module.iam.aws_iam_policy.terraform_ecs (expand)]
2026-09-28T01:18:06.714+0100 [DEBUG] ReferenceTransformer: "var.bucket_name" references: []
2026-09-28T01:18:06.714+0100 [DEBUG] ReferenceTransformer: "module.iam.aws_iam_policy.terraform_bootstrap (expand)" references: []
2026-09-28T01:18:06.715+0100 [DEBUG] ReferenceTransformer: "module.s3.aws_s3_bucket_versioning.terraform_state (expand)" references: [module.s3.aws_s3_bucket.terraform_state (expand)]
2026-09-28T01:18:06.715+0100 [DEBUG] ReferenceTransformer: "module.iam.var.github_oidc_assume_json (expand)" references: [data.aws_iam_policy_document.github_oidc_assume (expand)]
2026-09-28T01:18:06.715+0100 [DEBUG] ReferenceTransformer: "module.s3 (expand)" references: []
2026-09-28T01:18:06.715+0100 [DEBUG] ReferenceTransformer: "module.iam (expand)" references: []
2026-09-28T01:18:06.715+0100 [DEBUG] ReferenceTransformer: "module.iam.aws_iam_policy.terraform_logs (expand)" references: []
2026-09-28T01:18:06.715+0100 [DEBUG] ReferenceTransformer: "module.s3.aws_dynamodb_table.terraform_lock (expand)" references: [module.s3.var.bucket_name (expand)]
2026-09-28T01:18:06.715+0100 [DEBUG] ReferenceTransformer: "module.s3.var.bucket_name (expand)" references: [var.bucket_name]
2026-09-28T01:18:06.715+0100 [DEBUG] ReferenceTransformer: "module.s3.output.bucket_name (expand)" references: [module.s3.aws_s3_bucket.terraform_state (expand)]
2026-09-28T01:18:06.715+0100 [DEBUG] ReferenceTransformer: "module.s3.output.dynamodb_table_name (expand)" references: [module.s3.aws_dynamodb_table.terraform_lock (expand)]
2026-09-28T01:18:06.715+0100 [DEBUG] ReferenceTransformer: "output.s3_bucket_name (expand)" references: [module.s3.output.bucket_name (expand)]
2026-09-28T01:18:06.715+0100 [DEBUG] ReferenceTransformer: "module.iam.aws_iam_role_policy_attachment.terraform_ecr (expand)" references: [module.iam.aws_iam_policy.terraform_ecr (expand) module.iam.aws_iam_role.github_bootstrap_role (expand)]
2026-09-28T01:18:06.715+0100 [DEBUG] ReferenceTransformer: "module.iam.aws_iam_policy.terraform_ecs (expand)" references: []
2026-09-28T01:18:06.715+0100 [DEBUG] ReferenceTransformer: "module.iam.aws_iam_role_policy_attachment.bootstrap (expand)" references: [module.iam.aws_iam_role.github_bootstrap_role (expand) module.iam.aws_iam_policy.terraform_bootstrap (expand)]
2026-09-28T01:18:06.716+0100 [DEBUG] ReferenceTransformer: "module.s3.aws_s3_bucket_public_access_block.terraform_state (expand)" references: [module.s3.aws_s3_bucket.terraform_state (expand)]
2026-09-28T01:18:06.716+0100 [DEBUG] ReferenceTransformer: "aws_iam_openid_connect_provider.github (expand)" references: []
2026-09-28T01:18:06.718+0100 [DEBUG] Starting graph walk: walkApply
2026-09-28T01:18:06.719+0100 [DEBUG] created provider logger: level=debug
2026-09-28T01:18:06.719+0100 [INFO]  provider: configuring client automatic mTLS
2026-09-28T01:18:06.730+0100 [DEBUG] provider: starting plugin: path=.terraform/providers/registry.terraform.io/hashicorp/aws/6.50.0/windows_amd64/terraform-provider-aws_v6.50.0_x5.exe args=[".terraform/providers/registry.terraform.io/hashicorp/aws/6.50.0/windows_amd64/terraform-provider-aws_v6.50.0_x5.exe"]
2026-09-28T01:18:06.741+0100 [DEBUG] provider: plugin started: path=.terraform/providers/registry.terraform.io/hashicorp/aws/6.50.0/windows_amd64/terraform-provider-aws_v6.50.0_x5.exe pid=6900
2026-09-28T01:18:06.741+0100 [DEBUG] provider: waiting for RPC address: plugin=.terraform/providers/registry.terraform.io/hashicorp/aws/6.50.0/windows_amd64/terraform-provider-aws_v6.50.0_x5.exe
2026-09-28T01:18:06.939+0100 [DEBUG] provider.terraform-provider-aws_v6.50.0_x5.exe: Starting github.com/hashicorp/terraform-provider-aws@6.50.0 (go1.26.3)...
2026-09-28T01:18:06.939+0100 [DEBUG] provider.terraform-provider-aws_v6.50.0_x5.exe: Creating Terraform AWS Provider (SDKv2-style)...
2026-09-28T01:18:06.939+0100 [DEBUG] provider.terraform-provider-aws_v6.50.0_x5.exe: Initializing Terraform AWS Provider (SDKv2-style)...
2026-09-28T01:18:06.985+0100 [DEBUG] provider.terraform-provider-aws_v6.50.0_x5.exe: Creating Terraform AWS Provider (Framework-style)...
2026-09-28T01:18:06.985+0100 [DEBUG] provider.terraform-provider-aws_v6.50.0_x5.exe: Initializing Terraform AWS Provider (Framework-style)...
2026-09-28T01:18:07.055+0100 [INFO]  provider.terraform-provider-aws_v6.50.0_x5.exe: configuring server automatic mTLS: timestamp="2026-09-28T01:18:06.988+0100"
2026-09-28T01:18:07.069+0100 [DEBUG] provider.terraform-provider-aws_v6.50.0_x5.exe: plugin address: address=127.0.0.1:10000 network=tcp timestamp="2026-09-28T01:18:07.069+0100"
2026-09-28T01:18:07.069+0100 [DEBUG] provider: using plugin: version=5
2026-09-28T01:18:07.189+0100 [DEBUG] provider.terraform-provider-aws_v6.50.0_x5.exe: Configuring Terraform AWS Provider: @caller=github.com/hashicorp/terraform-provider-aws/internal/conns/config.go:150 @module=aws tf_mux_provider="*schema.GRPCProviderServer" tf_provider_addr=registry.terraform.io/hashicorp/aws tf_req_id=3f8752eb-7db4-1055-aac2-b43029a14e48 tf_rpc=ConfigureProvider timestamp="2026-09-28T01:18:07.189+0100"
2026-09-28T01:18:07.189+0100 [DEBUG] provider.terraform-provider-aws_v6.50.0_x5.exe: Resolving credentials provider: @caller=github.com/hashicorp/aws-sdk-go-base/v2@v2.0.0-beta.73/logging/tf_logger.go:47 tf_req_id=3f8752eb-7db4-1055-aac2-b43029a14e48 tf_rpc=ConfigureProvider @module=aws.aws-base tf_mux_provider="*schema.GRPCProviderServer" tf_provider_addr=registry.terraform.io/hashicorp/aws timestamp="2026-09-28T01:18:07.189+0100"
2026-09-28T01:18:07.190+0100 [DEBUG] provider.terraform-provider-aws_v6.50.0_x5.exe: Loading configuration: tf_mux_provider="*schema.GRPCProviderServer" tf_provider_addr=registry.terraform.io/hashicorp/aws tf_req_id=3f8752eb-7db4-1055-aac2-b43029a14e48 tf_rpc=ConfigureProvider @caller=github.com/hashicorp/aws-sdk-go-base/v2@v2.0.0-beta.73/logging/tf_logger.go:47 @module=aws.aws-base timestamp="2026-09-28T01:18:07.190+0100"
2026-09-28T01:18:07.190+0100 [DEBUG] provider.terraform-provider-aws_v6.50.0_x5.exe: Retrieving credentials: @caller=github.com/hashicorp/aws-sdk-go-base/v2@v2.0.0-beta.73/logging/tf_logger.go:47 @module=aws.aws-base tf_rpc=ConfigureProvider tf_mux_provider="*schema.GRPCProviderServer" tf_provider_addr=registry.terraform.io/hashicorp/aws tf_req_id=3f8752eb-7db4-1055-aac2-b43029a14e48 timestamp="2026-09-28T01:18:07.190+0100"
2026-09-28T01:18:07.190+0100 [INFO]  provider.terraform-provider-aws_v6.50.0_x5.exe: Retrieved credentials: tf_aws.credentials_source="SharedConfigCredentials: C:\Users\mevae\.aws\credentials" tf_mux_provider="*schema.GRPCProviderServer" tf_req_id=3f8752eb-7db4-1055-aac2-b43029a14e48 @caller=github.com/hashicorp/aws-sdk-go-base/v2@v2.0.0-beta.73/logging/tf_logger.go:39 @module=aws.aws-base tf_provider_addr=registry.terraform.io/hashicorp/aws tf_rpc=ConfigureProvider timestamp="2026-09-28T01:18:07.190+0100"
2026-09-28T01:18:07.190+0100 [DEBUG] provider.terraform-provider-aws_v6.50.0_x5.exe: Loading configuration: @module=aws.aws-base tf_mux_provider="*schema.GRPCProviderServer" tf_provider_addr=registry.terraform.io/hashicorp/aws tf_rpc=ConfigureProvider @caller=github.com/hashicorp/aws-sdk-go-base/v2@v2.0.0-beta.73/logging/tf_logger.go:47 tf_req_id=3f8752eb-7db4-1055-aac2-b43029a14e48 timestamp="2026-09-28T01:18:07.190+0100"
2026-09-28T01:18:07.191+0100 [DEBUG] provider.terraform-provider-aws_v6.50.0_x5.exe: Retrieving AWS account details: tf_mux_provider="*schema.GRPCProviderServer" tf_provider_addr=registry.terraform.io/hashicorp/aws tf_rpc=ConfigureProvider @module=aws tf_req_id=3f8752eb-7db4-1055-aac2-b43029a14e48 @caller=github.com/hashicorp/terraform-provider-aws/internal/conns/config.go:188 timestamp="2026-09-28T01:18:07.191+0100"
2026-09-28T01:18:07.191+0100 [DEBUG] provider.terraform-provider-aws_v6.50.0_x5.exe: Retrieving caller identity from STS: @module=aws.aws-base tf_mux_provider="*schema.GRPCProviderServer" tf_provider_addr=registry.terraform.io/hashicorp/aws tf_req_id=3f8752eb-7db4-1055-aac2-b43029a14e48 tf_rpc=ConfigureProvider @caller=github.com/hashicorp/aws-sdk-go-base/v2@v2.0.0-beta.73/logging/tf_logger.go:47 timestamp="2026-09-28T01:18:07.191+0100"
2026-09-28T01:18:07.192+0100 [DEBUG] provider.terraform-provider-aws_v6.50.0_x5.exe: HTTP Request Sent: http.request.header.x_amz_date=20260928T001807Z http.url=https://sts.eu-west-1.amazonaws.com/ http.user_agent="APN/1.0 HashiCorp/1.0 Terraform/1.15.3 (+https://www.terraform.io) terraform-provider-aws/6.50.0 (+https://registry.terraform.io/providers/hashicorp/aws) aws-sdk-go-v2/1.42.0 ua/2.1 os/windows lang/go#1.26.3 md/GOOS#windows md/GOARCH#amd64 api/sts#1.43.3 m/n" rpc.method=STS/GetCallerIdentity rpc.system.name=aws-api tf_aws.sdk=aws-sdk-go-v2 tf_aws.signing_region="" http.request.header.amz_sdk_request="attempt=1; max=25" tf_provider_addr=registry.terraform.io/hashicorp/aws
  http.request.body=
  | Action=GetCallerIdentity&Version=2011-06-15
   http.request.header.authorization="AWS4-HMAC-SHA256 Credential=AKIA************SZUM/20260928/eu-west-1/sts/aws4_request, SignedHeaders=amz-sdk-invocation-id;amz-sdk-request;content-length;content-type;host;x-amz-date, Signature=*****" http.request.header.content_type=application/x-www-form-urlencoded tf_mux_provider="*schema.GRPCProviderServer" tf_req_id=3f8752eb-7db4-1055-aac2-b43029a14e48 tf_rpc=ConfigureProvider @caller=github.com/hashicorp/aws-sdk-go-base/v2@v2.0.0-beta.73/logging/tf_logger.go:47 @module=aws.aws-base http.method=POST http.request.header.amz_sdk_invocation_id=5bd6646f-a070-41cc-af58-2652c7d44392 http.request_content_length=43 net.peer.name=sts.eu-west-1.amazonaws.com aws.region=eu-west-1 timestamp="2026-09-28T01:18:07.192+0100"
2026-09-28T01:18:07.593+0100 [DEBUG] provider.terraform-provider-aws_v6.50.0_x5.exe: HTTP Response Received: http.status_code=200 rpc.method=STS/GetCallerIdentity tf_aws.signing_region="" tf_provider_addr=registry.terraform.io/hashicorp/aws tf_req_id=3f8752eb-7db4-1055-aac2-b43029a14e48
  http.response.body=
  | <GetCallerIdentityResponse xmlns="https://sts.amazonaws.com/doc/2011-06-15/">
  |   <GetCallerIdentityResult>
  |     <Arn>arn:aws:iam::234334047980:user/terraform-bootstrap</Arn>
  |     <UserId>AIDA*************MURE</UserId>
  |     <Account>234334047980</Account>
  |   </GetCallerIdentityResult>
  |   <ResponseMetadata>
  |     <RequestId>44e8833e-d5e6-4d32-bf9e-390d88223500</RequestId>
  |   </ResponseMetadata>
  | </GetCallerIdentityResponse>
   http.response.header.content_type=text/xml http.response.header.x_amz_sts_extended_request_id=MTpldS13ZXN0LTE6UzoxNzkwNTU0Njg3NTYzOlI6VnJuM0Z2ZHE= http.response.header.x_amzn_requestid=44e8833e-d5e6-4d32-bf9e-390d88223500 @caller=github.com/hashicorp/aws-sdk-go-base/v2@v2.0.0-beta.73/logging/tf_logger.go:47 http.response.header.date="Mon, 28 Sep 2026 00:18:07 GMT" tf_mux_provider="*schema.GRPCProviderServer" @module=aws.aws-base aws.region=eu-west-1 http.duration=400 rpc.system.name=aws-api tf_aws.sdk=aws-sdk-go-v2 tf_rpc=ConfigureProvider http.response_content_length=416 timestamp="2026-09-28T01:18:07.592+0100"
2026-09-28T01:18:07.593+0100 [INFO]  provider.terraform-provider-aws_v6.50.0_x5.exe: Retrieved caller identity from STS: @caller=github.com/hashicorp/aws-sdk-go-base/v2@v2.0.0-beta.73/logging/tf_logger.go:39 @module=aws.aws-base tf_provider_addr=registry.terraform.io/hashicorp/aws tf_req_id=3f8752eb-7db4-1055-aac2-b43029a14e48 tf_mux_provider="*schema.GRPCProviderServer" tf_rpc=ConfigureProvider timestamp="2026-09-28T01:18:07.592+0100"
2026-09-28T01:18:07.634+0100 [WARN]  Provider "registry.terraform.io/hashicorp/aws" produced an invalid plan for module.iam.aws_iam_policy.terraform_ecs, but we are tolerating it because it is using the legacy plugin SDK.
    The following problems may be the cause of any confusing errors from downstream operations:
      - .description: planned value cty.StringVal("") for a non-computed attribute
      - .tags: planned value cty.MapValEmpty(cty.String) for a non-computed attribute
      - .path: planned value cty.StringVal("/") for a non-computed attribute
2026-09-28T01:18:07.651+0100 [INFO]  Starting apply for module.iam.aws_iam_policy.terraform_ecs
2026-09-28T01:18:07.651+0100 [DEBUG] module.iam.aws_iam_policy.terraform_ecs: applying the planned Update change
2026-09-28T01:18:07.702+0100 [DEBUG] provider.terraform-provider-aws_v6.50.0_x5.exe: HTTP Request Sent: http.request.header.amz_sdk_invocation_id=aaa9c857-b3d5-4ba8-b5a8-108620d81cf0 http.url=https://iam.amazonaws.com/ rpc.method=IAM/ListPolicyVersions tf_aws.signing_region="" tf_req_id=6454240e-9ab6-9ec7-1c46-ce2ab7610cf7 aws.region=eu-west-1 http.request.header.authorization="AWS4-HMAC-SHA256 Credential=AKIA************SZUM/20260928/us-east-1/iam/aws4_request, SignedHeaders=amz-sdk-invocation-id;amz-sdk-request;content-length;content-type;host;x-amz-date, Signature=*****" http.request.header.content_type=application/x-www-form-urlencoded http.request.header.x_amz_date=20260928T001807Z http.user_agent="APN/1.0 HashiCorp/1.0 Terraform/1.15.3 (+https://www.terraform.io) terraform-provider-aws/6.50.0 (+https://registry.terraform.io/providers/hashicorp/aws) aws-sdk-go-v2/1.42.0 ua/2.1 os/windows lang/go#1.26.3 md/GOOS#windows md/GOARCH#amd64 api/iam#1.54.4 m/C,n" tf_aws.sdk=aws-sdk-go-v2 @caller=github.com/hashicorp/aws-sdk-go-base/v2@v2.0.0-beta.73/logging/tf_logger.go:45 @module=aws http.method=POST http.request.header.amz_sdk_request="attempt=1; max=25" http.request_content_length=120 net.peer.name=iam.amazonaws.com tf_mux_provider="*schema.GRPCProviderServer" tf_provider_addr=registry.terraform.io/hashicorp/aws http.request.body="***" rpc.system.name=aws-api tf_resource_type=aws_iam_policy tf_rpc=ApplyResourceChange timestamp="2026-09-28T01:18:07.701+0100"
2026-09-28T01:18:08.185+0100 [DEBUG] provider.terraform-provider-aws_v6.50.0_x5.exe: HTTP Response Received: http.response.header.date="Mon, 28 Sep 2026 00:18:08 GMT" rpc.system.name=aws-api tf_mux_provider="*schema.GRPCProviderServer" tf_rpc=ApplyResourceChange @caller=github.com/hashicorp/aws-sdk-go-base/v2@v2.0.0-beta.73/logging/tf_logger.go:45 http.response_content_length=1192 tf_aws.signing_region="" tf_req_id=6454240e-9ab6-9ec7-1c46-ce2ab7610cf7 tf_resource_type=aws_iam_policy @module=aws http.response.header.content_type=text/xml rpc.method=IAM/ListPolicyVersions tf_aws.sdk=aws-sdk-go-v2 tf_provider_addr=registry.terraform.io/hashicorp/aws aws.region=eu-west-1 http.duration=482 http.response.body="***" http.response.header.x_amzn_requestid=4de616f3-f3ad-470b-9230-c2abe0641e23 http.status_code=200 timestamp="2026-09-28T01:18:08.184+0100"
2026-09-28T01:18:08.472+0100 [DEBUG] provider.terraform-provider-aws_v6.50.0_x5.exe: HTTP Request Sent: http.request.header.x_amz_date=20260928T001808Z http.url=https://iam.amazonaws.com/ rpc.system.name=aws-api tf_rpc=ApplyResourceChange http.request_content_length=134 @caller=github.com/hashicorp/aws-sdk-go-base/v2@v2.0.0-beta.73/logging/tf_logger.go:45 @module=aws http.method=POST http.request.header.amz_sdk_invocation_id=7f21573f-cf31-4054-8293-59b48daaa115 http.request.header.amz_sdk_request="attempt=1; max=25" http.request.header.content_type=application/x-www-form-urlencoded tf_aws.signing_region="" http.request.body="***" http.user_agent="APN/1.0 HashiCorp/1.0 Terraform/1.15.3 (+https://www.terraform.io) terraform-provider-aws/6.50.0 (+https://registry.terraform.io/providers/hashicorp/aws) aws-sdk-go-v2/1.42.0 ua/2.1 os/windows lang/go#1.26.3 md/GOOS#windows md/GOARCH#amd64 api/iam#1.54.4 m/n" net.peer.name=iam.amazonaws.com rpc.method=IAM/DeletePolicyVersion tf_mux_provider="*schema.GRPCProviderServer" tf_req_id=6454240e-9ab6-9ec7-1c46-ce2ab7610cf7 aws.region=eu-west-1 tf_aws.sdk=aws-sdk-go-v2 tf_provider_addr=registry.terraform.io/hashicorp/aws tf_resource_type=aws_iam_policy http.request.header.authorization="AWS4-HMAC-SHA256 Credential=AKIA************SZUM/20260928/us-east-1/iam/aws4_request, SignedHeaders=amz-sdk-invocation-id;amz-sdk-request;content-length;content-type;host;x-amz-date, Signature=*****" timestamp="2026-09-28T01:18:08.471+0100"
2026-09-28T01:18:08.630+0100 [DEBUG] provider.terraform-provider-aws_v6.50.0_x5.exe: HTTP Response Received: @caller=github.com/hashicorp/aws-sdk-go-base/v2@v2.0.0-beta.73/logging/tf_logger.go:45 @module=aws http.response_content_length=218 tf_aws.sdk=aws-sdk-go-v2 http.duration=159 http.response.header.date="Mon, 28 Sep 2026 00:18:08 GMT" http.response.header.x_amzn_requestid=427efff4-19e3-4012-ac44-b29b1ae84eb4 http.status_code=200 rpc.system.name=aws-api http.response.body="***" http.response.header.content_type=text/xml rpc.method=IAM/DeletePolicyVersion tf_provider_addr=registry.terraform.io/hashicorp/aws tf_resource_type=aws_iam_policy aws.region=eu-west-1 tf_aws.signing_region="" tf_mux_provider="*schema.GRPCProviderServer" tf_req_id=6454240e-9ab6-9ec7-1c46-ce2ab7610cf7 tf_rpc=ApplyResourceChange timestamp="2026-09-28T01:18:08.630+0100"
2026-09-28T01:18:08.755+0100 [DEBUG] provider.terraform-provider-aws_v6.50.0_x5.exe: HTTP Request Sent: aws.region=eu-west-1 http.request.header.authorization="AWS4-HMAC-SHA256 Credential=AKIA************SZUM/20260928/us-east-1/iam/aws4_request, SignedHeaders=amz-sdk-invocation-id;amz-sdk-request;content-length;content-type;host;x-amz-date, Signature=*****" http.request.header.content_type=application/x-www-form-urlencoded http.url=https://iam.amazonaws.com/ net.peer.name=iam.amazonaws.com rpc.system.name=aws-api @module=aws http.method=POST http.user_agent="APN/1.0 HashiCorp/1.0 Terraform/1.15.3 (+https://www.terraform.io) terraform-provider-aws/6.50.0 (+https://registry.terraform.io/providers/hashicorp/aws) aws-sdk-go-v2/1.42.0 ua/2.1 os/windows lang/go#1.26.3 md/GOOS#windows md/GOARCH#amd64 api/iam#1.54.4 m/n" tf_aws.signing_region="" tf_req_id=6454240e-9ab6-9ec7-1c46-ce2ab7610cf7 tf_rpc=ApplyResourceChange http.request.body="***" http.request.header.amz_sdk_invocation_id=146a0319-3209-4571-9d8d-2d1cae467ea1 http.request.header.x_amz_date=20260928T001808Z rpc.method=IAM/CreatePolicyVersion tf_aws.sdk=aws-sdk-go-v2 tf_mux_provider="*schema.GRPCProviderServer" tf_provider_addr=registry.terraform.io/hashicorp/aws @caller=github.com/hashicorp/aws-sdk-go-base/v2@v2.0.0-beta.73/logging/tf_logger.go:45 http.request.header.amz_sdk_request="attempt=1; max=25" http.request_content_length=980 tf_resource_type=aws_iam_policy timestamp="2026-09-28T01:18:08.754+0100"
2026-09-28T01:18:08.942+0100 [DEBUG] provider.terraform-provider-aws_v6.50.0_x5.exe: HTTP Response Received: rpc.system.name=aws-api tf_resource_type=aws_iam_policy tf_rpc=ApplyResourceChange rpc.method=IAM/CreatePolicyVersion tf_aws.sdk=aws-sdk-go-v2 tf_aws.signing_region="" tf_mux_provider="*schema.GRPCProviderServer" @module=aws http.duration=187 http.response.header.content_type=text/xml http.status_code=200 http.response.body="***" http.response.header.date="Mon, 28 Sep 2026 00:18:08 GMT" http.response.header.x_amzn_requestid=8d2c31e0-2b11-4459-923a-5de0038b3569 tf_provider_addr=registry.terraform.io/hashicorp/aws tf_req_id=6454240e-9ab6-9ec7-1c46-ce2ab7610cf7 @caller=github.com/hashicorp/aws-sdk-go-base/v2@v2.0.0-beta.73/logging/tf_logger.go:45 aws.region=eu-west-1 http.response_content_length=452 timestamp="2026-09-28T01:18:08.941+0100"
2026-09-28T01:18:09.002+0100 [DEBUG] provider.terraform-provider-aws_v6.50.0_x5.exe: HTTP Request Sent: @module=aws http.method=POST http.request.header.content_type=application/x-www-form-urlencoded rpc.system.name=aws-api tf_aws.signing_region="" tf_provider_addr=registry.terraform.io/hashicorp/aws tf_resource_type=aws_iam_policy http.request.header.authorization="AWS4-HMAC-SHA256 Credential=AKIA************SZUM/20260928/us-east-1/iam/aws4_request, SignedHeaders=amz-sdk-invocation-id;amz-sdk-request;content-length;content-type;host;x-amz-date, Signature=*****" http.request.header.x_amz_date=20260928T001808Z http.request_content_length=111 net.peer.name=iam.amazonaws.com rpc.method=IAM/GetPolicy tf_aws.sdk=aws-sdk-go-v2 http.request.body="***" http.request.header.amz_sdk_invocation_id=2997bf94-52ea-49f9-8343-651e56c0a88b http.request.header.amz_sdk_request="attempt=1; max=25" http.url=https://iam.amazonaws.com/ http.user_agent="APN/1.0 HashiCorp/1.0 Terraform/1.15.3 (+https://www.terraform.io) terraform-provider-aws/6.50.0 (+https://registry.terraform.io/providers/hashicorp/aws) aws-sdk-go-v2/1.42.0 ua/2.1 os/windows lang/go#1.26.3 md/GOOS#windows md/GOARCH#amd64 api/iam#1.54.4 m/n" tf_mux_provider="*schema.GRPCProviderServer" @caller=github.com/hashicorp/aws-sdk-go-base/v2@v2.0.0-beta.73/logging/tf_logger.go:45 aws.region=eu-west-1 tf_req_id=6454240e-9ab6-9ec7-1c46-ce2ab7610cf7 tf_rpc=ApplyResourceChange timestamp="2026-09-28T01:18:09.001+0100"
2026-09-28T01:18:09.145+0100 [DEBUG] provider.terraform-provider-aws_v6.50.0_x5.exe: HTTP Response Received: aws.region=eu-west-1 http.response.header.content_type=text/xml http.response.header.x_amzn_requestid=dac63425-72fb-49a5-a03d-9606ad1df89f http.response_content_length=777 http.status_code=200 rpc.method=IAM/GetPolicy tf_resource_type=aws_iam_policy tf_rpc=ApplyResourceChange http.response.header.date="Mon, 28 Sep 2026 00:18:09 GMT" tf_req_id=6454240e-9ab6-9ec7-1c46-ce2ab7610cf7 http.duration=143 http.response.body="***" rpc.system.name=aws-api tf_aws.sdk=aws-sdk-go-v2 tf_aws.signing_region="" tf_provider_addr=registry.terraform.io/hashicorp/aws @caller=github.com/hashicorp/aws-sdk-go-base/v2@v2.0.0-beta.73/logging/tf_logger.go:45 @module=aws tf_mux_provider="*schema.GRPCProviderServer" timestamp="2026-09-28T01:18:09.145+0100"
2026-09-28T01:18:09.146+0100 [DEBUG] provider.terraform-provider-aws_v6.50.0_x5.exe: HTTP Request Sent: http.request.body="***" http.request.header.amz_sdk_request="attempt=1; max=25" http.request.header.content_type=application/x-www-form-urlencoded http.user_agent="APN/1.0 HashiCorp/1.0 Terraform/1.15.3 (+https://www.terraform.io) terraform-provider-aws/6.50.0 (+https://registry.terraform.io/providers/hashicorp/aws) aws-sdk-go-v2/1.42.0 ua/2.1 os/windows lang/go#1.26.3 md/GOOS#windows md/GOARCH#amd64 api/iam#1.54.4 m/n" tf_provider_addr=registry.terraform.io/hashicorp/aws tf_req_id=6454240e-9ab6-9ec7-1c46-ce2ab7610cf7 http.request.header.x_amz_date=20260928T001809Z @caller=github.com/hashicorp/aws-sdk-go-base/v2@v2.0.0-beta.73/logging/tf_logger.go:45 aws.region=eu-west-1 http.method=POST http.request.header.amz_sdk_invocation_id=6bbd068c-623b-4d7d-a805-8dab5fcf3f21 rpc.method=IAM/GetPolicyVersion http.request.header.authorization="AWS4-HMAC-SHA256 Credential=AKIA************SZUM/20260928/us-east-1/iam/aws4_request, SignedHeaders=amz-sdk-invocation-id;amz-sdk-request;content-length;content-type;host;x-amz-date, Signature=*****" http.request_content_length=131 rpc.system.name=aws-api tf_aws.signing_region="" tf_resource_type=aws_iam_policy tf_rpc=ApplyResourceChange @module=aws http.url=https://iam.amazonaws.com/ net.peer.name=iam.amazonaws.com tf_aws.sdk=aws-sdk-go-v2 tf_mux_provider="*schema.GRPCProviderServer" timestamp="2026-09-28T01:18:09.146+0100"
2026-09-28T01:18:09.271+0100 [DEBUG] provider.terraform-provider-aws_v6.50.0_x5.exe: HTTP Response Received: http.response.header.x_amzn_requestid=3ef06e97-0608-4fd3-a07f-a4cac5d7edfb tf_provider_addr=registry.terraform.io/hashicorp/aws http.duration=124 http.response.body="***" http.response_content_length=1293 tf_mux_provider="*schema.GRPCProviderServer" rpc.method=IAM/GetPolicyVersion @caller=github.com/hashicorp/aws-sdk-go-base/v2@v2.0.0-beta.73/logging/tf_logger.go:45 @module=aws aws.region=eu-west-1 http.status_code=200 rpc.system.name=aws-api tf_aws.signing_region="" tf_resource_type=aws_iam_policy http.response.header.content_type=text/xml http.response.header.date="Mon, 28 Sep 2026 00:18:09 GMT" tf_aws.sdk=aws-sdk-go-v2 tf_req_id=6454240e-9ab6-9ec7-1c46-ce2ab7610cf7 tf_rpc=ApplyResourceChange timestamp="2026-09-28T01:18:09.270+0100"
2026-09-28T01:18:09.484+0100 [DEBUG] State storage *statemgr.Filesystem declined to persist a state snapshot
2026-09-28T01:18:09.485+0100 [DEBUG] provider.stdio: received EOF, stopping recv loop: err="rpc error: code = Unavailable desc = error reading from server: EOF"
2026-09-28T01:18:09.527+0100 [INFO]  provider: plugin process exited: plugin=.terraform/providers/registry.terraform.io/hashicorp/aws/6.50.0/windows_amd64/terraform-provider-aws_v6.50.0_x5.exe id=6900
2026-09-28T01:18:09.527+0100 [DEBUG] provider: plugin exited
