2026-09-27T23:25:28.993+0100 [INFO]  Terraform version: 1.15.3
2026-09-27T23:25:29.065+0100 [DEBUG] using github.com/hashicorp/go-tfe v1.105.0
2026-09-27T23:25:29.065+0100 [DEBUG] using github.com/hashicorp/hcl/v2 v2.24.0
2026-09-27T23:25:29.065+0100 [DEBUG] using github.com/hashicorp/terraform-svchost v0.2.1
2026-09-27T23:25:29.065+0100 [DEBUG] using github.com/zclconf/go-cty v1.18.0
2026-09-27T23:25:29.065+0100 [INFO]  Go runtime version: go1.25.10
2026-09-27T23:25:29.065+0100 [INFO]  CLI args: []string{"C:\\Users\\mevae\\AppData\\Local\\Microsoft\\WinGet\\Links\\terraform.exe", "plan"}
2026-09-27T23:25:29.070+0100 [DEBUG] Attempting to open CLI config file: C:\Users\mevae\AppData\Roaming\terraform.rc
2026-09-27T23:25:29.095+0100 [DEBUG] File doesn't exist, but doesn't need to. Ignoring.
2026-09-27T23:25:29.095+0100 [DEBUG] ignoring non-existing provider search directory terraform.d/plugins
2026-09-27T23:25:29.095+0100 [DEBUG] ignoring non-existing provider search directory C:\Users\mevae\AppData\Roaming\terraform.d\plugins
2026-09-27T23:25:29.097+0100 [DEBUG] ignoring non-existing provider search directory C:\Users\mevae\AppData\Roaming\HashiCorp\Terraform\plugins
2026-09-27T23:25:29.097+0100 [INFO]  CLI command args: []string{"plan"}
2026-09-27T23:25:29.158+0100 [DEBUG] backend-s3.aws-base: Resolving credentials provider: tf_backend.operation=Configure tf_backend.req_id=41736f0a-a8f3-7a9e-1b44-507f21b6cd05 tf_backend.s3.bucket=edgar-fitness-terraform-state tf_backend.s3.path=fitness-platform/terraform.tfstate
2026-09-27T23:25:29.200+0100 [DEBUG] backend-s3.aws-base: Loading configuration: tf_backend.operation=Configure tf_backend.req_id=41736f0a-a8f3-7a9e-1b44-507f21b6cd05 tf_backend.s3.bucket=edgar-fitness-terraform-state tf_backend.s3.path=fitness-platform/terraform.tfstate
2026-09-27T23:25:29.201+0100 [DEBUG] backend-s3.aws-base: Retrieving credentials: tf_backend.operation=Configure tf_backend.req_id=41736f0a-a8f3-7a9e-1b44-507f21b6cd05 tf_backend.s3.bucket=edgar-fitness-terraform-state tf_backend.s3.path=fitness-platform/terraform.tfstate
2026-09-27T23:25:29.201+0100 [INFO]  backend-s3.aws-base: Retrieved credentials: tf_backend.operation=Configure tf_backend.req_id=41736f0a-a8f3-7a9e-1b44-507f21b6cd05 tf_backend.s3.bucket=edgar-fitness-terraform-state tf_backend.s3.path=fitness-platform/terraform.tfstate tf_aws.credentials_source="SharedConfigCredentials: C:\Users\mevae\.aws\credentials"
2026-09-27T23:25:29.201+0100 [DEBUG] backend-s3.aws-base: Loading configuration: tf_backend.operation=Configure tf_backend.req_id=41736f0a-a8f3-7a9e-1b44-507f21b6cd05 tf_backend.s3.bucket=edgar-fitness-terraform-state tf_backend.s3.path=fitness-platform/terraform.tfstate
2026-09-27T23:25:29.202+0100 [DEBUG] backend-s3.aws-base: Retrieving caller identity from STS: tf_backend.operation=Configure tf_backend.req_id=41736f0a-a8f3-7a9e-1b44-507f21b6cd05 tf_backend.s3.bucket=edgar-fitness-terraform-state tf_backend.s3.path=fitness-platform/terraform.tfstate
2026-09-27T23:25:29.203+0100 [DEBUG] backend-s3.aws-base: HTTP Request Sent: aws.region=eu-west-1 rpc.method=STS/GetCallerIdentity rpc.system.name=aws-api tf_aws.sdk=aws-sdk-go-v2 tf_aws.signing_region="" tf_backend.operation=Configure tf_backend.req_id=41736f0a-a8f3-7a9e-1b44-507f21b6cd05 tf_backend.s3.bucket=edgar-fitness-terraform-state tf_backend.s3.path=fitness-platform/terraform.tfstate http.request.header.content_type=application/x-www-form-urlencoded net.peer.name=sts.eu-west-1.amazonaws.com http.request.header.authorization="AWS4-HMAC-SHA256 Credential=AKIA************SZUM/20260927/eu-west-1/sts/aws4_request, SignedHeaders=amz-sdk-invocation-id;amz-sdk-request;content-length;content-type;host;x-amz-date, Signature=*****" http.request.header.amz_sdk_request="attempt=1; max=5" http.request.header.amz_sdk_invocation_id=96c28c05-a83e-4094-b7ab-7620981821e1
  http.request.body=
  | Action=GetCallerIdentity&Version=2011-06-15
   http.method=POST http.url=https://sts.eu-west-1.amazonaws.com/ http.user_agent="APN/1.0 HashiCorp/1.0 Terraform/1.15.3 (+https://www.terraform.io) aws-sdk-go-v2/1.41.5 ua/2.1 os/windows lang/go#1.25.10 md/GOOS#windows md/GOARCH#amd64 api/sts#1.41.9 m/n" http.request_content_length=43 http.request.header.x_amz_date=20260927T222529Z
2026-09-27T23:25:29.661+0100 [DEBUG] backend-s3.aws-base: HTTP Response Received: aws.region=eu-west-1 rpc.method=STS/GetCallerIdentity rpc.system.name=aws-api tf_aws.sdk=aws-sdk-go-v2 tf_aws.signing_region="" tf_backend.operation=Configure tf_backend.req_id=41736f0a-a8f3-7a9e-1b44-507f21b6cd05 tf_backend.s3.bucket=edgar-fitness-terraform-state tf_backend.s3.path=fitness-platform/terraform.tfstate http.response.header.date="Sun, 27 Sep 2026 22:25:29 GMT"
  http.response.body=
  | <GetCallerIdentityResponse xmlns="https://sts.amazonaws.com/doc/2011-06-15/">
  |   <GetCallerIdentityResult>
  |     <Arn>arn:aws:iam::234334047980:user/terraform-bootstrap</Arn>
  |     <UserId>AIDA*************MURE</UserId>
  |     <Account>234334047980</Account>
  |   </GetCallerIdentityResult>
  |   <ResponseMetadata>
  |     <RequestId>1328c6a1-2d31-44da-be7d-0911955a6cf5</RequestId>
  |   </ResponseMetadata>
  | </GetCallerIdentityResponse>
   http.duration=457 http.status_code=200 http.response_content_length=416 http.response.header.x_amzn_requestid=1328c6a1-2d31-44da-be7d-0911955a6cf5 http.response.header.x_amz_sts_extended_request_id=MTpldS13ZXN0LTE6UzoxNzkwNTQ3OTI5NjI4OlI6a0RNeTNuUVI= http.response.header.content_type=text/xml
2026-09-27T23:25:29.661+0100 [INFO]  backend-s3.aws-base: Retrieved caller identity from STS: tf_backend.operation=Configure tf_backend.req_id=41736f0a-a8f3-7a9e-1b44-507f21b6cd05 tf_backend.s3.bucket=edgar-fitness-terraform-state tf_backend.s3.path=fitness-platform/terraform.tfstate
2026-09-27T23:25:29.661+0100 [DEBUG] backend-s3.aws-base: Retrieving caller identity from STS: tf_backend.operation=Configure tf_backend.req_id=41736f0a-a8f3-7a9e-1b44-507f21b6cd05 tf_backend.s3.bucket=edgar-fitness-terraform-state tf_backend.s3.path=fitness-platform/terraform.tfstate
2026-09-27T23:25:29.661+0100 [DEBUG] backend-s3.aws-base: HTTP Request Sent: aws.region=eu-west-1 rpc.method=STS/GetCallerIdentity rpc.system.name=aws-api tf_aws.sdk=aws-sdk-go-v2 tf_aws.signing_region="" tf_backend.operation=Configure tf_backend.req_id=41736f0a-a8f3-7a9e-1b44-507f21b6cd05 tf_backend.s3.bucket=edgar-fitness-terraform-state tf_backend.s3.path=fitness-platform/terraform.tfstate http.user_agent="APN/1.0 HashiCorp/1.0 Terraform/1.15.3 (+https://www.terraform.io) aws-sdk-go-v2/1.41.5 ua/2.1 os/windows lang/go#1.25.10 md/GOOS#windows md/GOARCH#amd64 api/sts#1.41.9 m/n" http.request.header.amz_sdk_request="attempt=1; max=5" http.request.header.x_amz_date=20260927T222529Z http.request.header.content_type=application/x-www-form-urlencoded http.request.header.amz_sdk_invocation_id=b9a813a8-e7ee-4160-92a9-9d0dece8fa7a
  http.request.body=
  | Action=GetCallerIdentity&Version=2011-06-15
   http.method=POST http.url=https://sts.eu-west-1.amazonaws.com/ net.peer.name=sts.eu-west-1.amazonaws.com http.request_content_length=43 http.request.header.authorization="AWS4-HMAC-SHA256 Credential=AKIA************SZUM/20260927/eu-west-1/sts/aws4_request, SignedHeaders=amz-sdk-invocation-id;amz-sdk-request;content-length;content-type;host;x-amz-date, Signature=*****"
2026-09-27T23:25:29.718+0100 [DEBUG] backend-s3.aws-base: HTTP Response Received: aws.region=eu-west-1 rpc.method=STS/GetCallerIdentity rpc.system.name=aws-api tf_aws.sdk=aws-sdk-go-v2 tf_aws.signing_region="" tf_backend.operation=Configure tf_backend.req_id=41736f0a-a8f3-7a9e-1b44-507f21b6cd05 tf_backend.s3.bucket=edgar-fitness-terraform-state tf_backend.s3.path=fitness-platform/terraform.tfstate http.duration=56 http.status_code=200 http.response_content_length=416 http.response.header.x_amz_sts_extended_request_id=MTpldS13ZXN0LTE6UzoxNzkwNTQ3OTI5NjkwOlI6TUJ6UnNxUm8= http.response.header.content_type=text/xml http.response.header.date="Sun, 27 Sep 2026 22:25:29 GMT" http.response.header.x_amzn_requestid=6099bdbe-54c6-429f-b542-5d69b9b8df9b
  http.response.body=
  | <GetCallerIdentityResponse xmlns="https://sts.amazonaws.com/doc/2011-06-15/">
  |   <GetCallerIdentityResult>
  |     <Arn>arn:aws:iam::234334047980:user/terraform-bootstrap</Arn>
  |     <UserId>AIDA*************MURE</UserId>
  |     <Account>234334047980</Account>
  |   </GetCallerIdentityResult>
  |   <ResponseMetadata>
  |     <RequestId>6099bdbe-54c6-429f-b542-5d69b9b8df9b</RequestId>
  |   </ResponseMetadata>
  | </GetCallerIdentityResponse>
  
2026-09-27T23:25:29.718+0100 [INFO]  backend-s3.aws-base: Retrieved caller identity from STS: tf_backend.operation=Configure tf_backend.req_id=41736f0a-a8f3-7a9e-1b44-507f21b6cd05 tf_backend.s3.bucket=edgar-fitness-terraform-state tf_backend.s3.path=fitness-platform/terraform.tfstate
2026-09-27T23:25:48.524+0100 [DEBUG] checking for provisioner in "."
2026-09-27T23:25:48.524+0100 [DEBUG] checking for provisioner in "C:\\Users\\mevae\\AppData\\Local\\Microsoft\\WinGet\\Links"
2026-09-27T23:25:48.570+0100 [INFO]  backend/local: starting Plan operation
2026-09-27T23:25:48.586+0100 [DEBUG] backend-s3: HTTP Request Sent: aws.region=eu-west-1 aws.s3.bucket=edgar-fitness-terraform-state rpc.method=S3/ListObjectsV2 rpc.system.name=aws-api tf_aws.sdk=aws-sdk-go-v2 tf_aws.signing_region="" tf_backend.operation=Workspaces tf_backend.req_id=fe665efe-7bb4-fa90-5d9a-d432005f8422 tf_backend.s3.bucket=edgar-fitness-terraform-state tf_backend.workspace-prefix=env:/ http.request.header.amz_sdk_request="attempt=1; max=5" http.request.header.x_amz_date=20260927T222548Z http.method=GET http.url="https://edgar-fitness-terraform-state.s3.eu-west-1.amazonaws.com/?list-type=2&max-keys=1000&prefix=env%3A%2F" http.user_agent="APN/1.0 HashiCorp/1.0 Terraform/1.15.3 (+https://www.terraform.io) aws-sdk-go-v2/1.41.5 ua/2.1 os/windows lang/go#1.25.10 md/GOOS#windows md/GOARCH#amd64 api/s3#1.97.3 m/C,n" http.request.header.authorization="AWS4-HMAC-SHA256 Credential=AKIA************SZUM/20260927/eu-west-1/s3/aws4_request, SignedHeaders=accept-encoding;amz-sdk-invocation-id;amz-sdk-request;host;x-amz-content-sha256;x-amz-date, Signature=*****" http.request.header.accept_encoding=identity http.request.header.amz_sdk_invocation_id=0e97ce9e-06da-4251-8267-f9f32ad97e9c http.request.header.x_amz_content_sha256=e3b0c44298fc1c149afbf4c8996fb92427ae41e4649b934ca495991b7852b855 http.request.body="" net.peer.name=edgar-fitness-terraform-state.s3.eu-west-1.amazonaws.com
2026-09-27T23:25:49.192+0100 [DEBUG] backend-s3: HTTP Response Received: aws.region=eu-west-1 aws.s3.bucket=edgar-fitness-terraform-state rpc.method=S3/ListObjectsV2 rpc.system.name=aws-api tf_aws.sdk=aws-sdk-go-v2 tf_aws.signing_region="" tf_backend.operation=Workspaces tf_backend.req_id=fe665efe-7bb4-fa90-5d9a-d432005f8422 tf_backend.s3.bucket=edgar-fitness-terraform-state tf_backend.workspace-prefix=env:/ http.response.header.content_type=application/xml http.response.header.x_amz_id_2="abC/pLbInSrC1J+eeiu4qgbdrC2qBIGg6D9bj+4315hTvO3wlsNQtQy/+NiKCeaFuHH9qIwqkqsVMYovS0KAOxZHv/tTqrNo" http.response.header.x_amz_request_id=T9VCNZ2XFWS4YRDW http.duration=604 http.response.header.server=AmazonS3 http.response.header.date="Sun, 27 Sep 2026 22:25:50 GMT" http.response.header.x_amz_bucket_region=eu-west-1
  http.response.body=
  | <?xml version="1.0" encoding="UTF-8"?>
  | <ListBucketResult xmlns="http://s3.amazonaws.com/doc/2006-03-01/"><Name>edgar-fitness-terraform-state</Name><Prefix>env:/</Prefix><KeyCount>0</KeyCount><MaxKeys>1000</MaxKeys><IsTruncated>false</IsTruncated></ListBucketResult>
   http.status_code=200
2026-09-27T23:25:49.207+0100 [INFO]  backend-s3: Attempting to lock remote state (S3 Native only)...: tf_backend.lock.id=0af8ad3f-b6c2-611d-4780-70792d3caaec tf_backend.lock.info="" tf_backend.lock.operation=OperationTypePlan tf_backend.lock.path=edgar-fitness-terraform-state/fitness-platform/terraform.tfstate tf_backend.lock.version=1.15.3 tf_backend.lock.who=DESKTOP-Q223EQ2\mevae@DESKTOP-Q223EQ2 tf_backend.operation=Lock tf_backend.req_id=edf1d772-a9c8-5f05-81a3-f8bbc8d6ab84 tf_backend.s3.bucket=edgar-fitness-terraform-state tf_backend.s3.path=fitness-platform/terraform.tfstate
2026-09-27T23:25:49.208+0100 [DEBUG] backend-s3: Uploading lock file: tf_backend.lock.id=0af8ad3f-b6c2-611d-4780-70792d3caaec tf_backend.lock.info="" tf_backend.lock.operation=OperationTypePlan tf_backend.lock.path=edgar-fitness-terraform-state/fitness-platform/terraform.tfstate tf_backend.lock.version=1.15.3 tf_backend.lock.who=DESKTOP-Q223EQ2\mevae@DESKTOP-Q223EQ2 tf_backend.operation=Lock tf_backend.req_id=edf1d772-a9c8-5f05-81a3-f8bbc8d6ab84 tf_backend.s3.bucket=edgar-fitness-terraform-state tf_backend.s3.path=fitness-platform/terraform.tfstate
2026-09-27T23:25:49.211+0100 [DEBUG] backend-s3: HTTP Request Sent: aws.region=eu-west-1 aws.s3.bucket=edgar-fitness-terraform-state aws.s3.key=fitness-platform/terraform.tfstate.tflock rpc.method=S3/PutObject rpc.system.name=aws-api tf_aws.sdk=aws-sdk-go-v2 tf_aws.signing_region="" tf_backend.lock.id=0af8ad3f-b6c2-611d-4780-70792d3caaec tf_backend.lock.info="" tf_backend.lock.operation=OperationTypePlan tf_backend.lock.path=edgar-fitness-terraform-state/fitness-platform/terraform.tfstate tf_backend.lock.version=1.15.3 tf_backend.lock.who=DESKTOP-Q223EQ2\mevae@DESKTOP-Q223EQ2 tf_backend.operation=Lock tf_backend.req_id=edf1d772-a9c8-5f05-81a3-f8bbc8d6ab84 tf_backend.s3.bucket=edgar-fitness-terraform-state tf_backend.s3.path=fitness-platform/terraform.tfstate http.request.header.content_encoding=aws-chunked http.request_content_length=348 http.request.header.content_type=application/json http.request.header.x_amz_decoded_content_length=268 http.request.header.x_amz_content_sha256=STREAMING-UNSIGNED-PAYLOAD-TRAILER http.request.header.amz_sdk_invocation_id=4de4b930-0dcd-4ef1-b105-a8b8c224a98a http.method=PUT net.peer.name=edgar-fitness-terraform-state.s3.eu-west-1.amazonaws.com http.request.header.authorization="AWS4-HMAC-SHA256 Credential=AKIA************SZUM/20260927/eu-west-1/s3/aws4_request, SignedHeaders=accept-encoding;amz-sdk-invocation-id;amz-sdk-request;content-encoding;content-length;content-type;host;if-none-match;x-amz-content-sha256;x-amz-date;x-amz-decoded-content-length;x-amz-sdk-checksum-algorithm;x-amz-trailer, Signature=*****" http.request.header.accept_encoding=identity http.request.header.x_amz_sdk_checksum_algorithm=SHA256 http.request.header.x_amz_trailer=x-amz-checksum-sha256 http.request.body="[Redacted: 348 bytes, Type: application/json]" http.url=https://edgar-fitness-terraform-state.s3.eu-west-1.amazonaws.com/fitness-platform/terraform.tfstate.tflock?x-id=PutObject http.user_agent="APN/1.0 HashiCorp/1.0 Terraform/1.15.3 (+https://www.terraform.io) aws-sdk-go-v2/1.41.5 ua/2.1 os/windows lang/go#1.25.10 md/GOOS#windows md/GOARCH#amd64 api/s3#1.97.3 ft/s3-transfer m/G,Z,n" http.request.header.x_amz_date=20260927T222550Z http.request.header.amz_sdk_request="attempt=1; max=5" http.request.header.if_none_match="*"
2026-09-27T23:25:49.304+0100 [DEBUG] backend-s3: HTTP Response Received: aws.region=eu-west-1 aws.s3.bucket=edgar-fitness-terraform-state aws.s3.key=fitness-platform/terraform.tfstate.tflock rpc.method=S3/PutObject rpc.system.name=aws-api tf_aws.sdk=aws-sdk-go-v2 tf_aws.signing_region="" tf_backend.lock.id=0af8ad3f-b6c2-611d-4780-70792d3caaec tf_backend.lock.info="" tf_backend.lock.operation=OperationTypePlan tf_backend.lock.path=edgar-fitness-terraform-state/fitness-platform/terraform.tfstate tf_backend.lock.version=1.15.3 tf_backend.lock.who=DESKTOP-Q223EQ2\mevae@DESKTOP-Q223EQ2 tf_backend.operation=Lock tf_backend.req_id=edf1d772-a9c8-5f05-81a3-f8bbc8d6ab84 tf_backend.s3.bucket=edgar-fitness-terraform-state tf_backend.s3.path=fitness-platform/terraform.tfstate http.response.header.server=AmazonS3 http.response.body="" http.status_code=200 http.response.header.x_amz_request_id=T9V5CN0RCXWF2P8R http.response.header.x_amz_checksum_sha256=1JNttJSXzx5ipXThq1Fnb6bk2xuNNr78cLdGKlm9mGs= http.response.header.date="Sun, 27 Sep 2026 22:25:50 GMT" http.response.header.x_amz_server_side_encryption=AES256 http.response.header.x_amz_id_2="SDmPaNFbu2+nFf7tyipC/8gh/ELYt5f2t1jVv2imCaExMG02DYQdmA82cxv9hkr32shdglsQZqk3RbVA7BVNE5URYhAXwbsj" http.duration=92 http.response.header.x_amz_version_id=KcQnc.ztCdw1Yf5Jfhjw3SSkspvewRwV http.response.header.etag="\"a912cdba32df45169a47f5964aa07a3d\"" http.response.header.x_amz_checksum_type=FULL_OBJECT
2026-09-27T23:25:49.304+0100 [INFO]  backend-s3: Locked remote state (S3 Native only): tf_backend.lock.id=0af8ad3f-b6c2-611d-4780-70792d3caaec tf_backend.lock.info="" tf_backend.lock.operation=OperationTypePlan tf_backend.lock.path=edgar-fitness-terraform-state/fitness-platform/terraform.tfstate tf_backend.lock.version=1.15.3 tf_backend.lock.who=DESKTOP-Q223EQ2\mevae@DESKTOP-Q223EQ2 tf_backend.operation=Lock tf_backend.req_id=edf1d772-a9c8-5f05-81a3-f8bbc8d6ab84 tf_backend.s3.bucket=edgar-fitness-terraform-state tf_backend.s3.path=fitness-platform/terraform.tfstate
2026-09-27T23:25:49.304+0100 [INFO]  backend-s3: Downloading remote state: tf_backend.operation=Get tf_backend.req_id=d8ae9acd-383e-59e8-b8f8-68be49642d3a tf_backend.s3.bucket=edgar-fitness-terraform-state tf_backend.s3.path=fitness-platform/terraform.tfstate
2026-09-27T23:25:49.305+0100 [DEBUG] backend-s3: HTTP Request Sent: aws.region=eu-west-1 aws.s3.bucket=edgar-fitness-terraform-state aws.s3.key=fitness-platform/terraform.tfstate rpc.method=S3/HeadObject rpc.system.name=aws-api tf_aws.sdk=aws-sdk-go-v2 tf_aws.signing_region="" tf_backend.operation=Get tf_backend.req_id=d8ae9acd-383e-59e8-b8f8-68be49642d3a tf_backend.s3.bucket=edgar-fitness-terraform-state tf_backend.s3.path=fitness-platform/terraform.tfstate http.method=HEAD net.peer.name=edgar-fitness-terraform-state.s3.eu-west-1.amazonaws.com http.request.header.authorization="AWS4-HMAC-SHA256 Credential=AKIA************SZUM/20260927/eu-west-1/s3/aws4_request, SignedHeaders=accept-encoding;amz-sdk-invocation-id;amz-sdk-request;host;x-amz-content-sha256;x-amz-date, Signature=*****" http.request.header.amz_sdk_invocation_id=a0e06db0-d4b6-4a3d-97d1-5a4a2a12912c http.request.header.accept_encoding=identity http.request.header.amz_sdk_request="attempt=1; max=5" http.request.header.x_amz_content_sha256=e3b0c44298fc1c149afbf4c8996fb92427ae41e4649b934ca495991b7852b855 http.url=https://edgar-fitness-terraform-state.s3.eu-west-1.amazonaws.com/fitness-platform/terraform.tfstate http.user_agent="APN/1.0 HashiCorp/1.0 Terraform/1.15.3 (+https://www.terraform.io) aws-sdk-go-v2/1.41.5 ua/2.1 os/windows lang/go#1.25.10 md/GOOS#windows md/GOARCH#amd64 api/s3#1.97.3 m/n" http.request.header.x_amz_date=20260927T222550Z http.request.body=""
2026-09-27T23:25:49.373+0100 [DEBUG] backend-s3: HTTP Response Received: aws.region=eu-west-1 aws.s3.bucket=edgar-fitness-terraform-state aws.s3.key=fitness-platform/terraform.tfstate rpc.method=S3/HeadObject rpc.system.name=aws-api tf_aws.sdk=aws-sdk-go-v2 tf_aws.signing_region="" tf_backend.operation=Get tf_backend.req_id=d8ae9acd-383e-59e8-b8f8-68be49642d3a tf_backend.s3.bucket=edgar-fitness-terraform-state tf_backend.s3.path=fitness-platform/terraform.tfstate http.response.body="" http.status_code=200 http.response_content_length=99051 http.response.header.x_amz_request_id=T9VFB2A3N0APFZYD http.response.header.server=AmazonS3 http.response.header.x_amz_id_2=yVY9do3wmW0RpY73RFIk1zIzhsYWDWgmwuYAiV7hxdvQS9f7jGR8gVX/J9lkgqgnhGzFr7l982qtCW7jwJR9d5LrJuVvbhhq http.response.header.etag="\"0736c1af5e48efeeaaeee03a7c54945f\"" http.duration=68 http.response.header.date="Sun, 27 Sep 2026 22:25:50 GMT" http.response.header.last_modified="Sun, 27 Sep 2026 22:24:15 GMT" http.response.header.x_amz_server_side_encryption=AES256 http.response.header.x_amz_version_id=9bhX3R4FicaxJwVcdfWeZaNyHul5UgvH http.response.header.accept_ranges=bytes http.response.header.content_type=application/json
2026-09-27T23:25:49.491+0100 [DEBUG] backend-s3: HTTP Request Sent: aws.region=eu-west-1 aws.s3.bucket=edgar-fitness-terraform-state aws.s3.key=fitness-platform/terraform.tfstate rpc.method=S3/GetObject rpc.system.name=aws-api tf_aws.sdk=aws-sdk-go-v2 tf_aws.signing_region="" tf_backend.operation=Get tf_backend.req_id=d8ae9acd-383e-59e8-b8f8-68be49642d3a tf_backend.s3.bucket=edgar-fitness-terraform-state tf_backend.s3.path=fitness-platform/terraform.tfstate http.request.header.x_amz_content_sha256=e3b0c44298fc1c149afbf4c8996fb92427ae41e4649b934ca495991b7852b855 http.request.header.amz_sdk_request="attempt=1; max=5" http.request.header.x_amz_date=20260927T222550Z http.url=https://edgar-fitness-terraform-state.s3.eu-west-1.amazonaws.com/fitness-platform/terraform.tfstate?x-id=GetObject net.peer.name=edgar-fitness-terraform-state.s3.eu-west-1.amazonaws.com http.request.header.x_amz_checksum_mode=ENABLED http.request.header.range=bytes=0-5242879 http.request.header.amz_sdk_invocation_id=f024290b-4987-49c3-a999-fcbd41dee50c http.request.body="" http.method=GET http.user_agent="APN/1.0 HashiCorp/1.0 Terraform/1.15.3 (+https://www.terraform.io) aws-sdk-go-v2/1.41.5 ua/2.1 os/windows lang/go#1.25.10 md/GOOS#windows md/GOARCH#amd64 api/s3#1.97.3 ft/s3-transfer m/G,b,n" http.request.header.authorization="AWS4-HMAC-SHA256 Credential=AKIA************SZUM/20260927/eu-west-1/s3/aws4_request, SignedHeaders=accept-encoding;amz-sdk-invocation-id;amz-sdk-request;host;range;x-amz-checksum-mode;x-amz-content-sha256;x-amz-date, Signature=*****" http.request.header.accept_encoding=identity
2026-09-27T23:25:49.583+0100 [DEBUG] backend-s3: HTTP Response Received: aws.region=eu-west-1 aws.s3.bucket=edgar-fitness-terraform-state aws.s3.key=fitness-platform/terraform.tfstate rpc.method=S3/GetObject rpc.system.name=aws-api tf_aws.sdk=aws-sdk-go-v2 tf_aws.signing_region="" tf_backend.operation=Get tf_backend.req_id=d8ae9acd-383e-59e8-b8f8-68be49642d3a tf_backend.s3.bucket=edgar-fitness-terraform-state tf_backend.s3.path=fitness-platform/terraform.tfstate http.response.header.etag="\"0736c1af5e48efeeaaeee03a7c54945f\"" http.status_code=206 http.response.header.content_type=application/json http.response.header.x_amz_version_id=9bhX3R4FicaxJwVcdfWeZaNyHul5UgvH http.response.header.x_amz_server_side_encryption=AES256 http.response.header.last_modified="Sun, 27 Sep 2026 22:24:15 GMT" http.response.header.x_amz_checksum_sha256="kLgRFmK+FxAQF0m/U9ipiN4QkfX++m1YObat9S8839g=" http.duration=91 http.response_content_length=99051 http.response.header.x_amz_request_id=T9V1FZ4TY2EG6H2A http.response.header.server=AmazonS3 http.response.header.x_amz_checksum_type=FULL_OBJECT http.response.body="[Redacted: 96.7 KB (99,051 bytes), Type: application/json]" http.response.header.x_amz_id_2="srVDlGPIkxjfIlUW+0hhAhfVLgy82auOHhGr3Lr+36265tNPEpfwf59ToUlYV/wlWOugttrHsusR642H5FPqrA+Z2ASG6kWp" http.response.header.content_range="bytes 0-99050/99051" http.response.header.date="Sun, 27 Sep 2026 22:25:49 GMT" http.response.header.accept_ranges=bytes
2026-09-27T23:25:50.264+0100 [DEBUG] ReferenceTransformer: "var.lambda_zip_path" references: []
2026-09-27T23:25:50.264+0100 [DEBUG] ReferenceTransformer: "var.database_password" references: []
2026-09-27T23:25:50.264+0100 [DEBUG] ReferenceTransformer: "var.bucket_name" references: []
2026-09-27T23:25:50.264+0100 [DEBUG] ReferenceTransformer: "module.secrets" references: [local.common_tags (expand)]
2026-09-27T23:25:50.264+0100 [DEBUG] ReferenceTransformer: "module.network" references: [var.project_name var.region local.common_tags (expand)]
2026-09-27T23:25:50.264+0100 [DEBUG] ReferenceTransformer: "module.fatsecret_fargate" references: [var.database_host local.common_tags (expand) var.project_name var.redis_url var.database_password var.db_user var.region]
2026-09-27T23:25:50.264+0100 [DEBUG] ReferenceTransformer: "module.budgets" references: [var.project_name]
2026-09-27T23:25:50.264+0100 [DEBUG] ReferenceTransformer: "module.kms" references: [local.common_tags (expand)]
2026-09-27T23:25:50.264+0100 [DEBUG] ReferenceTransformer: "var.redis_url" references: []
2026-09-27T23:25:50.264+0100 [DEBUG] ReferenceTransformer: "var.database_host" references: []
2026-09-27T23:25:50.264+0100 [DEBUG] ReferenceTransformer: "var.project_name" references: []
2026-09-27T23:25:50.264+0100 [DEBUG] ReferenceTransformer: "module.ecs_cluster" references: [local.common_tags (expand) var.project_name]
2026-09-27T23:25:50.264+0100 [DEBUG] ReferenceTransformer: "module.progress_photo_s3" references: [local.common_tags (expand) var.progress_photo_bucket_name]
2026-09-27T23:25:50.264+0100 [DEBUG] ReferenceTransformer: "module.sns" references: [var.project_name var.alert_email local.common_tags (expand)]
2026-09-27T23:25:50.264+0100 [DEBUG] ReferenceTransformer: "module.iam" references: [var.project_name local.common_tags (expand)]
2026-09-27T23:25:50.264+0100 [DEBUG] ReferenceTransformer: "module.fatsecret_log_group" references: [var.project_name local.common_tags (expand)]
2026-09-27T23:25:50.264+0100 [DEBUG] ReferenceTransformer: "var.cert_path" references: []
2026-09-27T23:25:50.264+0100 [DEBUG] ReferenceTransformer: "var.db_user" references: []
2026-09-27T23:25:50.265+0100 [DEBUG] ReferenceTransformer: "module.lambda" references: [var.db_user var.cert_path var.lambda_zip_path var.database_host var.database_password local.common_tags (expand) var.project_name var.active_user_window_days]
2026-09-27T23:25:50.265+0100 [DEBUG] ReferenceTransformer: "module.sqs" references: [local.common_tags (expand)]
2026-09-27T23:25:50.265+0100 [DEBUG] ReferenceTransformer: "var.active_user_window_days" references: []
2026-09-27T23:25:50.265+0100 [DEBUG] ReferenceTransformer: "var.progress_photo_bucket_name" references: []
2026-09-27T23:25:50.265+0100 [DEBUG] ReferenceTransformer: "var.region" references: []
2026-09-27T23:25:50.265+0100 [DEBUG] ReferenceTransformer: "var.alert_email" references: []
2026-09-27T23:25:50.265+0100 [DEBUG] ReferenceTransformer: "module.rds" references: [local.common_tags (expand)]
2026-09-27T23:25:50.265+0100 [DEBUG] ReferenceTransformer: "module.ecr" references: [var.project_name local.common_tags (expand)]
2026-09-27T23:25:50.265+0100 [DEBUG] ReferenceTransformer: "module.fatsecret_cloudwatch_metric_autoscaling" references: [var.project_name local.common_tags (expand)]
2026-09-27T23:25:50.265+0100 [DEBUG] ReferenceTransformer: "local.common_tags (expand)" references: []
2026-09-27T23:25:50.265+0100 [DEBUG] Starting graph walk: walkInit
2026-09-27T23:25:50.267+0100 [WARN]  Error loading schema for registry.terraform.io/hashicorp/aws to determine its functions: failed to instantiate provider "registry.terraform.io/hashicorp/aws" to obtain schema: unavailable provider "registry.terraform.io/hashicorp/aws"
2026-09-27T23:25:50.267+0100 [WARN]  Error loading schema for registry.terraform.io/hashicorp/aws to determine its functions: failed to instantiate provider "registry.terraform.io/hashicorp/aws" to obtain schema: unavailable provider "registry.terraform.io/hashicorp/aws"
2026-09-27T23:25:50.270+0100 [WARN]  Error loading schema for registry.terraform.io/hashicorp/aws to determine its functions: failed to instantiate provider "registry.terraform.io/hashicorp/aws" to obtain schema: unavailable provider "registry.terraform.io/hashicorp/aws"
2026-09-27T23:25:50.270+0100 [DEBUG] ReferenceTransformer: "module.secrets.var.tags (expand)" references: []
2026-09-27T23:25:50.273+0100 [DEBUG] ReferenceTransformer: "module.kms.var.tags (expand)" references: []
2026-09-27T23:25:50.273+0100 [DEBUG] ReferenceTransformer: "module.kms.var.key_alias (expand)" references: []
2026-09-27T23:25:50.273+0100 [WARN]  Error loading schema for registry.terraform.io/hashicorp/aws to determine its functions: failed to instantiate provider "registry.terraform.io/hashicorp/aws" to obtain schema: unavailable provider "registry.terraform.io/hashicorp/aws"
2026-09-27T23:25:50.276+0100 [DEBUG] ReferenceTransformer: "module.sqs.var.google_health_queue_name (expand)" references: []
2026-09-27T23:25:50.276+0100 [DEBUG] ReferenceTransformer: "module.sqs.var.fatsecret_queue_name (expand)" references: []
2026-09-27T23:25:50.276+0100 [DEBUG] ReferenceTransformer: "module.sqs.var.lyfta_queue_name (expand)" references: []
2026-09-27T23:25:50.276+0100 [WARN]  Error loading schema for registry.terraform.io/hashicorp/aws to determine its functions: failed to instantiate provider "registry.terraform.io/hashicorp/aws" to obtain schema: unavailable provider "registry.terraform.io/hashicorp/aws"
2026-09-27T23:25:50.277+0100 [DEBUG] ReferenceTransformer: "module.sqs.var.tags (expand)" references: []
2026-09-27T23:25:50.279+0100 [DEBUG] ReferenceTransformer: "module.progress_photo_s3.var.progress_photo_bucket_name (expand)" references: []
2026-09-27T23:25:50.279+0100 [DEBUG] ReferenceTransformer: "module.progress_photo_s3.var.tags (expand)" references: []
2026-09-27T23:25:50.279+0100 [WARN]  Error loading schema for registry.terraform.io/hashicorp/aws to determine its functions: failed to instantiate provider "registry.terraform.io/hashicorp/aws" to obtain schema: unavailable provider "registry.terraform.io/hashicorp/aws"
2026-09-27T23:25:50.282+0100 [DEBUG] ReferenceTransformer: "module.rds.var.db_password (expand)" references: []
2026-09-27T23:25:50.282+0100 [DEBUG] ReferenceTransformer: "module.rds.var.engine_version (expand)" references: []
2026-09-27T23:25:50.282+0100 [DEBUG] ReferenceTransformer: "module.rds.var.subnet_group_name (expand)" references: []
2026-09-27T23:25:50.282+0100 [DEBUG] ReferenceTransformer: "module.rds.var.instance_class (expand)" references: []
2026-09-27T23:25:50.282+0100 [DEBUG] ReferenceTransformer: "module.rds.var.db_name (expand)" references: []
2026-09-27T23:25:50.282+0100 [DEBUG] ReferenceTransformer: "module.rds.var.security_group_ids (expand)" references: []
2026-09-27T23:25:50.282+0100 [WARN]  Error loading schema for registry.terraform.io/hashicorp/aws to determine its functions: failed to instantiate provider "registry.terraform.io/hashicorp/aws" to obtain schema: unavailable provider "registry.terraform.io/hashicorp/aws"
2026-09-27T23:25:50.282+0100 [DEBUG] ReferenceTransformer: "module.rds.var.tags (expand)" references: []
2026-09-27T23:25:50.282+0100 [DEBUG] ReferenceTransformer: "module.rds.var.db_identifier (expand)" references: []
2026-09-27T23:25:50.282+0100 [DEBUG] ReferenceTransformer: "module.rds.var.allocated_storage (expand)" references: []
2026-09-27T23:25:50.282+0100 [DEBUG] ReferenceTransformer: "module.rds.var.db_username (expand)" references: []
2026-09-27T23:25:50.284+0100 [DEBUG] ReferenceTransformer: "module.iam.var.project_name (expand)" references: []
2026-09-27T23:25:50.284+0100 [WARN]  Error loading schema for registry.terraform.io/hashicorp/aws to determine its functions: failed to instantiate provider "registry.terraform.io/hashicorp/aws" to obtain schema: unavailable provider "registry.terraform.io/hashicorp/aws"
2026-09-27T23:25:50.284+0100 [DEBUG] ReferenceTransformer: "module.iam.var.queue_arns (expand)" references: []
2026-09-27T23:25:50.284+0100 [DEBUG] ReferenceTransformer: "module.iam.var.tags (expand)" references: []
2026-09-27T23:25:50.286+0100 [DEBUG] ReferenceTransformer: "module.ecr.var.project_name (expand)" references: []
2026-09-27T23:25:50.286+0100 [DEBUG] ReferenceTransformer: "module.ecr.var.tags (expand)" references: []
2026-09-27T23:25:50.286+0100 [WARN]  Error loading schema for registry.terraform.io/hashicorp/aws to determine its functions: failed to instantiate provider "registry.terraform.io/hashicorp/aws" to obtain schema: unavailable provider "registry.terraform.io/hashicorp/aws"
2026-09-27T23:25:50.290+0100 [DEBUG] ReferenceTransformer: "module.network.var.vpc_cidr (expand)" references: []
2026-09-27T23:25:50.290+0100 [DEBUG] ReferenceTransformer: "module.network.var.public_subnet_cidrs (expand)" references: []
2026-09-27T23:25:50.290+0100 [DEBUG] ReferenceTransformer: "module.network.var.private_subnet_cidrs (expand)" references: []
2026-09-27T23:25:50.290+0100 [DEBUG] ReferenceTransformer: "module.network.var.availability_zones (expand)" references: []
2026-09-27T23:25:50.290+0100 [DEBUG] ReferenceTransformer: "module.network.var.allowed_cidr_blocks (expand)" references: []
2026-09-27T23:25:50.290+0100 [DEBUG] ReferenceTransformer: "module.network.var.tags (expand)" references: []
2026-09-27T23:25:50.290+0100 [WARN]  Error loading schema for registry.terraform.io/hashicorp/aws to determine its functions: failed to instantiate provider "registry.terraform.io/hashicorp/aws" to obtain schema: unavailable provider "registry.terraform.io/hashicorp/aws"
2026-09-27T23:25:50.290+0100 [DEBUG] ReferenceTransformer: "module.network.var.project_name (expand)" references: []
2026-09-27T23:25:50.290+0100 [DEBUG] ReferenceTransformer: "module.network.var.region (expand)" references: []
2026-09-27T23:25:50.292+0100 [DEBUG] ReferenceTransformer: "module.fatsecret_cloudwatch_metric_autoscaling.var.queue_name (expand)" references: []
2026-09-27T23:25:50.292+0100 [DEBUG] ReferenceTransformer: "module.fatsecret_cloudwatch_metric_autoscaling.var.autoscaling_policy_arn (expand)" references: []
2026-09-27T23:25:50.292+0100 [DEBUG] ReferenceTransformer: "module.fatsecret_cloudwatch_metric_autoscaling.var.queue_depth_threshold (expand)" references: []
2026-09-27T23:25:50.292+0100 [DEBUG] ReferenceTransformer: "module.fatsecret_cloudwatch_metric_autoscaling.var.project_name (expand)" references: []
2026-09-27T23:25:50.292+0100 [DEBUG] ReferenceTransformer: "module.fatsecret_cloudwatch_metric_autoscaling.var.tags (expand)" references: []
2026-09-27T23:25:50.292+0100 [WARN]  Error loading schema for registry.terraform.io/hashicorp/aws to determine its functions: failed to instantiate provider "registry.terraform.io/hashicorp/aws" to obtain schema: unavailable provider "registry.terraform.io/hashicorp/aws"
2026-09-27T23:25:50.296+0100 [DEBUG] ReferenceTransformer: "module.sns.var.tags (expand)" references: []
2026-09-27T23:25:50.296+0100 [DEBUG] ReferenceTransformer: "module.sns.var.project_name (expand)" references: []
2026-09-27T23:25:50.296+0100 [DEBUG] ReferenceTransformer: "module.sns.var.alert_email (expand)" references: []
2026-09-27T23:25:50.296+0100 [WARN]  Error loading schema for registry.terraform.io/hashicorp/aws to determine its functions: failed to instantiate provider "registry.terraform.io/hashicorp/aws" to obtain schema: unavailable provider "registry.terraform.io/hashicorp/aws"
2026-09-27T23:25:50.298+0100 [DEBUG] ReferenceTransformer: "module.budgets.var.project_name (expand)" references: []
2026-09-27T23:25:50.298+0100 [DEBUG] ReferenceTransformer: "module.budgets.var.monthly_budget (expand)" references: []
2026-09-27T23:25:50.298+0100 [DEBUG] ReferenceTransformer: "module.budgets.var.sns_topic_arn (expand)" references: []
2026-09-27T23:25:50.298+0100 [WARN]  Error loading schema for registry.terraform.io/hashicorp/aws to determine its functions: failed to instantiate provider "registry.terraform.io/hashicorp/aws" to obtain schema: unavailable provider "registry.terraform.io/hashicorp/aws"
2026-09-27T23:25:50.301+0100 [DEBUG] ReferenceTransformer: "module.fatsecret_fargate.var.cluster_name (expand)" references: []
2026-09-27T23:25:50.301+0100 [DEBUG] ReferenceTransformer: "module.fatsecret_fargate.var.memory (expand)" references: []
2026-09-27T23:25:50.301+0100 [DEBUG] ReferenceTransformer: "module.fatsecret_fargate.var.min_capacity (expand)" references: []
2026-09-27T23:25:50.301+0100 [DEBUG] ReferenceTransformer: "module.fatsecret_fargate.var.scale_out_step_1 (expand)" references: []
2026-09-27T23:25:50.301+0100 [DEBUG] ReferenceTransformer: "module.fatsecret_fargate.var.cluster_id (expand)" references: []
2026-09-27T23:25:50.301+0100 [DEBUG] ReferenceTransformer: "module.fatsecret_fargate.var.subnet_ids (expand)" references: []
2026-09-27T23:25:50.301+0100 [DEBUG] ReferenceTransformer: "module.fatsecret_fargate.var.queue_url (expand)" references: []
2026-09-27T23:25:50.301+0100 [DEBUG] ReferenceTransformer: "module.fatsecret_fargate.var.ecs_task_role_arn (expand)" references: []
2026-09-27T23:25:50.301+0100 [DEBUG] ReferenceTransformer: "module.fatsecret_fargate.var.scale_out_step_2 (expand)" references: []
2026-09-27T23:25:50.301+0100 [DEBUG] ReferenceTransformer: "module.fatsecret_fargate.var.db_user (expand)" references: []
2026-09-27T23:25:50.301+0100 [DEBUG] ReferenceTransformer: "module.fatsecret_fargate.var.redis_url (expand)" references: []
2026-09-27T23:25:50.301+0100 [WARN]  Error loading schema for registry.terraform.io/hashicorp/aws to determine its functions: failed to instantiate provider "registry.terraform.io/hashicorp/aws" to obtain schema: unavailable provider "registry.terraform.io/hashicorp/aws"
2026-09-27T23:25:50.301+0100 [DEBUG] ReferenceTransformer: "module.fatsecret_fargate.var.ecs_execution_role_arn (expand)" references: []
2026-09-27T23:25:50.301+0100 [DEBUG] ReferenceTransformer: "module.fatsecret_fargate.var.log_group_name (expand)" references: []
2026-09-27T23:25:50.301+0100 [DEBUG] ReferenceTransformer: "module.fatsecret_fargate.var.ecr_image (expand)" references: []
2026-09-27T23:25:50.301+0100 [DEBUG] ReferenceTransformer: "module.fatsecret_fargate.var.scale_out_cooldown (expand)" references: []
2026-09-27T23:25:50.301+0100 [DEBUG] ReferenceTransformer: "module.fatsecret_fargate.var.scale_out_step_3 (expand)" references: []
2026-09-27T23:25:50.301+0100 [DEBUG] ReferenceTransformer: "module.fatsecret_fargate.var.tags (expand)" references: []
2026-09-27T23:25:50.301+0100 [DEBUG] ReferenceTransformer: "module.fatsecret_fargate.var.project_name (expand)" references: []
2026-09-27T23:25:50.301+0100 [DEBUG] ReferenceTransformer: "module.fatsecret_fargate.var.region (expand)" references: []
2026-09-27T23:25:50.301+0100 [DEBUG] ReferenceTransformer: "module.fatsecret_fargate.var.security_group_ids (expand)" references: []
2026-09-27T23:25:50.301+0100 [DEBUG] ReferenceTransformer: "module.fatsecret_fargate.var.database_password (expand)" references: []
2026-09-27T23:25:50.301+0100 [DEBUG] ReferenceTransformer: "module.fatsecret_fargate.var.cert_path (expand)" references: []
2026-09-27T23:25:50.301+0100 [DEBUG] ReferenceTransformer: "module.fatsecret_fargate.var.cpu (expand)" references: []
2026-09-27T23:25:50.301+0100 [DEBUG] ReferenceTransformer: "module.fatsecret_fargate.var.max_capacity (expand)" references: []
2026-09-27T23:25:50.301+0100 [DEBUG] ReferenceTransformer: "module.fatsecret_fargate.var.worker_provider (expand)" references: []
2026-09-27T23:25:50.301+0100 [DEBUG] ReferenceTransformer: "module.fatsecret_fargate.var.database_host (expand)" references: []
2026-09-27T23:25:50.302+0100 [DEBUG] ReferenceTransformer: "module.fatsecret_log_group.var.project_name (expand)" references: []
2026-09-27T23:25:50.302+0100 [DEBUG] ReferenceTransformer: "module.fatsecret_log_group.var.tags (expand)" references: []
2026-09-27T23:25:50.302+0100 [DEBUG] ReferenceTransformer: "module.fatsecret_log_group.var.queue_name (expand)" references: []
2026-09-27T23:25:50.302+0100 [DEBUG] ReferenceTransformer: "module.fatsecret_log_group.var.retention_in_days (expand)" references: []
2026-09-27T23:25:50.302+0100 [WARN]  Error loading schema for registry.terraform.io/hashicorp/aws to determine its functions: failed to instantiate provider "registry.terraform.io/hashicorp/aws" to obtain schema: unavailable provider "registry.terraform.io/hashicorp/aws"
2026-09-27T23:25:50.304+0100 [WARN]  Error loading schema for registry.terraform.io/hashicorp/aws to determine its functions: failed to instantiate provider "registry.terraform.io/hashicorp/aws" to obtain schema: unavailable provider "registry.terraform.io/hashicorp/aws"
2026-09-27T23:25:50.304+0100 [DEBUG] ReferenceTransformer: "module.lambda.var.lambda_security_group_id (expand)" references: []
2026-09-27T23:25:50.304+0100 [DEBUG] ReferenceTransformer: "module.lambda.var.dispatcher_role_arn (expand)" references: []
2026-09-27T23:25:50.304+0100 [DEBUG] ReferenceTransformer: "module.lambda.var.active_user_window_days (expand)" references: []
2026-09-27T23:25:50.304+0100 [DEBUG] ReferenceTransformer: "module.lambda.var.google_health_queue_url (expand)" references: []
2026-09-27T23:25:50.304+0100 [DEBUG] ReferenceTransformer: "module.lambda.var.fatsecret_queue_url (expand)" references: []
2026-09-27T23:25:50.304+0100 [DEBUG] ReferenceTransformer: "module.lambda.var.tags (expand)" references: []
2026-09-27T23:25:50.304+0100 [DEBUG] ReferenceTransformer: "module.lambda.var.lambda_zip_path (expand)" references: []
2026-09-27T23:25:50.304+0100 [DEBUG] ReferenceTransformer: "module.lambda.var.database_password (expand)" references: []
2026-09-27T23:25:50.304+0100 [DEBUG] ReferenceTransformer: "module.lambda.var.cert_path (expand)" references: []
2026-09-27T23:25:50.304+0100 [DEBUG] ReferenceTransformer: "module.lambda.var.subnet_ids (expand)" references: []
2026-09-27T23:25:50.304+0100 [DEBUG] ReferenceTransformer: "module.lambda.var.project_name (expand)" references: []
2026-09-27T23:25:50.304+0100 [DEBUG] ReferenceTransformer: "module.lambda.var.lyfta_queue_url (expand)" references: []
2026-09-27T23:25:50.304+0100 [DEBUG] ReferenceTransformer: "module.lambda.var.database_host (expand)" references: []
2026-09-27T23:25:50.304+0100 [DEBUG] ReferenceTransformer: "module.lambda.var.db_user (expand)" references: []
2026-09-27T23:25:50.305+0100 [DEBUG] ReferenceTransformer: "module.ecs_cluster.var.project_name (expand)" references: []
2026-09-27T23:25:50.305+0100 [DEBUG] ReferenceTransformer: "module.ecs_cluster.var.tags (expand)" references: []
2026-09-27T23:25:50.306+0100 [DEBUG] created provider logger: level=debug
2026-09-27T23:25:50.306+0100 [INFO]  provider: configuring client automatic mTLS
2026-09-27T23:25:50.326+0100 [DEBUG] provider: starting plugin: path=.terraform/providers/registry.terraform.io/hashicorp/aws/5.100.0/windows_amd64/terraform-provider-aws_v5.100.0_x5.exe args=[".terraform/providers/registry.terraform.io/hashicorp/aws/5.100.0/windows_amd64/terraform-provider-aws_v5.100.0_x5.exe"]
2026-09-27T23:25:50.339+0100 [DEBUG] provider: plugin started: path=.terraform/providers/registry.terraform.io/hashicorp/aws/5.100.0/windows_amd64/terraform-provider-aws_v5.100.0_x5.exe pid=3780
2026-09-27T23:25:50.339+0100 [DEBUG] provider: waiting for RPC address: plugin=.terraform/providers/registry.terraform.io/hashicorp/aws/5.100.0/windows_amd64/terraform-provider-aws_v5.100.0_x5.exe
2026-09-27T23:25:50.763+0100 [DEBUG] provider.terraform-provider-aws_v5.100.0_x5.exe: Starting github.com/hashicorp/terraform-provider-aws@5.100.0 (go1.23.10)...
2026-09-27T23:25:50.763+0100 [DEBUG] provider.terraform-provider-aws_v5.100.0_x5.exe: Initializing Terraform AWS Provider...
2026-09-27T23:25:50.885+0100 [INFO]  provider.terraform-provider-aws_v5.100.0_x5.exe: configuring server automatic mTLS: timestamp="2026-09-27T23:25:50.821+0100"
2026-09-27T23:25:50.900+0100 [DEBUG] provider: using plugin: version=5
2026-09-27T23:25:50.900+0100 [DEBUG] provider.terraform-provider-aws_v5.100.0_x5.exe: plugin address: address=127.0.0.1:10000 network=tcp timestamp="2026-09-27T23:25:50.899+0100"
2026-09-27T23:25:54.028+0100 [DEBUG] provider.stdio: received EOF, stopping recv loop: err="rpc error: code = Unavailable desc = error reading from server: EOF"
2026-09-27T23:25:54.663+0100 [INFO]  provider: plugin process exited: plugin=.terraform/providers/registry.terraform.io/hashicorp/aws/5.100.0/windows_amd64/terraform-provider-aws_v5.100.0_x5.exe id=3780
2026-09-27T23:25:54.663+0100 [DEBUG] provider: plugin exited
2026-09-27T23:25:54.664+0100 [DEBUG] created provider logger: level=debug
2026-09-27T23:25:54.664+0100 [INFO]  provider: configuring client automatic mTLS
2026-09-27T23:25:54.670+0100 [DEBUG] provider: starting plugin: path=.terraform/providers/registry.terraform.io/hashicorp/random/3.9.0/windows_amd64/terraform-provider-random_v3.9.0_x5.exe args=[".terraform/providers/registry.terraform.io/hashicorp/random/3.9.0/windows_amd64/terraform-provider-random_v3.9.0_x5.exe"]
2026-09-27T23:25:55.139+0100 [DEBUG] provider: plugin started: path=.terraform/providers/registry.terraform.io/hashicorp/random/3.9.0/windows_amd64/terraform-provider-random_v3.9.0_x5.exe pid=9320
2026-09-27T23:25:55.139+0100 [DEBUG] provider: waiting for RPC address: plugin=.terraform/providers/registry.terraform.io/hashicorp/random/3.9.0/windows_amd64/terraform-provider-random_v3.9.0_x5.exe
2026-09-27T23:25:55.557+0100 [INFO]  provider.terraform-provider-random_v3.9.0_x5.exe: configuring server automatic mTLS: timestamp="2026-09-27T23:25:55.490+0100"
2026-09-27T23:25:55.571+0100 [DEBUG] provider: using plugin: version=5
2026-09-27T23:25:55.571+0100 [DEBUG] provider.terraform-provider-random_v3.9.0_x5.exe: plugin address: address=127.0.0.1:10000 network=tcp timestamp="2026-09-27T23:25:55.571+0100"
2026-09-27T23:25:55.587+0100 [DEBUG] No provider meta schema returned
2026-09-27T23:25:55.588+0100 [DEBUG] provider.stdio: received EOF, stopping recv loop: err="rpc error: code = Unavailable desc = error reading from server: EOF"
2026-09-27T23:25:55.594+0100 [INFO]  provider: plugin process exited: plugin=.terraform/providers/registry.terraform.io/hashicorp/random/3.9.0/windows_amd64/terraform-provider-random_v3.9.0_x5.exe id=9320
2026-09-27T23:25:55.594+0100 [DEBUG] provider: plugin exited
2026-09-27T23:25:55.830+0100 [DEBUG] Building and walking validate graph
2026-09-27T23:25:56.101+0100 [DEBUG] adding implicit provider configuration provider["registry.terraform.io/hashicorp/random"], implied first by module.secrets.random_password.db_password
2026-09-27T23:25:56.106+0100 [DEBUG] ProviderTransformer: "module.iam.aws_iam_role.dispatcher" (*terraform.NodeValidatableResource) needs provider["registry.terraform.io/hashicorp/aws"]
2026-09-27T23:25:56.107+0100 [DEBUG] ProviderTransformer: "module.fatsecret_fargate.aws_appautoscaling_policy.worker_scale_out" (*terraform.NodeValidatableResource) needs provider["registry.terraform.io/hashicorp/aws"]
2026-09-27T23:25:56.107+0100 [DEBUG] ProviderTransformer: "module.secrets.aws_secretsmanager_secret.db_password" (*terraform.NodeValidatableResource) needs provider["registry.terraform.io/hashicorp/aws"]
2026-09-27T23:25:56.107+0100 [DEBUG] ProviderTransformer: "module.network.aws_nat_gateway.main" (*terraform.NodeValidatableResource) needs provider["registry.terraform.io/hashicorp/aws"]
2026-09-27T23:25:56.107+0100 [DEBUG] ProviderTransformer: "module.network.aws_security_group.vpc_endpoint" (*terraform.NodeValidatableResource) needs provider["registry.terraform.io/hashicorp/aws"]
2026-09-27T23:25:56.107+0100 [DEBUG] ProviderTransformer: "module.network.aws_route_table.public" (*terraform.NodeValidatableResource) needs provider["registry.terraform.io/hashicorp/aws"]
2026-09-27T23:25:56.107+0100 [DEBUG] ProviderTransformer: "module.network.aws_security_group_rule.vpc_endpoint_from_ecs" (*terraform.NodeValidatableResource) needs provider["registry.terraform.io/hashicorp/aws"]
2026-09-27T23:25:56.107+0100 [DEBUG] ProviderTransformer: "module.fatsecret_fargate.aws_appautoscaling_target.worker" (*terraform.NodeValidatableResource) needs provider["registry.terraform.io/hashicorp/aws"]
2026-09-27T23:25:56.107+0100 [DEBUG] ProviderTransformer: "module.iam.aws_iam_role_policy_attachment.ecs_execution_policy" (*terraform.NodeValidatableResource) needs provider["registry.terraform.io/hashicorp/aws"]
2026-09-27T23:25:56.108+0100 [DEBUG] ProviderTransformer: "module.sqs.aws_sqs_queue.google_health" (*terraform.NodeValidatableResource) needs provider["registry.terraform.io/hashicorp/aws"]
2026-09-27T23:25:56.108+0100 [DEBUG] ProviderTransformer: "module.progress_photo_s3.aws_s3_bucket.progress_photos" (*terraform.NodeValidatableResource) needs provider["registry.terraform.io/hashicorp/aws"]
2026-09-27T23:25:56.108+0100 [DEBUG] ProviderTransformer: "module.network.aws_security_group_rule.rds_from_allowed_ips" (*terraform.NodeValidatableResource) needs provider["registry.terraform.io/hashicorp/aws"]
2026-09-27T23:25:56.108+0100 [DEBUG] ProviderTransformer: "module.network.aws_subnet.private-b" (*terraform.NodeValidatableResource) needs provider["registry.terraform.io/hashicorp/aws"]
2026-09-27T23:25:56.108+0100 [DEBUG] ProviderTransformer: "module.network.aws_route_table_association.private_a" (*terraform.NodeValidatableResource) needs provider["registry.terraform.io/hashicorp/aws"]
2026-09-27T23:25:56.108+0100 [DEBUG] ProviderTransformer: "module.ecs_cluster.aws_ecs_cluster.main" (*terraform.NodeValidatableResource) needs provider["registry.terraform.io/hashicorp/aws"]
2026-09-27T23:25:56.108+0100 [DEBUG] ProviderTransformer: "module.ecr.aws_ecr_repository.health_worker" (*terraform.NodeValidatableResource) needs provider["registry.terraform.io/hashicorp/aws"]
2026-09-27T23:25:56.108+0100 [DEBUG] ProviderTransformer: "module.progress_photo_s3.aws_s3_bucket_public_access_block.progress_photos" (*terraform.NodeValidatableResource) needs provider["registry.terraform.io/hashicorp/aws"]
2026-09-27T23:25:56.108+0100 [DEBUG] ProviderTransformer: "module.sqs.aws_sqs_queue.lyfta" (*terraform.NodeValidatableResource) needs provider["registry.terraform.io/hashicorp/aws"]
2026-09-27T23:25:56.108+0100 [DEBUG] ProviderTransformer: "module.network.aws_security_group.lambda" (*terraform.NodeValidatableResource) needs provider["registry.terraform.io/hashicorp/aws"]
2026-09-27T23:25:56.108+0100 [DEBUG] ProviderTransformer: "module.network.aws_security_group_rule.vpc_endpoint_from_lambda" (*terraform.NodeValidatableResource) needs provider["registry.terraform.io/hashicorp/aws"]
2026-09-27T23:25:56.108+0100 [DEBUG] ProviderTransformer: "module.budgets.aws_budgets_budget.project_budget" (*terraform.NodeValidatableResource) needs provider["registry.terraform.io/hashicorp/aws"]
2026-09-27T23:25:56.108+0100 [DEBUG] ProviderTransformer: "module.network.aws_security_group.rds" (*terraform.NodeValidatableResource) needs provider["registry.terraform.io/hashicorp/aws"]
2026-09-27T23:25:56.108+0100 [DEBUG] ProviderTransformer: "module.network.aws_db_subnet_group.this" (*terraform.NodeValidatableResource) needs provider["registry.terraform.io/hashicorp/aws"]
2026-09-27T23:25:56.108+0100 [DEBUG] ProviderTransformer: "module.network.aws_vpc.main" (*terraform.NodeValidatableResource) needs provider["registry.terraform.io/hashicorp/aws"]
2026-09-27T23:25:56.109+0100 [DEBUG] ProviderTransformer: "module.network.aws_route_table_association.private_b" (*terraform.NodeValidatableResource) needs provider["registry.terraform.io/hashicorp/aws"]
2026-09-27T23:25:56.109+0100 [DEBUG] ProviderTransformer: "module.iam.aws_iam_role.ecs_execution_role" (*terraform.NodeValidatableResource) needs provider["registry.terraform.io/hashicorp/aws"]
2026-09-27T23:25:56.109+0100 [DEBUG] ProviderTransformer: "module.network.aws_subnet.private-a" (*terraform.NodeValidatableResource) needs provider["registry.terraform.io/hashicorp/aws"]
2026-09-27T23:25:56.109+0100 [DEBUG] ProviderTransformer: "module.ecr.aws_ecr_lifecycle_policy.health_worker" (*terraform.NodeValidatableResource) needs provider["registry.terraform.io/hashicorp/aws"]
2026-09-27T23:25:56.109+0100 [DEBUG] ProviderTransformer: "module.network.aws_route_table_association.public" (*terraform.NodeValidatableResource) needs provider["registry.terraform.io/hashicorp/aws"]
2026-09-27T23:25:56.109+0100 [DEBUG] ProviderTransformer: "module.sqs.aws_sqs_queue.fatsecret" (*terraform.NodeValidatableResource) needs provider["registry.terraform.io/hashicorp/aws"]
2026-09-27T23:25:56.109+0100 [DEBUG] ProviderTransformer: "module.secrets.aws_secretsmanager_secret_version.db_password" (*terraform.NodeValidatableResource) needs provider["registry.terraform.io/hashicorp/aws"]
2026-09-27T23:25:56.109+0100 [DEBUG] ProviderTransformer: "module.network.aws_route.public_internet" (*terraform.NodeValidatableResource) needs provider["registry.terraform.io/hashicorp/aws"]
2026-09-27T23:25:56.109+0100 [DEBUG] ProviderTransformer: "module.progress_photo_s3.aws_s3_bucket_versioning.progress_photos" (*terraform.NodeValidatableResource) needs provider["registry.terraform.io/hashicorp/aws"]
2026-09-27T23:25:56.109+0100 [DEBUG] ProviderTransformer: "module.secrets.random_password.db_password" (*terraform.NodeValidatableResource) needs provider["registry.terraform.io/hashicorp/random"]
2026-09-27T23:25:56.109+0100 [DEBUG] ProviderTransformer: "module.fatsecret_fargate.aws_ecs_task_definition.worker" (*terraform.NodeValidatableResource) needs provider["registry.terraform.io/hashicorp/aws"]
2026-09-27T23:25:56.109+0100 [DEBUG] ProviderTransformer: "module.network.aws_route.private_internet" (*terraform.NodeValidatableResource) needs provider["registry.terraform.io/hashicorp/aws"]
2026-09-27T23:25:56.109+0100 [DEBUG] ProviderTransformer: "module.sns.aws_sns_topic.alerts" (*terraform.NodeValidatableResource) needs provider["registry.terraform.io/hashicorp/aws"]
2026-09-27T23:25:56.109+0100 [DEBUG] ProviderTransformer: "module.network.aws_security_group.ecs" (*terraform.NodeValidatableResource) needs provider["registry.terraform.io/hashicorp/aws"]
2026-09-27T23:25:56.110+0100 [DEBUG] ProviderTransformer: "module.network.aws_subnet.public-a" (*terraform.NodeValidatableResource) needs provider["registry.terraform.io/hashicorp/aws"]
2026-09-27T23:25:56.110+0100 [DEBUG] ProviderTransformer: "module.kms.aws_kms_key.credentials" (*terraform.NodeValidatableResource) needs provider["registry.terraform.io/hashicorp/aws"]
2026-09-27T23:25:56.110+0100 [DEBUG] ProviderTransformer: "module.iam.aws_iam_role_policy_attachment.dispatcher_vpc" (*terraform.NodeValidatableResource) needs provider["registry.terraform.io/hashicorp/aws"]
2026-09-27T23:25:56.110+0100 [DEBUG] ProviderTransformer: "module.kms.aws_kms_alias.credentials" (*terraform.NodeValidatableResource) needs provider["registry.terraform.io/hashicorp/aws"]
2026-09-27T23:25:56.110+0100 [DEBUG] ProviderTransformer: "module.network.aws_security_group_rule.rds_from_lambda" (*terraform.NodeValidatableResource) needs provider["registry.terraform.io/hashicorp/aws"]
2026-09-27T23:25:56.110+0100 [DEBUG] ProviderTransformer: "module.iam.aws_iam_role_policy.dispatcher" (*terraform.NodeValidatableResource) needs provider["registry.terraform.io/hashicorp/aws"]
2026-09-27T23:25:56.110+0100 [DEBUG] ProviderTransformer: "module.iam.aws_iam_policy.worker_policies" (*terraform.NodeValidatableResource) needs provider["registry.terraform.io/hashicorp/aws"]
2026-09-27T23:25:56.110+0100 [DEBUG] ProviderTransformer: "module.iam.aws_iam_role.ecs_task_role" (*terraform.NodeValidatableResource) needs provider["registry.terraform.io/hashicorp/aws"]
2026-09-27T23:25:56.110+0100 [DEBUG] ProviderTransformer: "module.network.aws_vpc_endpoint.sqs" (*terraform.NodeValidatableResource) needs provider["registry.terraform.io/hashicorp/aws"]
2026-09-27T23:25:56.110+0100 [DEBUG] ProviderTransformer: "module.iam.aws_iam_role_policy_attachment.attach_logs" (*terraform.NodeValidatableResource) needs provider["registry.terraform.io/hashicorp/aws"]
2026-09-27T23:25:56.110+0100 [DEBUG] ProviderTransformer: "module.fatsecret_fargate.aws_ecs_service.worker" (*terraform.NodeValidatableResource) needs provider["registry.terraform.io/hashicorp/aws"]
2026-09-27T23:25:56.110+0100 [DEBUG] ProviderTransformer: "module.sns.aws_sns_topic_subscription.email" (*terraform.NodeValidatableResource) needs provider["registry.terraform.io/hashicorp/aws"]
2026-09-27T23:25:56.110+0100 [DEBUG] ProviderTransformer: "module.network.aws_security_group_rule.rds_from_ecs" (*terraform.NodeValidatableResource) needs provider["registry.terraform.io/hashicorp/aws"]
2026-09-27T23:25:56.110+0100 [DEBUG] ProviderTransformer: "module.network.aws_route_table.private" (*terraform.NodeValidatableResource) needs provider["registry.terraform.io/hashicorp/aws"]
2026-09-27T23:25:56.110+0100 [DEBUG] ProviderTransformer: "module.fatsecret_log_group.aws_cloudwatch_log_group.worker" (*terraform.NodeValidatableResource) needs provider["registry.terraform.io/hashicorp/aws"]
2026-09-27T23:25:56.110+0100 [DEBUG] ProviderTransformer: "module.lambda.aws_lambda_function.dispatcher" (*terraform.NodeValidatableResource) needs provider["registry.terraform.io/hashicorp/aws"]
2026-09-27T23:25:56.111+0100 [DEBUG] ProviderTransformer: "module.network.aws_internet_gateway.main" (*terraform.NodeValidatableResource) needs provider["registry.terraform.io/hashicorp/aws"]
2026-09-27T23:25:56.111+0100 [DEBUG] ProviderTransformer: "module.rds.aws_db_instance.this" (*terraform.NodeValidatableResource) needs provider["registry.terraform.io/hashicorp/aws"]
2026-09-27T23:25:56.111+0100 [DEBUG] ProviderTransformer: "module.fatsecret_cloudwatch_metric_autoscaling.aws_cloudwatch_metric_alarm.worker_queue_depth" (*terraform.NodeValidatableResource) needs provider["registry.terraform.io/hashicorp/aws"]
2026-09-27T23:25:56.111+0100 [DEBUG] ProviderTransformer: "module.network.aws_eip.nat" (*terraform.NodeValidatableResource) needs provider["registry.terraform.io/hashicorp/aws"]
2026-09-27T23:25:56.252+0100 [DEBUG] ReferenceTransformer: "module.kms.aws_kms_alias.credentials" references: [module.kms.var.key_alias (expand) module.kms.aws_kms_key.credentials]
2026-09-27T23:25:56.307+0100 [DEBUG] ReferenceTransformer: "module.iam.aws_iam_role.dispatcher" references: [module.iam.var.project_name (expand) module.iam.var.tags (expand)]
2026-09-27T23:25:56.307+0100 [DEBUG] ReferenceTransformer: "module.rds.output.db_name (expand)" references: [module.rds.aws_db_instance.this]
2026-09-27T23:25:56.307+0100 [DEBUG] ReferenceTransformer: "module.fatsecret_fargate (close)" references: []
2026-09-27T23:25:56.308+0100 [DEBUG] ReferenceTransformer: "module.fatsecret_fargate.aws_ecs_service.worker" references: [module.fatsecret_fargate.aws_ecs_task_definition.worker module.fatsecret_fargate.var.cluster_id (expand) module.fatsecret_fargate.var.tags (expand) module.fatsecret_fargate.var.project_name (expand) module.fatsecret_fargate.var.worker_provider (expand) module.fatsecret_fargate.var.subnet_ids (expand) module.fatsecret_fargate.var.security_group_ids (expand)]
2026-09-27T23:25:56.309+0100 [DEBUG] ReferenceTransformer: "module.network.aws_security_group.vpc_endpoint" references: [module.network.var.tags (expand) module.network.aws_vpc.main]
2026-09-27T23:25:56.309+0100 [DEBUG] ReferenceTransformer: "module.network.aws_route_table_association.private_a" references: [module.network.aws_route_table.private module.network.aws_subnet.private-a]
2026-09-27T23:25:56.309+0100 [DEBUG] ReferenceTransformer: "module.network.aws_route_table.public" references: [module.network.var.tags (expand) module.network.var.project_name (expand) module.network.aws_vpc.main]
2026-09-27T23:25:56.309+0100 [DEBUG] ReferenceTransformer: "module.fatsecret_cloudwatch_metric_autoscaling.var.project_name (expand)" references: [var.project_name]
2026-09-27T23:25:56.309+0100 [DEBUG] ReferenceTransformer: "module.sqs.var.google_health_queue_name (expand)" references: []
2026-09-27T23:25:56.309+0100 [DEBUG] ReferenceTransformer: "module.fatsecret_log_group.output.log_group_arn (expand)" references: [module.fatsecret_log_group.aws_cloudwatch_log_group.worker]
2026-09-27T23:25:56.309+0100 [DEBUG] ReferenceTransformer: "module.ecs_cluster.output.cluster_id (expand)" references: [module.ecs_cluster.aws_ecs_cluster.main]
2026-09-27T23:25:56.309+0100 [DEBUG] ReferenceTransformer: "module.sqs (close)" references: []
2026-09-27T23:25:56.309+0100 [DEBUG] ReferenceTransformer: "module.network.aws_eip.nat" references: [module.network.var.tags (expand) module.network.var.project_name (expand)]
2026-09-27T23:25:56.309+0100 [DEBUG] ReferenceTransformer: "module.lambda.var.lambda_zip_path (expand)" references: [var.lambda_zip_path]
2026-09-27T23:25:56.310+0100 [DEBUG] ReferenceTransformer: "module.network.output.security_group_ids (expand)" references: [module.network.aws_security_group.rds]
2026-09-27T23:25:56.310+0100 [DEBUG] ReferenceTransformer: "output.kms_key_id (expand)" references: [module.kms.output.key_id (expand)]
2026-09-27T23:25:56.310+0100 [DEBUG] ReferenceTransformer: "module.network.aws_security_group_rule.rds_from_ecs" references: [module.network.aws_security_group.ecs module.network.aws_security_group.rds]
2026-09-27T23:25:56.310+0100 [DEBUG] ReferenceTransformer: "module.sns.var.tags (expand)" references: [local.common_tags (expand)]
2026-09-27T23:25:56.310+0100 [DEBUG] ReferenceTransformer: "module.fatsecret_cloudwatch_metric_autoscaling.var.tags (expand)" references: [local.common_tags (expand)]
2026-09-27T23:25:56.310+0100 [DEBUG] ReferenceTransformer: "module.fatsecret_fargate.var.ecs_execution_role_arn (expand)" references: [module.iam.output.ecs_execution_role_arn (expand)]
2026-09-27T23:25:56.310+0100 [DEBUG] ReferenceTransformer: "output.repository_url (expand)" references: []
2026-09-27T23:25:56.311+0100 [DEBUG] ReferenceTransformer: "module.sns (expand)" references: []
2026-09-27T23:25:56.311+0100 [DEBUG] ReferenceTransformer: "var.region" references: []
2026-09-27T23:25:56.311+0100 [DEBUG] ReferenceTransformer: "module.progress_photo_s3.output.bucket_name (expand)" references: [module.progress_photo_s3.aws_s3_bucket.progress_photos]
2026-09-27T23:25:56.311+0100 [DEBUG] ReferenceTransformer: "module.budgets (expand)" references: []
2026-09-27T23:25:56.311+0100 [DEBUG] ReferenceTransformer: "module.ecr.var.project_name (expand)" references: [var.project_name]
2026-09-27T23:25:56.311+0100 [DEBUG] ReferenceTransformer: "module.fatsecret_fargate.var.tags (expand)" references: [local.common_tags (expand)]
2026-09-27T23:25:56.311+0100 [DEBUG] ReferenceTransformer: "module.lambda.var.tags (expand)" references: [local.common_tags (expand)]
2026-09-27T23:25:56.311+0100 [DEBUG] ReferenceTransformer: "module.network (expand)" references: []
2026-09-27T23:25:56.311+0100 [DEBUG] ReferenceTransformer: "module.progress_photo_s3.aws_s3_bucket_public_access_block.progress_photos" references: [module.progress_photo_s3.aws_s3_bucket.progress_photos]
2026-09-27T23:25:56.311+0100 [DEBUG] ReferenceTransformer: "module.fatsecret_fargate.aws_appautoscaling_target.worker" references: [module.fatsecret_fargate.var.max_capacity (expand) module.fatsecret_fargate.var.cluster_name (expand) module.fatsecret_fargate.aws_ecs_service.worker module.fatsecret_fargate.var.min_capacity (expand)]
2026-09-27T23:25:56.311+0100 [DEBUG] ReferenceTransformer: "module.progress_photo_s3.var.tags (expand)" references: [local.common_tags (expand)]
2026-09-27T23:25:56.311+0100 [DEBUG] ReferenceTransformer: "module.fatsecret_fargate.var.memory (expand)" references: []
2026-09-27T23:25:56.311+0100 [DEBUG] ReferenceTransformer: "module.network.aws_security_group_rule.rds_from_lambda" references: [module.network.aws_security_group.rds module.network.aws_security_group.lambda]
2026-09-27T23:25:56.312+0100 [DEBUG] ReferenceTransformer: "module.sqs.aws_sqs_queue.fatsecret" references: [module.sqs.var.fatsecret_queue_name (expand) module.sqs.var.tags (expand)]
2026-09-27T23:25:56.312+0100 [DEBUG] ReferenceTransformer: "module.rds.var.db_username (expand)" references: []
2026-09-27T23:25:56.312+0100 [DEBUG] ReferenceTransformer: "module.network.output.subnet_group_name (expand)" references: [module.network.aws_db_subnet_group.this]
2026-09-27T23:25:56.312+0100 [DEBUG] ReferenceTransformer: "module.ecr.output.repository_url (expand)" references: [module.ecr.aws_ecr_repository.health_worker]
2026-09-27T23:25:56.312+0100 [DEBUG] ReferenceTransformer: "module.kms (close)" references: []
2026-09-27T23:25:56.312+0100 [DEBUG] ReferenceTransformer: "module.network.aws_route.private_internet" references: [module.network.aws_nat_gateway.main module.network.aws_route_table.private]
2026-09-27T23:25:56.312+0100 [DEBUG] ReferenceTransformer: "module.iam.aws_iam_role_policy.dispatcher" references: [module.iam.aws_iam_role.dispatcher module.iam.var.project_name (expand) module.iam.var.queue_arns (expand)]
2026-09-27T23:25:56.312+0100 [DEBUG] ReferenceTransformer: "module.fatsecret_fargate.var.worker_provider (expand)" references: []
2026-09-27T23:25:56.312+0100 [DEBUG] ReferenceTransformer: "module.fatsecret_fargate.var.project_name (expand)" references: [var.project_name]
2026-09-27T23:25:56.312+0100 [DEBUG] ReferenceTransformer: "module.sqs.output.google_health_queue_arn (expand)" references: [module.sqs.aws_sqs_queue.google_health]
2026-09-27T23:25:56.312+0100 [DEBUG] ReferenceTransformer: "module.fatsecret_fargate.var.redis_url (expand)" references: [var.redis_url]
2026-09-27T23:25:56.312+0100 [DEBUG] ReferenceTransformer: "module.fatsecret_fargate.var.scale_out_cooldown (expand)" references: []
2026-09-27T23:25:56.313+0100 [DEBUG] ReferenceTransformer: "module.sqs.var.lyfta_queue_name (expand)" references: []
2026-09-27T23:25:56.313+0100 [DEBUG] ReferenceTransformer: "module.fatsecret_log_group.output.log_group_name (expand)" references: [module.fatsecret_log_group.aws_cloudwatch_log_group.worker]
2026-09-27T23:25:56.313+0100 [DEBUG] ReferenceTransformer: "module.fatsecret_cloudwatch_metric_autoscaling.output.queue_depth_metric_arn (expand)" references: [module.fatsecret_cloudwatch_metric_autoscaling.aws_cloudwatch_metric_alarm.worker_queue_depth]
2026-09-27T23:25:56.313+0100 [DEBUG] ReferenceTransformer: "module.network.aws_security_group.ecs" references: [module.network.var.tags (expand) module.network.aws_vpc.main]
2026-09-27T23:25:56.313+0100 [DEBUG] ReferenceTransformer: "module.sns.var.alert_email (expand)" references: [var.alert_email]
2026-09-27T23:25:56.313+0100 [DEBUG] ReferenceTransformer: "module.network.var.public_subnet_cidrs (expand)" references: []
2026-09-27T23:25:56.313+0100 [DEBUG] ReferenceTransformer: "module.fatsecret_cloudwatch_metric_autoscaling (close)" references: []
2026-09-27T23:25:56.313+0100 [DEBUG] ReferenceTransformer: "module.network.aws_route_table_association.private_b" references: [module.network.aws_subnet.private-b module.network.aws_route_table.private]
2026-09-27T23:25:56.314+0100 [DEBUG] ReferenceTransformer: "module.budgets.aws_budgets_budget.project_budget" references: [module.budgets.var.project_name (expand) module.budgets.var.monthly_budget (expand) module.budgets.var.project_name (expand) module.budgets.var.sns_topic_arn (expand) module.budgets.var.sns_topic_arn (expand) module.budgets.var.sns_topic_arn (expand)]
2026-09-27T23:25:56.314+0100 [DEBUG] ReferenceTransformer: "module.iam.aws_iam_role.ecs_task_role" references: [module.iam.var.project_name (expand) module.iam.var.tags (expand)]
2026-09-27T23:25:56.314+0100 [DEBUG] ReferenceTransformer: "module.kms.var.tags (expand)" references: [local.common_tags (expand)]
2026-09-27T23:25:56.314+0100 [DEBUG] ReferenceTransformer: "module.lambda.var.project_name (expand)" references: [var.project_name]
2026-09-27T23:25:56.314+0100 [DEBUG] ReferenceTransformer: "module.rds.var.db_password (expand)" references: [module.secrets.output.db_password (expand)]
2026-09-27T23:25:56.314+0100 [DEBUG] ReferenceTransformer: "local.common_tags (expand)" references: []
2026-09-27T23:25:56.314+0100 [DEBUG] ReferenceTransformer: "module.network.aws_internet_gateway.main" references: [module.network.var.tags (expand) module.network.var.project_name (expand) module.network.aws_vpc.main]
2026-09-27T23:25:56.314+0100 [DEBUG] ReferenceTransformer: "module.network.var.tags (expand)" references: [local.common_tags (expand)]
2026-09-27T23:25:56.315+0100 [DEBUG] ReferenceTransformer: "module.network.aws_security_group.rds" references: [module.network.aws_vpc.main module.network.var.tags (expand)]
2026-09-27T23:25:56.315+0100 [DEBUG] ReferenceTransformer: "var.lambda_zip_path" references: []
2026-09-27T23:25:56.315+0100 [DEBUG] ReferenceTransformer: "module.lambda.var.lambda_security_group_id (expand)" references: [module.network.output.lambda_security_group_id (expand)]
2026-09-27T23:25:56.315+0100 [DEBUG] ReferenceTransformer: "module.ecs_cluster.var.tags (expand)" references: [local.common_tags (expand)]
2026-09-27T23:25:56.315+0100 [DEBUG] ReferenceTransformer: "module.lambda.output.dispatcher_lambda_arn (expand)" references: [module.lambda.aws_lambda_function.dispatcher]
2026-09-27T23:25:56.315+0100 [DEBUG] ReferenceTransformer: "module.ecs_cluster.output.cluster_arn (expand)" references: [module.ecs_cluster.aws_ecs_cluster.main]
2026-09-27T23:25:56.315+0100 [DEBUG] ReferenceTransformer: "module.network.aws_route_table.private" references: [module.network.aws_vpc.main module.network.var.tags (expand) module.network.var.project_name (expand)]
2026-09-27T23:25:56.315+0100 [DEBUG] ReferenceTransformer: "var.db_user" references: []
2026-09-27T23:25:56.315+0100 [DEBUG] ReferenceTransformer: "module.sqs.output.google_health_queue_url (expand)" references: [module.sqs.aws_sqs_queue.google_health]
2026-09-27T23:25:56.315+0100 [DEBUG] ReferenceTransformer: "module.progress_photo_s3 (close)" references: []
2026-09-27T23:25:56.315+0100 [DEBUG] ReferenceTransformer: "module.secrets.random_password.db_password" references: []
2026-09-27T23:25:56.315+0100 [DEBUG] ReferenceTransformer: "module.lambda.var.google_health_queue_url (expand)" references: [module.sqs.output.google_health_queue_url (expand)]
2026-09-27T23:25:56.315+0100 [DEBUG] ReferenceTransformer: "module.sqs.output.fatsecret_queue_url (expand)" references: [module.sqs.aws_sqs_queue.fatsecret]
2026-09-27T23:25:56.316+0100 [DEBUG] ReferenceTransformer: "module.rds.aws_db_instance.this" references: [module.rds.var.engine_version (expand) module.rds.var.db_identifier (expand) module.rds.var.instance_class (expand) module.rds.var.db_username (expand) module.rds.var.subnet_group_name (expand) module.rds.var.db_name (expand) module.rds.var.allocated_storage (expand) module.rds.var.tags (expand) module.rds.var.db_password (expand) module.rds.var.security_group_ids (expand)]
2026-09-27T23:25:56.316+0100 [DEBUG] ReferenceTransformer: "module.fatsecret_cloudwatch_metric_autoscaling.var.queue_name (expand)" references: []
2026-09-27T23:25:56.316+0100 [DEBUG] ReferenceTransformer: "module.network.output.private_subnet_ids (expand)" references: [module.network.aws_subnet.private-a module.network.aws_subnet.private-b]
2026-09-27T23:25:56.316+0100 [DEBUG] ReferenceTransformer: "module.fatsecret_fargate (expand)" references: []
2026-09-27T23:25:56.316+0100 [DEBUG] ReferenceTransformer: "module.kms.aws_kms_key.credentials" references: [module.kms.var.tags (expand)]
2026-09-27T23:25:56.316+0100 [DEBUG] ReferenceTransformer: "module.ecr (close)" references: []
2026-09-27T23:25:56.316+0100 [DEBUG] ReferenceTransformer: "module.fatsecret_log_group.var.project_name (expand)" references: [var.project_name]
2026-09-27T23:25:56.316+0100 [DEBUG] ReferenceTransformer: "module.ecr.output.repository_arn (expand)" references: [module.ecr.aws_ecr_repository.health_worker]
2026-09-27T23:25:56.317+0100 [DEBUG] ReferenceTransformer: "module.sqs.output.lyfta_queue_url (expand)" references: [module.sqs.aws_sqs_queue.lyfta]
2026-09-27T23:25:56.317+0100 [DEBUG] ReferenceTransformer: "module.sqs (expand)" references: []
2026-09-27T23:25:56.317+0100 [DEBUG] ReferenceTransformer: "module.kms.output.key_id (expand)" references: [module.kms.aws_kms_key.credentials]
2026-09-27T23:25:56.317+0100 [DEBUG] ReferenceTransformer: "module.network.aws_subnet.private-b" references: [module.network.var.tags (expand) module.network.var.project_name (expand) module.network.var.private_subnet_cidrs (expand) module.network.var.availability_zones (expand) module.network.aws_vpc.main]
2026-09-27T23:25:56.317+0100 [DEBUG] ReferenceTransformer: "module.fatsecret_fargate.var.cpu (expand)" references: []
2026-09-27T23:25:56.317+0100 [DEBUG] ReferenceTransformer: "module.fatsecret_fargate.var.subnet_ids (expand)" references: [module.network.output.private_subnet_ids (expand)]
2026-09-27T23:25:56.317+0100 [DEBUG] ReferenceTransformer: "module.rds.var.db_name (expand)" references: []
2026-09-27T23:25:56.317+0100 [DEBUG] ReferenceTransformer: "module.secrets (close)" references: []
2026-09-27T23:25:56.317+0100 [DEBUG] ReferenceTransformer: "module.progress_photo_s3.aws_s3_bucket.progress_photos" references: [module.progress_photo_s3.var.progress_photo_bucket_name (expand) module.progress_photo_s3.var.tags (expand)]
2026-09-27T23:25:56.318+0100 [DEBUG] ReferenceTransformer: "var.cert_path" references: []
2026-09-27T23:25:56.318+0100 [DEBUG] ReferenceTransformer: "module.kms.var.key_alias (expand)" references: []
2026-09-27T23:25:56.318+0100 [DEBUG] ReferenceTransformer: "module.fatsecret_fargate.var.scale_out_step_3 (expand)" references: []
2026-09-27T23:25:56.318+0100 [DEBUG] ReferenceTransformer: "module.fatsecret_fargate.var.cluster_name (expand)" references: [module.ecs_cluster.output.cluster_name (expand)]
2026-09-27T23:25:56.318+0100 [DEBUG] ReferenceTransformer: "module.rds.var.tags (expand)" references: [local.common_tags (expand)]
2026-09-27T23:25:56.318+0100 [DEBUG] ReferenceTransformer: "module.network.aws_security_group_rule.rds_from_allowed_ips" references: [module.network.aws_security_group.rds module.network.var.allowed_cidr_blocks (expand)]
2026-09-27T23:25:56.318+0100 [DEBUG] ReferenceTransformer: "module.secrets (expand)" references: []
2026-09-27T23:25:56.318+0100 [DEBUG] ReferenceTransformer: "var.active_user_window_days" references: []
2026-09-27T23:25:56.318+0100 [DEBUG] ReferenceTransformer: "module.lambda.var.lyfta_queue_url (expand)" references: [module.sqs.output.lyfta_queue_url (expand)]
2026-09-27T23:25:56.318+0100 [DEBUG] ReferenceTransformer: "module.network.var.region (expand)" references: [var.region]
2026-09-27T23:25:56.318+0100 [DEBUG] ReferenceTransformer: "module.budgets.var.sns_topic_arn (expand)" references: [module.sns.output.topic_arn (expand)]
2026-09-27T23:25:56.318+0100 [DEBUG] ReferenceTransformer: "module.lambda (close)" references: []
2026-09-27T23:25:56.319+0100 [DEBUG] ReferenceTransformer: "module.lambda.aws_lambda_function.dispatcher" references: [module.lambda.var.tags (expand) module.lambda.var.dispatcher_role_arn (expand) module.lambda.var.project_name (expand) module.lambda.var.lambda_zip_path (expand) module.lambda.var.lambda_zip_path (expand) module.lambda.var.lambda_security_group_id (expand) module.lambda.var.subnet_ids (expand) module.lambda.var.active_user_window_days (expand) module.lambda.var.google_health_queue_url (expand) module.lambda.var.fatsecret_queue_url (expand) module.lambda.var.lyfta_queue_url (expand) module.lambda.var.database_host (expand) module.lambda.var.db_user (expand) module.lambda.var.database_password (expand) module.lambda.var.cert_path (expand)]
2026-09-27T23:25:56.319+0100 [DEBUG] ReferenceTransformer: "module.rds (expand)" references: []
2026-09-27T23:25:56.319+0100 [DEBUG] ReferenceTransformer: "module.budgets (close)" references: []
2026-09-27T23:25:56.319+0100 [DEBUG] ReferenceTransformer: "module.rds.output.endpoint (expand)" references: [module.rds.aws_db_instance.this]
2026-09-27T23:25:56.319+0100 [DEBUG] ReferenceTransformer: "provider[\"registry.terraform.io/hashicorp/aws\"]" references: [var.region]
2026-09-27T23:25:56.319+0100 [DEBUG] ReferenceTransformer: "module.iam.aws_iam_role_policy_attachment.dispatcher_vpc" references: [module.iam.aws_iam_role.dispatcher]
2026-09-27T23:25:56.319+0100 [DEBUG] ReferenceTransformer: "module.ecr.aws_ecr_lifecycle_policy.health_worker" references: [module.ecr.aws_ecr_repository.health_worker]
2026-09-27T23:25:56.320+0100 [DEBUG] ReferenceTransformer: "module.fatsecret_fargate.var.security_group_ids (expand)" references: [module.network.output.ecs_security_group_id (expand)]
2026-09-27T23:25:56.320+0100 [DEBUG] ReferenceTransformer: "module.lambda.var.dispatcher_role_arn (expand)" references: [module.iam.output.dispatcher_role_arn (expand)]
2026-09-27T23:25:56.320+0100 [DEBUG] ReferenceTransformer: "module.secrets.output.secret_arn (expand)" references: [module.secrets.aws_secretsmanager_secret.db_password]
2026-09-27T23:25:56.320+0100 [DEBUG] ReferenceTransformer: "module.sqs.output.lyfta_queue_arn (expand)" references: [module.sqs.aws_sqs_queue.lyfta]
2026-09-27T23:25:56.320+0100 [DEBUG] ReferenceTransformer: "module.ecr.aws_ecr_repository.health_worker" references: [module.ecr.var.project_name (expand) module.ecr.var.tags (expand)]
2026-09-27T23:25:56.320+0100 [DEBUG] ReferenceTransformer: "module.rds.var.allocated_storage (expand)" references: []
2026-09-27T23:25:56.320+0100 [DEBUG] ReferenceTransformer: "module.budgets.output.budget_name (expand)" references: [module.budgets.aws_budgets_budget.project_budget]
2026-09-27T23:25:56.320+0100 [DEBUG] ReferenceTransformer: "module.ecr (expand)" references: []
2026-09-27T23:25:56.320+0100 [DEBUG] ReferenceTransformer: "module.network.aws_vpc.main" references: [module.network.var.tags (expand) module.network.var.project_name (expand) module.network.var.vpc_cidr (expand)]
2026-09-27T23:25:56.320+0100 [DEBUG] ReferenceTransformer: "module.fatsecret_cloudwatch_metric_autoscaling.var.queue_depth_threshold (expand)" references: []
2026-09-27T23:25:56.320+0100 [DEBUG] ReferenceTransformer: "module.sns.aws_sns_topic_subscription.email" references: [module.sns.var.alert_email (expand) module.sns.aws_sns_topic.alerts]
2026-09-27T23:25:56.320+0100 [DEBUG] ReferenceTransformer: "module.fatsecret_fargate.var.max_capacity (expand)" references: []
2026-09-27T23:25:56.320+0100 [DEBUG] ReferenceTransformer: "module.fatsecret_fargate.var.database_host (expand)" references: [var.database_host]
2026-09-27T23:25:56.321+0100 [DEBUG] ReferenceTransformer: "module.fatsecret_fargate.var.cert_path (expand)" references: []
2026-09-27T23:25:56.321+0100 [DEBUG] ReferenceTransformer: "module.lambda (expand)" references: []
2026-09-27T23:25:56.321+0100 [DEBUG] ReferenceTransformer: "module.fatsecret_fargate.aws_appautoscaling_policy.worker_scale_out" references: [module.fatsecret_fargate.var.project_name (expand) module.fatsecret_fargate.var.worker_provider (expand) module.fatsecret_fargate.var.cluster_name (expand) module.fatsecret_fargate.aws_ecs_service.worker module.fatsecret_fargate.var.scale_out_cooldown (expand) module.fatsecret_fargate.var.scale_out_step_1 (expand) module.fatsecret_fargate.var.scale_out_step_2 (expand) module.fatsecret_fargate.var.scale_out_step_3 (expand)]
2026-09-27T23:25:56.321+0100 [DEBUG] ReferenceTransformer: "module.progress_photo_s3.var.progress_photo_bucket_name (expand)" references: [var.progress_photo_bucket_name]
2026-09-27T23:25:56.321+0100 [DEBUG] ReferenceTransformer: "module.lambda.var.fatsecret_queue_url (expand)" references: [module.sqs.output.fatsecret_queue_url (expand)]
2026-09-27T23:25:56.321+0100 [DEBUG] ReferenceTransformer: "module.network.aws_route_table_association.public" references: [module.network.aws_subnet.public-a module.network.aws_route_table.public]
2026-09-27T23:25:56.322+0100 [DEBUG] ReferenceTransformer: "module.network.aws_route.public_internet" references: [module.network.aws_route_table.public module.network.aws_internet_gateway.main]
2026-09-27T23:25:56.322+0100 [DEBUG] ReferenceTransformer: "module.fatsecret_fargate.var.min_capacity (expand)" references: []
2026-09-27T23:25:56.322+0100 [DEBUG] ReferenceTransformer: "module.ecs_cluster.var.project_name (expand)" references: [var.project_name]
2026-09-27T23:25:56.322+0100 [DEBUG] ReferenceTransformer: "module.ecr.output.repository_name (expand)" references: [module.ecr.aws_ecr_repository.health_worker]
2026-09-27T23:25:56.322+0100 [DEBUG] ReferenceTransformer: "module.iam (expand)" references: []
2026-09-27T23:25:56.322+0100 [DEBUG] ReferenceTransformer: "module.network.aws_security_group_rule.vpc_endpoint_from_ecs" references: [module.network.aws_security_group.vpc_endpoint module.network.aws_security_group.ecs]
2026-09-27T23:25:56.322+0100 [DEBUG] ReferenceTransformer: "module.iam.var.project_name (expand)" references: [var.project_name]
2026-09-27T23:25:56.322+0100 [DEBUG] ReferenceTransformer: "module.rds.var.engine_version (expand)" references: []
2026-09-27T23:25:56.322+0100 [DEBUG] ReferenceTransformer: "module.network.var.vpc_cidr (expand)" references: []
2026-09-27T23:25:56.322+0100 [DEBUG] ReferenceTransformer: "module.kms.output.alias_arn (expand)" references: [module.kms.aws_kms_alias.credentials]
2026-09-27T23:25:56.322+0100 [DEBUG] ReferenceTransformer: "module.secrets.aws_secretsmanager_secret.db_password" references: [module.secrets.var.tags (expand)]
2026-09-27T23:25:56.322+0100 [DEBUG] ReferenceTransformer: "module.fatsecret_cloudwatch_metric_autoscaling.var.autoscaling_policy_arn (expand)" references: [module.fatsecret_fargate.output.autoscaling_policy_arn (expand)]
2026-09-27T23:25:56.322+0100 [DEBUG] ReferenceTransformer: "module.ecs_cluster (close)" references: []
2026-09-27T23:25:56.322+0100 [DEBUG] ReferenceTransformer: "module.network.aws_nat_gateway.main" references: [module.network.aws_internet_gateway.main module.network.aws_subnet.public-a module.network.var.tags (expand) module.network.var.project_name (expand) module.network.aws_eip.nat]
2026-09-27T23:25:56.323+0100 [DEBUG] ReferenceTransformer: "module.kms.output.key_arn (expand)" references: [module.kms.aws_kms_key.credentials]
2026-09-27T23:25:56.323+0100 [DEBUG] ReferenceTransformer: "module.fatsecret_fargate.output.autoscaling_policy_arn (expand)" references: [module.fatsecret_fargate.aws_appautoscaling_policy.worker_scale_out]
2026-09-27T23:25:56.323+0100 [DEBUG] ReferenceTransformer: "module.lambda.output.dispatcher_lambda_name (expand)" references: [module.lambda.aws_lambda_function.dispatcher]
2026-09-27T23:25:56.323+0100 [DEBUG] ReferenceTransformer: "var.database_password" references: []
2026-09-27T23:25:56.323+0100 [DEBUG] ReferenceTransformer: "var.progress_photo_bucket_name" references: []
2026-09-27T23:25:56.323+0100 [DEBUG] ReferenceTransformer: "module.lambda.var.db_user (expand)" references: [var.db_user]
2026-09-27T23:25:56.323+0100 [DEBUG] ReferenceTransformer: "module.progress_photo_s3 (expand)" references: []
2026-09-27T23:25:56.324+0100 [DEBUG] ReferenceTransformer: "module.fatsecret_fargate.aws_ecs_task_definition.worker" references: [module.fatsecret_fargate.var.ecs_execution_role_arn (expand) module.fatsecret_fargate.var.project_name (expand) module.fatsecret_fargate.var.worker_provider (expand) module.fatsecret_fargate.var.tags (expand) module.fatsecret_fargate.var.ecr_image (expand) module.fatsecret_fargate.var.worker_provider (expand) module.fatsecret_fargate.var.queue_url (expand) module.fatsecret_fargate.var.redis_url (expand) module.fatsecret_fargate.var.region (expand) module.fatsecret_fargate.var.database_host (expand) module.fatsecret_fargate.var.database_password (expand) module.fatsecret_fargate.var.db_user (expand) module.fatsecret_fargate.var.cert_path (expand) module.fatsecret_fargate.var.log_group_name (expand) module.fatsecret_fargate.var.region (expand) module.fatsecret_fargate.var.ecs_task_role_arn (expand) module.fatsecret_fargate.var.memory (expand) module.fatsecret_fargate.var.cpu (expand)]
2026-09-27T23:25:56.324+0100 [DEBUG] ReferenceTransformer: "var.database_host" references: []
2026-09-27T23:25:56.324+0100 [DEBUG] ReferenceTransformer: "module.fatsecret_fargate.var.queue_url (expand)" references: [module.sqs.output.fatsecret_queue_url (expand)]
2026-09-27T23:25:56.324+0100 [DEBUG] ReferenceTransformer: "module.network (close)" references: []
2026-09-27T23:25:56.324+0100 [DEBUG] ReferenceTransformer: "module.iam.aws_iam_role_policy_attachment.ecs_execution_policy" references: [module.iam.aws_iam_role.ecs_execution_role]
2026-09-27T23:25:56.324+0100 [DEBUG] ReferenceTransformer: "module.sns.aws_sns_topic.alerts" references: [module.sns.var.project_name (expand) module.sns.var.tags (expand)]
2026-09-27T23:25:56.324+0100 [DEBUG] ReferenceTransformer: "module.iam.aws_iam_policy.worker_policies" references: [module.iam.var.project_name (expand) module.iam.var.queue_arns (expand)]
2026-09-27T23:25:56.324+0100 [DEBUG] ReferenceTransformer: "module.lambda.var.active_user_window_days (expand)" references: [var.active_user_window_days]
2026-09-27T23:25:56.324+0100 [DEBUG] ReferenceTransformer: "module.rds.var.instance_class (expand)" references: []
2026-09-27T23:25:56.324+0100 [DEBUG] ReferenceTransformer: "module.lambda.var.database_password (expand)" references: [var.database_password]
2026-09-27T23:25:56.324+0100 [DEBUG] ReferenceTransformer: "module.iam.output.dispatcher_role_name (expand)" references: [module.iam.aws_iam_role.dispatcher]
2026-09-27T23:25:56.325+0100 [DEBUG] ReferenceTransformer: "module.ecs_cluster (expand)" references: []
2026-09-27T23:25:56.325+0100 [DEBUG] ReferenceTransformer: "module.rds (close)" references: []
2026-09-27T23:25:56.325+0100 [DEBUG] ReferenceTransformer: "var.project_name" references: []
2026-09-27T23:25:56.325+0100 [DEBUG] ReferenceTransformer: "module.iam.var.tags (expand)" references: [local.common_tags (expand)]
2026-09-27T23:25:56.325+0100 [DEBUG] ReferenceTransformer: "module.network.var.project_name (expand)" references: [var.project_name]
2026-09-27T23:25:56.325+0100 [DEBUG] ReferenceTransformer: "module.network.aws_db_subnet_group.this" references: [module.network.var.tags (expand) module.network.aws_subnet.private-a module.network.aws_subnet.private-b]
2026-09-27T23:25:56.325+0100 [DEBUG] ReferenceTransformer: "module.network.aws_subnet.public-a" references: [module.network.var.public_subnet_cidrs (expand) module.network.var.availability_zones (expand) module.network.aws_vpc.main module.network.var.tags (expand) module.network.var.project_name (expand)]
2026-09-27T23:25:56.325+0100 [DEBUG] ReferenceTransformer: "module.fatsecret_fargate.var.db_user (expand)" references: [var.db_user]
2026-09-27T23:25:56.325+0100 [DEBUG] ReferenceTransformer: "module.lambda.var.subnet_ids (expand)" references: [module.network.output.private_subnet_ids (expand)]
2026-09-27T23:25:56.326+0100 [DEBUG] ReferenceTransformer: "module.fatsecret_log_group (expand)" references: []
2026-09-27T23:25:56.326+0100 [DEBUG] ReferenceTransformer: "module.fatsecret_log_group.aws_cloudwatch_log_group.worker" references: [module.fatsecret_log_group.var.retention_in_days (expand) module.fatsecret_log_group.var.project_name (expand) module.fatsecret_log_group.var.queue_name (expand) module.fatsecret_log_group.var.tags (expand)]
2026-09-27T23:25:56.326+0100 [DEBUG] ReferenceTransformer: "module.fatsecret_fargate.var.log_group_name (expand)" references: [module.fatsecret_log_group.output.log_group_name (expand)]
2026-09-27T23:25:56.326+0100 [DEBUG] ReferenceTransformer: "module.fatsecret_fargate.var.scale_out_step_2 (expand)" references: []
2026-09-27T23:25:56.326+0100 [DEBUG] ReferenceTransformer: "provider[\"registry.terraform.io/hashicorp/random\"]" references: []
2026-09-27T23:25:56.326+0100 [DEBUG] ReferenceTransformer: "module.progress_photo_s3.aws_s3_bucket_versioning.progress_photos" references: [module.progress_photo_s3.aws_s3_bucket.progress_photos]
2026-09-27T23:25:56.326+0100 [DEBUG] ReferenceTransformer: "module.ecr.var.tags (expand)" references: [local.common_tags (expand)]
2026-09-27T23:25:56.326+0100 [DEBUG] ReferenceTransformer: "module.fatsecret_fargate.var.scale_out_step_1 (expand)" references: []
2026-09-27T23:25:56.326+0100 [DEBUG] ReferenceTransformer: "module.lambda.var.database_host (expand)" references: [var.database_host]
2026-09-27T23:25:56.326+0100 [DEBUG] ReferenceTransformer: "module.iam.var.queue_arns (expand)" references: [module.sqs.output.google_health_queue_arn (expand) module.sqs.output.lyfta_queue_arn (expand) module.sqs.output.fatsecret_queue_arn (expand)]
2026-09-27T23:25:56.326+0100 [DEBUG] ReferenceTransformer: "module.rds.var.subnet_group_name (expand)" references: [module.network.output.subnet_group_name (expand)]
2026-09-27T23:25:56.326+0100 [DEBUG] ReferenceTransformer: "module.secrets.output.db_password (expand)" references: [module.secrets.random_password.db_password]
2026-09-27T23:25:56.326+0100 [DEBUG] ReferenceTransformer: "module.iam.output.ecs_execution_role_arn (expand)" references: [module.iam.aws_iam_role.ecs_execution_role]
2026-09-27T23:25:56.326+0100 [DEBUG] ReferenceTransformer: "var.redis_url" references: []
2026-09-27T23:25:56.327+0100 [DEBUG] ReferenceTransformer: "module.sqs.var.fatsecret_queue_name (expand)" references: []
2026-09-27T23:25:56.327+0100 [DEBUG] ReferenceTransformer: "module.network.output.lambda_security_group_id (expand)" references: [module.network.aws_security_group.lambda]
2026-09-27T23:25:56.327+0100 [DEBUG] ReferenceTransformer: "module.network.output.ecs_security_group_id (expand)" references: [module.network.aws_security_group.ecs]
2026-09-27T23:25:56.327+0100 [DEBUG] ReferenceTransformer: "module.rds.output.db_username (expand)" references: [module.rds.aws_db_instance.this]
2026-09-27T23:25:56.327+0100 [DEBUG] ReferenceTransformer: "module.fatsecret_log_group.var.tags (expand)" references: [local.common_tags (expand)]
2026-09-27T23:25:56.327+0100 [DEBUG] ReferenceTransformer: "module.fatsecret_log_group.var.queue_name (expand)" references: []
2026-09-27T23:25:56.327+0100 [DEBUG] ReferenceTransformer: "module.fatsecret_fargate.var.ecs_task_role_arn (expand)" references: [module.iam.output.ecs_task_role_arn (expand)]
2026-09-27T23:25:56.327+0100 [DEBUG] ReferenceTransformer: "module.rds.var.db_identifier (expand)" references: []
2026-09-27T23:25:56.327+0100 [DEBUG] ReferenceTransformer: "module.network.var.allowed_cidr_blocks (expand)" references: []
2026-09-27T23:25:56.327+0100 [DEBUG] ReferenceTransformer: "module.budgets.var.project_name (expand)" references: [var.project_name]
2026-09-27T23:25:56.327+0100 [DEBUG] ReferenceTransformer: "module.sqs.aws_sqs_queue.google_health" references: [module.sqs.var.tags (expand) module.sqs.var.google_health_queue_name (expand)]
2026-09-27T23:25:56.327+0100 [DEBUG] ReferenceTransformer: "module.fatsecret_fargate.var.region (expand)" references: [var.region]
2026-09-27T23:25:56.358+0100 [DEBUG] ReferenceTransformer: "module.fatsecret_cloudwatch_metric_autoscaling (expand)" references: []
2026-09-27T23:25:56.358+0100 [DEBUG] ReferenceTransformer: "module.iam.aws_iam_role.ecs_execution_role" references: [module.iam.var.project_name (expand) module.iam.var.tags (expand)]
2026-09-27T23:25:56.358+0100 [DEBUG] ReferenceTransformer: "var.bucket_name" references: []
2026-09-27T23:25:56.358+0100 [DEBUG] ReferenceTransformer: "module.fatsecret_fargate.var.database_password (expand)" references: [var.database_password]
2026-09-27T23:25:56.358+0100 [DEBUG] ReferenceTransformer: "module.rds.var.security_group_ids (expand)" references: [module.network.output.security_group_ids (expand)]
2026-09-27T23:25:56.358+0100 [DEBUG] ReferenceTransformer: "module.ecs_cluster.output.cluster_name (expand)" references: [module.ecs_cluster.aws_ecs_cluster.main]
2026-09-27T23:25:56.358+0100 [DEBUG] ReferenceTransformer: "module.network.aws_vpc_endpoint.sqs" references: [module.network.var.region (expand) module.network.var.tags (expand) module.network.aws_subnet.private-a module.network.aws_vpc.main module.network.aws_security_group.vpc_endpoint]
2026-09-27T23:25:56.358+0100 [DEBUG] ReferenceTransformer: "module.secrets.var.tags (expand)" references: [local.common_tags (expand)]
2026-09-27T23:25:56.358+0100 [DEBUG] ReferenceTransformer: "module.network.var.private_subnet_cidrs (expand)" references: []
2026-09-27T23:25:56.358+0100 [DEBUG] ReferenceTransformer: "module.iam.output.ecs_task_role_arn (expand)" references: [module.iam.aws_iam_role.ecs_task_role]
2026-09-27T23:25:56.358+0100 [DEBUG] ReferenceTransformer: "module.sqs.output.fatsecret_queue_arn (expand)" references: [module.sqs.aws_sqs_queue.fatsecret]
2026-09-27T23:25:56.358+0100 [DEBUG] ReferenceTransformer: "module.sns (close)" references: []
2026-09-27T23:25:56.359+0100 [DEBUG] ReferenceTransformer: "module.sqs.aws_sqs_queue.lyfta" references: [module.sqs.var.lyfta_queue_name (expand) module.sqs.var.tags (expand)]
2026-09-27T23:25:56.359+0100 [DEBUG] ReferenceTransformer: "module.fatsecret_fargate.var.ecr_image (expand)" references: [module.ecr.output.repository_url (expand)]
2026-09-27T23:25:56.359+0100 [DEBUG] ReferenceTransformer: "module.sns.output.topic_arn (expand)" references: [module.sns.aws_sns_topic.alerts]
2026-09-27T23:25:56.359+0100 [DEBUG] ReferenceTransformer: "module.network.aws_subnet.private-a" references: [module.network.aws_vpc.main module.network.var.tags (expand) module.network.var.project_name (expand) module.network.var.private_subnet_cidrs (expand) module.network.var.availability_zones (expand)]
2026-09-27T23:25:56.359+0100 [DEBUG] ReferenceTransformer: "module.iam.output.dispatcher_role_arn (expand)" references: [module.iam.aws_iam_role.dispatcher]
2026-09-27T23:25:56.359+0100 [DEBUG] ReferenceTransformer: "module.sns.var.project_name (expand)" references: [var.project_name]
2026-09-27T23:25:56.359+0100 [DEBUG] ReferenceTransformer: "module.budgets.var.monthly_budget (expand)" references: []
2026-09-27T23:25:56.359+0100 [DEBUG] ReferenceTransformer: "module.kms (expand)" references: []
2026-09-27T23:25:56.359+0100 [DEBUG] ReferenceTransformer: "module.fatsecret_cloudwatch_metric_autoscaling.aws_cloudwatch_metric_alarm.worker_queue_depth" references: [module.fatsecret_cloudwatch_metric_autoscaling.var.project_name (expand) module.fatsecret_cloudwatch_metric_autoscaling.var.queue_name (expand) module.fatsecret_cloudwatch_metric_autoscaling.var.queue_name (expand) module.fatsecret_cloudwatch_metric_autoscaling.var.queue_depth_threshold (expand) module.fatsecret_cloudwatch_metric_autoscaling.var.autoscaling_policy_arn (expand)]
2026-09-27T23:25:56.359+0100 [DEBUG] ReferenceTransformer: "var.alert_email" references: []
2026-09-27T23:25:56.359+0100 [DEBUG] ReferenceTransformer: "module.fatsecret_fargate.var.cluster_id (expand)" references: [module.ecs_cluster.output.cluster_id (expand)]
2026-09-27T23:25:56.360+0100 [DEBUG] ReferenceTransformer: "module.network.aws_security_group.lambda" references: [module.network.var.tags (expand) module.network.aws_vpc.main]
2026-09-27T23:25:56.360+0100 [DEBUG] ReferenceTransformer: "module.secrets.aws_secretsmanager_secret_version.db_password" references: [module.secrets.random_password.db_password module.secrets.aws_secretsmanager_secret.db_password]
2026-09-27T23:25:56.360+0100 [DEBUG] ReferenceTransformer: "module.fatsecret_log_group.var.retention_in_days (expand)" references: []
2026-09-27T23:25:56.360+0100 [DEBUG] ReferenceTransformer: "module.lambda.var.cert_path (expand)" references: [var.cert_path]
2026-09-27T23:25:56.360+0100 [DEBUG] ReferenceTransformer: "module.sqs.var.tags (expand)" references: [local.common_tags (expand)]
2026-09-27T23:25:56.360+0100 [DEBUG] ReferenceTransformer: "module.iam (close)" references: []
2026-09-27T23:25:56.360+0100 [DEBUG] ReferenceTransformer: "module.fatsecret_log_group (close)" references: []
2026-09-27T23:25:56.360+0100 [DEBUG] ReferenceTransformer: "module.ecs_cluster.aws_ecs_cluster.main" references: [module.ecs_cluster.var.project_name (expand) module.ecs_cluster.var.tags (expand)]
2026-09-27T23:25:56.360+0100 [DEBUG] ReferenceTransformer: "module.network.aws_security_group_rule.vpc_endpoint_from_lambda" references: [module.network.aws_security_group.vpc_endpoint module.network.aws_security_group.lambda]
2026-09-27T23:25:56.360+0100 [DEBUG] ReferenceTransformer: "module.iam.aws_iam_role_policy_attachment.attach_logs" references: [module.iam.aws_iam_policy.worker_policies module.iam.aws_iam_role.ecs_task_role]
2026-09-27T23:25:56.360+0100 [DEBUG] ReferenceTransformer: "module.network.var.availability_zones (expand)" references: []
2026-09-27T23:25:56.420+0100 [DEBUG] Starting graph walk: walkValidate
2026-09-27T23:25:56.536+0100 [DEBUG] created provider logger: level=debug
2026-09-27T23:25:56.537+0100 [INFO]  provider: configuring client automatic mTLS
2026-09-27T23:25:56.794+0100 [DEBUG] provider: starting plugin: path=.terraform/providers/registry.terraform.io/hashicorp/aws/5.100.0/windows_amd64/terraform-provider-aws_v5.100.0_x5.exe args=[".terraform/providers/registry.terraform.io/hashicorp/aws/5.100.0/windows_amd64/terraform-provider-aws_v5.100.0_x5.exe"]
2026-09-27T23:25:56.822+0100 [DEBUG] provider: plugin started: path=.terraform/providers/registry.terraform.io/hashicorp/aws/5.100.0/windows_amd64/terraform-provider-aws_v5.100.0_x5.exe pid=14864
2026-09-27T23:25:56.822+0100 [DEBUG] provider: waiting for RPC address: plugin=.terraform/providers/registry.terraform.io/hashicorp/aws/5.100.0/windows_amd64/terraform-provider-aws_v5.100.0_x5.exe
2026-09-27T23:25:57.858+0100 [DEBUG] provider.terraform-provider-aws_v5.100.0_x5.exe: Starting github.com/hashicorp/terraform-provider-aws@5.100.0 (go1.23.10)...
2026-09-27T23:25:57.858+0100 [DEBUG] provider.terraform-provider-aws_v5.100.0_x5.exe: Initializing Terraform AWS Provider...
2026-09-27T23:25:58.185+0100 [INFO]  provider.terraform-provider-aws_v5.100.0_x5.exe: configuring server automatic mTLS: timestamp="2026-09-27T23:25:58.066+0100"
2026-09-27T23:25:58.199+0100 [DEBUG] provider: using plugin: version=5
2026-09-27T23:25:58.200+0100 [DEBUG] provider.terraform-provider-aws_v5.100.0_x5.exe: plugin address: address=127.0.0.1:10000 network=tcp timestamp="2026-09-27T23:25:58.199+0100"
2026-09-27T23:25:58.212+0100 [DEBUG] created provider logger: level=debug
2026-09-27T23:25:58.212+0100 [INFO]  provider: configuring client automatic mTLS
2026-09-27T23:25:58.217+0100 [DEBUG] provider: starting plugin: path=.terraform/providers/registry.terraform.io/hashicorp/random/3.9.0/windows_amd64/terraform-provider-random_v3.9.0_x5.exe args=[".terraform/providers/registry.terraform.io/hashicorp/random/3.9.0/windows_amd64/terraform-provider-random_v3.9.0_x5.exe"]
2026-09-27T23:25:58.220+0100 [DEBUG] provider: plugin started: path=.terraform/providers/registry.terraform.io/hashicorp/random/3.9.0/windows_amd64/terraform-provider-random_v3.9.0_x5.exe pid=15604
2026-09-27T23:25:58.220+0100 [DEBUG] provider: waiting for RPC address: plugin=.terraform/providers/registry.terraform.io/hashicorp/random/3.9.0/windows_amd64/terraform-provider-random_v3.9.0_x5.exe
2026-09-27T23:25:58.303+0100 [INFO]  provider.terraform-provider-random_v3.9.0_x5.exe: configuring server automatic mTLS: timestamp="2026-09-27T23:25:58.240+0100"
2026-09-27T23:25:58.317+0100 [DEBUG] provider: using plugin: version=5
2026-09-27T23:25:58.317+0100 [DEBUG] provider.terraform-provider-random_v3.9.0_x5.exe: plugin address: address=127.0.0.1:10001 network=tcp timestamp="2026-09-27T23:25:58.317+0100"
2026-09-27T23:25:58.686+0100 [DEBUG] provider.stdio: received EOF, stopping recv loop: err="rpc error: code = Unavailable desc = error reading from server: EOF"
2026-09-27T23:25:58.690+0100 [INFO]  provider: plugin process exited: plugin=.terraform/providers/registry.terraform.io/hashicorp/random/3.9.0/windows_amd64/terraform-provider-random_v3.9.0_x5.exe id=15604
2026-09-27T23:25:58.690+0100 [DEBUG] provider: plugin exited
2026-09-27T23:26:00.502+0100 [DEBUG] provider.stdio: received EOF, stopping recv loop: err="rpc error: code = Unavailable desc = error reading from server: EOF"
2026-09-27T23:26:00.606+0100 [INFO]  provider: plugin process exited: plugin=.terraform/providers/registry.terraform.io/hashicorp/aws/5.100.0/windows_amd64/terraform-provider-aws_v5.100.0_x5.exe id=14864
2026-09-27T23:26:00.608+0100 [DEBUG] provider: plugin exited
2026-09-27T23:26:00.654+0100 [INFO]  backend/local: plan calling Plan
2026-09-27T23:26:00.808+0100 [DEBUG] Building and walking plan graph for NormalMode
2026-09-27T23:26:00.854+0100 [DEBUG] adding implicit provider configuration provider["registry.terraform.io/hashicorp/random"], implied first by module.secrets.random_password.db_password (expand)
2026-09-27T23:26:00.855+0100 [DEBUG] ProviderTransformer: "module.fatsecret_cloudwatch_metric_autoscaling.aws_cloudwatch_metric_alarm.worker_queue_depth (expand)" (*terraform.nodeExpandPlannableResource) needs provider["registry.terraform.io/hashicorp/aws"]
2026-09-27T23:26:00.855+0100 [DEBUG] ProviderTransformer: "module.progress_photo_s3.aws_s3_bucket_public_access_block.progress_photos (expand)" (*terraform.nodeExpandPlannableResource) needs provider["registry.terraform.io/hashicorp/aws"]
2026-09-27T23:26:00.855+0100 [DEBUG] ProviderTransformer: "module.network.aws_db_subnet_group.this (expand)" (*terraform.nodeExpandPlannableResource) needs provider["registry.terraform.io/hashicorp/aws"]
2026-09-27T23:26:00.855+0100 [DEBUG] ProviderTransformer: "module.iam.aws_iam_role.ecs_execution_role (expand)" (*terraform.nodeExpandPlannableResource) needs provider["registry.terraform.io/hashicorp/aws"]
2026-09-27T23:26:00.855+0100 [DEBUG] ProviderTransformer: "module.fatsecret_fargate.aws_ecs_service.worker (expand)" (*terraform.nodeExpandPlannableResource) needs provider["registry.terraform.io/hashicorp/aws"]
2026-09-27T23:26:00.855+0100 [DEBUG] ProviderTransformer: "module.network.aws_subnet.private-a (expand)" (*terraform.nodeExpandPlannableResource) needs provider["registry.terraform.io/hashicorp/aws"]
2026-09-27T23:26:00.855+0100 [DEBUG] ProviderTransformer: "module.network.aws_security_group.vpc_endpoint (expand)" (*terraform.nodeExpandPlannableResource) needs provider["registry.terraform.io/hashicorp/aws"]
2026-09-27T23:26:00.855+0100 [DEBUG] ProviderTransformer: "module.fatsecret_log_group.aws_cloudwatch_log_group.worker (expand)" (*terraform.nodeExpandPlannableResource) needs provider["registry.terraform.io/hashicorp/aws"]
2026-09-27T23:26:00.855+0100 [DEBUG] ProviderTransformer: "module.network.aws_nat_gateway.main (expand)" (*terraform.nodeExpandPlannableResource) needs provider["registry.terraform.io/hashicorp/aws"]
2026-09-27T23:26:00.855+0100 [DEBUG] ProviderTransformer: "module.network.aws_security_group_rule.vpc_endpoint_from_lambda (expand)" (*terraform.nodeExpandPlannableResource) needs provider["registry.terraform.io/hashicorp/aws"]
2026-09-27T23:26:00.856+0100 [DEBUG] ProviderTransformer: "module.sqs.aws_sqs_queue.lyfta (expand)" (*terraform.nodeExpandPlannableResource) needs provider["registry.terraform.io/hashicorp/aws"]
2026-09-27T23:26:00.856+0100 [DEBUG] ProviderTransformer: "module.rds.aws_db_instance.this (expand)" (*terraform.nodeExpandPlannableResource) needs provider["registry.terraform.io/hashicorp/aws"]
2026-09-27T23:26:00.856+0100 [DEBUG] ProviderTransformer: "module.secrets.aws_secretsmanager_secret_version.db_password (expand)" (*terraform.nodeExpandPlannableResource) needs provider["registry.terraform.io/hashicorp/aws"]
2026-09-27T23:26:00.856+0100 [DEBUG] ProviderTransformer: "module.network.aws_route.public_internet (expand)" (*terraform.nodeExpandPlannableResource) needs provider["registry.terraform.io/hashicorp/aws"]
2026-09-27T23:26:00.856+0100 [DEBUG] ProviderTransformer: "module.fatsecret_fargate.aws_ecs_task_definition.worker (expand)" (*terraform.nodeExpandPlannableResource) needs provider["registry.terraform.io/hashicorp/aws"]
2026-09-27T23:26:00.856+0100 [DEBUG] ProviderTransformer: "module.lambda.aws_lambda_function.dispatcher (expand)" (*terraform.nodeExpandPlannableResource) needs provider["registry.terraform.io/hashicorp/aws"]
2026-09-27T23:26:00.856+0100 [DEBUG] ProviderTransformer: "module.network.aws_route_table.public (expand)" (*terraform.nodeExpandPlannableResource) needs provider["registry.terraform.io/hashicorp/aws"]
2026-09-27T23:26:00.856+0100 [DEBUG] ProviderTransformer: "module.network.aws_route_table_association.private_b (expand)" (*terraform.nodeExpandPlannableResource) needs provider["registry.terraform.io/hashicorp/aws"]
2026-09-27T23:26:00.856+0100 [DEBUG] ProviderTransformer: "module.network.aws_route.private_internet (expand)" (*terraform.nodeExpandPlannableResource) needs provider["registry.terraform.io/hashicorp/aws"]
2026-09-27T23:26:00.856+0100 [DEBUG] ProviderTransformer: "module.iam.aws_iam_role.dispatcher (expand)" (*terraform.nodeExpandPlannableResource) needs provider["registry.terraform.io/hashicorp/aws"]
2026-09-27T23:26:00.856+0100 [DEBUG] ProviderTransformer: "module.network.aws_subnet.public-a (expand)" (*terraform.nodeExpandPlannableResource) needs provider["registry.terraform.io/hashicorp/aws"]
2026-09-27T23:26:00.856+0100 [DEBUG] ProviderTransformer: "module.iam.aws_iam_role_policy_attachment.attach_logs (expand)" (*terraform.nodeExpandPlannableResource) needs provider["registry.terraform.io/hashicorp/aws"]
2026-09-27T23:26:00.856+0100 [DEBUG] ProviderTransformer: "module.network.aws_security_group_rule.vpc_endpoint_from_ecs (expand)" (*terraform.nodeExpandPlannableResource) needs provider["registry.terraform.io/hashicorp/aws"]
2026-09-27T23:26:00.856+0100 [DEBUG] ProviderTransformer: "module.iam.aws_iam_role.ecs_task_role (expand)" (*terraform.nodeExpandPlannableResource) needs provider["registry.terraform.io/hashicorp/aws"]
2026-09-27T23:26:00.856+0100 [DEBUG] ProviderTransformer: "module.iam.aws_iam_role_policy_attachment.dispatcher_vpc (expand)" (*terraform.nodeExpandPlannableResource) needs provider["registry.terraform.io/hashicorp/aws"]
2026-09-27T23:26:00.856+0100 [DEBUG] ProviderTransformer: "module.iam.aws_iam_role_policy.dispatcher (expand)" (*terraform.nodeExpandPlannableResource) needs provider["registry.terraform.io/hashicorp/aws"]
2026-09-27T23:26:00.856+0100 [DEBUG] ProviderTransformer: "module.network.aws_security_group_rule.rds_from_lambda (expand)" (*terraform.nodeExpandPlannableResource) needs provider["registry.terraform.io/hashicorp/aws"]
2026-09-27T23:26:00.856+0100 [DEBUG] ProviderTransformer: "module.network.aws_security_group_rule.rds_from_ecs (expand)" (*terraform.nodeExpandPlannableResource) needs provider["registry.terraform.io/hashicorp/aws"]
2026-09-27T23:26:00.856+0100 [DEBUG] ProviderTransformer: "module.secrets.aws_secretsmanager_secret.db_password (expand)" (*terraform.nodeExpandPlannableResource) needs provider["registry.terraform.io/hashicorp/aws"]
2026-09-27T23:26:00.856+0100 [DEBUG] ProviderTransformer: "module.network.aws_vpc_endpoint.sqs (expand)" (*terraform.nodeExpandPlannableResource) needs provider["registry.terraform.io/hashicorp/aws"]
2026-09-27T23:26:00.856+0100 [DEBUG] ProviderTransformer: "module.network.aws_security_group_rule.rds_from_allowed_ips (expand)" (*terraform.nodeExpandPlannableResource) needs provider["registry.terraform.io/hashicorp/aws"]
2026-09-27T23:26:00.856+0100 [DEBUG] ProviderTransformer: "module.ecr.aws_ecr_lifecycle_policy.health_worker (expand)" (*terraform.nodeExpandPlannableResource) needs provider["registry.terraform.io/hashicorp/aws"]
2026-09-27T23:26:00.856+0100 [DEBUG] ProviderTransformer: "module.ecr.aws_ecr_repository.health_worker (expand)" (*terraform.nodeExpandPlannableResource) needs provider["registry.terraform.io/hashicorp/aws"]
2026-09-27T23:26:00.856+0100 [DEBUG] ProviderTransformer: "module.sqs.aws_sqs_queue.fatsecret (expand)" (*terraform.nodeExpandPlannableResource) needs provider["registry.terraform.io/hashicorp/aws"]
2026-09-27T23:26:00.856+0100 [DEBUG] ProviderTransformer: "module.sqs.aws_sqs_queue.google_health (expand)" (*terraform.nodeExpandPlannableResource) needs provider["registry.terraform.io/hashicorp/aws"]
2026-09-27T23:26:00.856+0100 [DEBUG] ProviderTransformer: "module.fatsecret_fargate.aws_appautoscaling_policy.worker_scale_out (expand)" (*terraform.nodeExpandPlannableResource) needs provider["registry.terraform.io/hashicorp/aws"]
2026-09-27T23:26:00.856+0100 [DEBUG] ProviderTransformer: "module.network.aws_security_group.lambda (expand)" (*terraform.nodeExpandPlannableResource) needs provider["registry.terraform.io/hashicorp/aws"]
2026-09-27T23:26:00.856+0100 [DEBUG] ProviderTransformer: "module.network.aws_route_table.private (expand)" (*terraform.nodeExpandPlannableResource) needs provider["registry.terraform.io/hashicorp/aws"]
2026-09-27T23:26:00.856+0100 [DEBUG] ProviderTransformer: "module.progress_photo_s3.aws_s3_bucket.progress_photos (expand)" (*terraform.nodeExpandPlannableResource) needs provider["registry.terraform.io/hashicorp/aws"]
2026-09-27T23:26:00.856+0100 [DEBUG] ProviderTransformer: "module.progress_photo_s3.aws_s3_bucket_versioning.progress_photos (expand)" (*terraform.nodeExpandPlannableResource) needs provider["registry.terraform.io/hashicorp/aws"]
2026-09-27T23:26:00.856+0100 [DEBUG] ProviderTransformer: "module.network.aws_subnet.private-b (expand)" (*terraform.nodeExpandPlannableResource) needs provider["registry.terraform.io/hashicorp/aws"]
2026-09-27T23:26:00.856+0100 [DEBUG] ProviderTransformer: "module.ecs_cluster.aws_ecs_cluster.main (expand)" (*terraform.nodeExpandPlannableResource) needs provider["registry.terraform.io/hashicorp/aws"]
2026-09-27T23:26:00.856+0100 [DEBUG] ProviderTransformer: "module.secrets.random_password.db_password (expand)" (*terraform.nodeExpandPlannableResource) needs provider["registry.terraform.io/hashicorp/random"]
2026-09-27T23:26:00.856+0100 [DEBUG] ProviderTransformer: "module.network.aws_eip.nat (expand)" (*terraform.nodeExpandPlannableResource) needs provider["registry.terraform.io/hashicorp/aws"]
2026-09-27T23:26:00.856+0100 [DEBUG] ProviderTransformer: "module.iam.aws_iam_policy.worker_policies (expand)" (*terraform.nodeExpandPlannableResource) needs provider["registry.terraform.io/hashicorp/aws"]
2026-09-27T23:26:00.856+0100 [DEBUG] ProviderTransformer: "module.sns.aws_sns_topic.alerts (expand)" (*terraform.nodeExpandPlannableResource) needs provider["registry.terraform.io/hashicorp/aws"]
2026-09-27T23:26:00.857+0100 [DEBUG] ProviderTransformer: "module.network.aws_route_table_association.private_a (expand)" (*terraform.nodeExpandPlannableResource) needs provider["registry.terraform.io/hashicorp/aws"]
2026-09-27T23:26:00.857+0100 [DEBUG] ProviderTransformer: "module.network.aws_internet_gateway.main (expand)" (*terraform.nodeExpandPlannableResource) needs provider["registry.terraform.io/hashicorp/aws"]
2026-09-27T23:26:00.857+0100 [DEBUG] ProviderTransformer: "module.network.aws_security_group.rds (expand)" (*terraform.nodeExpandPlannableResource) needs provider["registry.terraform.io/hashicorp/aws"]
2026-09-27T23:26:00.857+0100 [DEBUG] ProviderTransformer: "module.kms.aws_kms_key.credentials (expand)" (*terraform.nodeExpandPlannableResource) needs provider["registry.terraform.io/hashicorp/aws"]
2026-09-27T23:26:00.857+0100 [DEBUG] ProviderTransformer: "module.sns.aws_sns_topic_subscription.email (expand)" (*terraform.nodeExpandPlannableResource) needs provider["registry.terraform.io/hashicorp/aws"]
2026-09-27T23:26:00.857+0100 [DEBUG] ProviderTransformer: "module.network.aws_route_table_association.public (expand)" (*terraform.nodeExpandPlannableResource) needs provider["registry.terraform.io/hashicorp/aws"]
2026-09-27T23:26:00.857+0100 [DEBUG] ProviderTransformer: "module.network.aws_vpc.main (expand)" (*terraform.nodeExpandPlannableResource) needs provider["registry.terraform.io/hashicorp/aws"]
2026-09-27T23:26:00.857+0100 [DEBUG] ProviderTransformer: "module.iam.aws_iam_role_policy_attachment.ecs_execution_policy (expand)" (*terraform.nodeExpandPlannableResource) needs provider["registry.terraform.io/hashicorp/aws"]
2026-09-27T23:26:00.857+0100 [DEBUG] ProviderTransformer: "module.budgets.aws_budgets_budget.project_budget (expand)" (*terraform.nodeExpandPlannableResource) needs provider["registry.terraform.io/hashicorp/aws"]
2026-09-27T23:26:00.857+0100 [DEBUG] ProviderTransformer: "module.network.aws_security_group.ecs (expand)" (*terraform.nodeExpandPlannableResource) needs provider["registry.terraform.io/hashicorp/aws"]
2026-09-27T23:26:00.857+0100 [DEBUG] ProviderTransformer: "module.fatsecret_fargate.aws_appautoscaling_target.worker (expand)" (*terraform.nodeExpandPlannableResource) needs provider["registry.terraform.io/hashicorp/aws"]
2026-09-27T23:26:00.857+0100 [DEBUG] ProviderTransformer: "module.kms.aws_kms_alias.credentials (expand)" (*terraform.nodeExpandPlannableResource) needs provider["registry.terraform.io/hashicorp/aws"]
2026-09-27T23:26:00.860+0100 [DEBUG] ReferenceTransformer: "var.redis_url" references: []
2026-09-27T23:26:00.860+0100 [DEBUG] ReferenceTransformer: "module.fatsecret_fargate.var.cpu (expand)" references: []
2026-09-27T23:26:00.860+0100 [DEBUG] ReferenceTransformer: "module.kms.var.key_alias (expand)" references: []
2026-09-27T23:26:00.860+0100 [DEBUG] ReferenceTransformer: "module.kms.output.key_arn (expand)" references: [module.kms.aws_kms_key.credentials (expand)]
2026-09-27T23:26:00.860+0100 [DEBUG] ReferenceTransformer: "module.budgets (expand)" references: []
2026-09-27T23:26:00.860+0100 [DEBUG] ReferenceTransformer: "module.network.aws_security_group_rule.rds_from_allowed_ips (expand)" references: [module.network.aws_security_group.rds (expand) module.network.var.allowed_cidr_blocks (expand)]
2026-09-27T23:26:00.860+0100 [DEBUG] ReferenceTransformer: "module.lambda.var.tags (expand)" references: [local.common_tags (expand)]
2026-09-27T23:26:00.860+0100 [DEBUG] ReferenceTransformer: "module.sqs.output.google_health_queue_arn (expand)" references: [module.sqs.aws_sqs_queue.google_health (expand)]
2026-09-27T23:26:00.860+0100 [DEBUG] ReferenceTransformer: "var.database_host" references: []
2026-09-27T23:26:00.860+0100 [DEBUG] ReferenceTransformer: "module.network.var.vpc_cidr (expand)" references: []
2026-09-27T23:26:00.860+0100 [DEBUG] ReferenceTransformer: "module.secrets.output.db_password (expand)" references: [module.secrets.random_password.db_password (expand)]
2026-09-27T23:26:00.861+0100 [DEBUG] ReferenceTransformer: "module.ecs_cluster.aws_ecs_cluster.main (expand)" references: [module.ecs_cluster.var.tags (expand) module.ecs_cluster.var.project_name (expand)]
2026-09-27T23:26:00.861+0100 [DEBUG] ReferenceTransformer: "module.sqs.aws_sqs_queue.lyfta (expand)" references: [module.sqs.var.lyfta_queue_name (expand) module.sqs.var.tags (expand)]
2026-09-27T23:26:00.861+0100 [DEBUG] ReferenceTransformer: "module.rds.aws_db_instance.this (expand)" references: [module.rds.var.db_name (expand) module.rds.var.db_identifier (expand) module.rds.var.tags (expand) module.rds.var.db_password (expand) module.rds.var.instance_class (expand) module.rds.var.db_username (expand) module.rds.var.allocated_storage (expand) module.rds.var.security_group_ids (expand) module.rds.var.engine_version (expand) module.rds.var.subnet_group_name (expand)]
2026-09-27T23:26:00.861+0100 [DEBUG] ReferenceTransformer: "var.project_name" references: []
2026-09-27T23:26:00.861+0100 [DEBUG] ReferenceTransformer: "module.fatsecret_fargate.var.project_name (expand)" references: [var.project_name]
2026-09-27T23:26:00.861+0100 [DEBUG] ReferenceTransformer: "module.rds.var.subnet_group_name (expand)" references: [module.network.output.subnet_group_name (expand)]
2026-09-27T23:26:00.861+0100 [DEBUG] ReferenceTransformer: "module.fatsecret_cloudwatch_metric_autoscaling.output.queue_depth_metric_arn (expand)" references: [module.fatsecret_cloudwatch_metric_autoscaling.aws_cloudwatch_metric_alarm.worker_queue_depth (expand)]
2026-09-27T23:26:00.861+0100 [DEBUG] ReferenceTransformer: "module.kms (close)" references: []
2026-09-27T23:26:00.861+0100 [DEBUG] ReferenceTransformer: "module.lambda.var.database_password (expand)" references: [var.database_password]
2026-09-27T23:26:00.861+0100 [DEBUG] ReferenceTransformer: "module.sns.var.project_name (expand)" references: [var.project_name]
2026-09-27T23:26:00.861+0100 [DEBUG] ReferenceTransformer: "module.lambda.var.subnet_ids (expand)" references: [module.network.output.private_subnet_ids (expand)]
2026-09-27T23:26:00.861+0100 [DEBUG] ReferenceTransformer: "module.secrets.var.tags (expand)" references: [local.common_tags (expand)]
2026-09-27T23:26:00.861+0100 [DEBUG] ReferenceTransformer: "module.progress_photo_s3.output.bucket_name (expand)" references: [module.progress_photo_s3.aws_s3_bucket.progress_photos (expand)]
2026-09-27T23:26:00.861+0100 [DEBUG] ReferenceTransformer: "module.iam (close)" references: []
2026-09-27T23:26:00.861+0100 [DEBUG] ReferenceTransformer: "module.ecr.aws_ecr_lifecycle_policy.health_worker (expand)" references: [module.ecr.aws_ecr_repository.health_worker (expand)]
2026-09-27T23:26:00.861+0100 [DEBUG] ReferenceTransformer: "module.iam.aws_iam_role_policy_attachment.dispatcher_vpc (expand)" references: [module.iam.aws_iam_role.dispatcher (expand)]
2026-09-27T23:26:00.861+0100 [DEBUG] ReferenceTransformer: "module.lambda.var.db_user (expand)" references: [var.db_user]
2026-09-27T23:26:00.861+0100 [DEBUG] ReferenceTransformer: "module.iam (expand)" references: []
2026-09-27T23:26:00.861+0100 [DEBUG] ReferenceTransformer: "module.sns.aws_sns_topic.alerts (expand)" references: [module.sns.var.project_name (expand) module.sns.var.tags (expand)]
2026-09-27T23:26:00.861+0100 [DEBUG] ReferenceTransformer: "module.network.aws_route_table_association.public (expand)" references: [module.network.aws_route_table.public (expand) module.network.aws_subnet.public-a (expand)]
2026-09-27T23:26:00.861+0100 [DEBUG] ReferenceTransformer: "module.lambda.var.active_user_window_days (expand)" references: [var.active_user_window_days]
2026-09-27T23:26:00.861+0100 [DEBUG] ReferenceTransformer: "module.lambda.var.database_host (expand)" references: [var.database_host]
2026-09-27T23:26:00.861+0100 [DEBUG] ReferenceTransformer: "module.sqs.var.google_health_queue_name (expand)" references: []
2026-09-27T23:26:00.861+0100 [DEBUG] ReferenceTransformer: "module.lambda.output.dispatcher_lambda_name (expand)" references: [module.lambda.aws_lambda_function.dispatcher (expand)]
2026-09-27T23:26:00.861+0100 [DEBUG] ReferenceTransformer: "module.lambda (expand)" references: []
2026-09-27T23:26:00.861+0100 [DEBUG] ReferenceTransformer: "module.network.aws_vpc.main (expand)" references: [module.network.var.tags (expand) module.network.var.project_name (expand) module.network.var.vpc_cidr (expand)]
2026-09-27T23:26:00.861+0100 [DEBUG] ReferenceTransformer: "module.iam.aws_iam_role_policy_attachment.ecs_execution_policy (expand)" references: [module.iam.aws_iam_role.ecs_execution_role (expand)]
2026-09-27T23:26:00.861+0100 [DEBUG] ReferenceTransformer: "module.kms.aws_kms_key.credentials (expand)" references: [module.kms.var.tags (expand)]
2026-09-27T23:26:00.861+0100 [DEBUG] ReferenceTransformer: "module.iam.aws_iam_role_policy.dispatcher (expand)" references: [module.iam.var.project_name (expand) module.iam.var.queue_arns (expand) module.iam.aws_iam_role.dispatcher (expand)]
2026-09-27T23:26:00.861+0100 [DEBUG] ReferenceTransformer: "module.ecs_cluster.var.tags (expand)" references: [local.common_tags (expand)]
2026-09-27T23:26:00.861+0100 [DEBUG] ReferenceTransformer: "module.rds.var.db_name (expand)" references: []
2026-09-27T23:26:00.861+0100 [DEBUG] ReferenceTransformer: "module.sqs (expand)" references: []
2026-09-27T23:26:00.861+0100 [DEBUG] ReferenceTransformer: "module.lambda.var.lyfta_queue_url (expand)" references: [module.sqs.output.lyfta_queue_url (expand)]
2026-09-27T23:26:00.861+0100 [DEBUG] ReferenceTransformer: "module.secrets.aws_secretsmanager_secret_version.db_password (expand)" references: [module.secrets.aws_secretsmanager_secret.db_password (expand) module.secrets.random_password.db_password (expand)]
2026-09-27T23:26:00.861+0100 [DEBUG] ReferenceTransformer: "module.network.aws_route.public_internet (expand)" references: [module.network.aws_route_table.public (expand) module.network.aws_internet_gateway.main (expand)]
2026-09-27T23:26:00.861+0100 [DEBUG] ReferenceTransformer: "module.rds.var.db_username (expand)" references: []
2026-09-27T23:26:00.861+0100 [DEBUG] ReferenceTransformer: "module.network.var.allowed_cidr_blocks (expand)" references: []
2026-09-27T23:26:00.861+0100 [DEBUG] ReferenceTransformer: "module.network.output.lambda_security_group_id (expand)" references: [module.network.aws_security_group.lambda (expand)]
2026-09-27T23:26:00.861+0100 [DEBUG] ReferenceTransformer: "module.fatsecret_fargate (close)" references: []
2026-09-27T23:26:00.861+0100 [DEBUG] ReferenceTransformer: "module.fatsecret_fargate.aws_ecs_task_definition.worker (expand)" references: [module.fatsecret_fargate.var.ecs_execution_role_arn (expand) module.fatsecret_fargate.var.project_name (expand) module.fatsecret_fargate.var.worker_provider (expand) module.fatsecret_fargate.var.memory (expand) module.fatsecret_fargate.var.cpu (expand) module.fatsecret_fargate.var.tags (expand) module.fatsecret_fargate.var.ecr_image (expand) module.fatsecret_fargate.var.worker_provider (expand) module.fatsecret_fargate.var.queue_url (expand) module.fatsecret_fargate.var.redis_url (expand) module.fatsecret_fargate.var.region (expand) module.fatsecret_fargate.var.database_host (expand) module.fatsecret_fargate.var.database_password (expand) module.fatsecret_fargate.var.db_user (expand) module.fatsecret_fargate.var.cert_path (expand) module.fatsecret_fargate.var.log_group_name (expand) module.fatsecret_fargate.var.region (expand) module.fatsecret_fargate.var.ecs_task_role_arn (expand)]
2026-09-27T23:26:00.861+0100 [DEBUG] ReferenceTransformer: "module.network.aws_eip.nat (expand)" references: [module.network.var.tags (expand) module.network.var.project_name (expand)]
2026-09-27T23:26:00.862+0100 [DEBUG] ReferenceTransformer: "module.fatsecret_fargate.var.min_capacity (expand)" references: []
2026-09-27T23:26:00.862+0100 [DEBUG] ReferenceTransformer: "module.fatsecret_log_group.output.log_group_arn (expand)" references: [module.fatsecret_log_group.aws_cloudwatch_log_group.worker (expand)]
2026-09-27T23:26:00.862+0100 [DEBUG] ReferenceTransformer: "module.fatsecret_fargate.var.max_capacity (expand)" references: []
2026-09-27T23:26:00.862+0100 [DEBUG] ReferenceTransformer: "var.progress_photo_bucket_name" references: []
2026-09-27T23:26:00.862+0100 [DEBUG] ReferenceTransformer: "module.progress_photo_s3.var.progress_photo_bucket_name (expand)" references: [var.progress_photo_bucket_name]
2026-09-27T23:26:00.862+0100 [DEBUG] ReferenceTransformer: "module.fatsecret_fargate.var.database_password (expand)" references: [var.database_password]
2026-09-27T23:26:00.862+0100 [DEBUG] ReferenceTransformer: "module.lambda.output.dispatcher_lambda_arn (expand)" references: [module.lambda.aws_lambda_function.dispatcher (expand)]
2026-09-27T23:26:00.862+0100 [DEBUG] ReferenceTransformer: "module.sqs.var.tags (expand)" references: [local.common_tags (expand)]
2026-09-27T23:26:00.862+0100 [DEBUG] ReferenceTransformer: "module.fatsecret_fargate.output.autoscaling_policy_arn (expand)" references: [module.fatsecret_fargate.aws_appautoscaling_policy.worker_scale_out (expand)]
2026-09-27T23:26:00.862+0100 [DEBUG] ReferenceTransformer: "module.sqs.output.fatsecret_queue_arn (expand)" references: [module.sqs.aws_sqs_queue.fatsecret (expand)]
2026-09-27T23:26:00.862+0100 [DEBUG] ReferenceTransformer: "module.secrets (expand)" references: []
2026-09-27T23:26:00.862+0100 [DEBUG] ReferenceTransformer: "module.fatsecret_log_group.aws_cloudwatch_log_group.worker (expand)" references: [module.fatsecret_log_group.var.tags (expand) module.fatsecret_log_group.var.retention_in_days (expand) module.fatsecret_log_group.var.project_name (expand) module.fatsecret_log_group.var.queue_name (expand)]
2026-09-27T23:26:00.862+0100 [DEBUG] ReferenceTransformer: "module.network.aws_security_group_rule.rds_from_ecs (expand)" references: [module.network.aws_security_group.ecs (expand) module.network.aws_security_group.rds (expand)]
2026-09-27T23:26:00.862+0100 [DEBUG] ReferenceTransformer: "module.fatsecret_log_group.var.tags (expand)" references: [local.common_tags (expand)]
2026-09-27T23:26:00.862+0100 [DEBUG] ReferenceTransformer: "module.fatsecret_cloudwatch_metric_autoscaling (expand)" references: []
2026-09-27T23:26:00.862+0100 [DEBUG] ReferenceTransformer: "module.network.aws_security_group_rule.vpc_endpoint_from_lambda (expand)" references: [module.network.aws_security_group.vpc_endpoint (expand) module.network.aws_security_group.lambda (expand)]
2026-09-27T23:26:00.862+0100 [DEBUG] ReferenceTransformer: "module.sqs.output.fatsecret_queue_url (expand)" references: [module.sqs.aws_sqs_queue.fatsecret (expand)]
2026-09-27T23:26:00.862+0100 [DEBUG] ReferenceTransformer: "module.fatsecret_cloudwatch_metric_autoscaling.aws_cloudwatch_metric_alarm.worker_queue_depth (expand)" references: [module.fatsecret_cloudwatch_metric_autoscaling.var.queue_name (expand) module.fatsecret_cloudwatch_metric_autoscaling.var.project_name (expand) module.fatsecret_cloudwatch_metric_autoscaling.var.queue_name (expand) module.fatsecret_cloudwatch_metric_autoscaling.var.autoscaling_policy_arn (expand) module.fatsecret_cloudwatch_metric_autoscaling.var.queue_depth_threshold (expand)]
2026-09-27T23:26:00.862+0100 [DEBUG] ReferenceTransformer: "var.region" references: []
2026-09-27T23:26:00.862+0100 [DEBUG] ReferenceTransformer: "module.lambda.var.project_name (expand)" references: [var.project_name]
2026-09-27T23:26:00.862+0100 [DEBUG] ReferenceTransformer: "module.network.aws_route_table.public (expand)" references: [module.network.var.tags (expand) module.network.var.project_name (expand) module.network.aws_vpc.main (expand)]
2026-09-27T23:26:00.862+0100 [DEBUG] ReferenceTransformer: "module.fatsecret_fargate.var.subnet_ids (expand)" references: [module.network.output.private_subnet_ids (expand)]
2026-09-27T23:26:00.862+0100 [DEBUG] ReferenceTransformer: "module.lambda.var.google_health_queue_url (expand)" references: [module.sqs.output.google_health_queue_url (expand)]
2026-09-27T23:26:00.862+0100 [DEBUG] ReferenceTransformer: "module.network.aws_security_group.ecs (expand)" references: [module.network.aws_vpc.main (expand) module.network.var.tags (expand)]
2026-09-27T23:26:00.862+0100 [DEBUG] ReferenceTransformer: "module.network.aws_route_table.private (expand)" references: [module.network.var.tags (expand) module.network.var.project_name (expand) module.network.aws_vpc.main (expand)]
2026-09-27T23:26:00.862+0100 [DEBUG] ReferenceTransformer: "module.fatsecret_fargate.var.worker_provider (expand)" references: []
2026-09-27T23:26:00.862+0100 [DEBUG] ReferenceTransformer: "module.sqs.output.lyfta_queue_url (expand)" references: [module.sqs.aws_sqs_queue.lyfta (expand)]
2026-09-27T23:26:00.862+0100 [DEBUG] ReferenceTransformer: "module.rds.output.endpoint (expand)" references: [module.rds.aws_db_instance.this (expand)]
2026-09-27T23:26:00.862+0100 [DEBUG] ReferenceTransformer: "module.sns.output.topic_arn (expand)" references: [module.sns.aws_sns_topic.alerts (expand)]
2026-09-27T23:26:00.862+0100 [DEBUG] ReferenceTransformer: "module.fatsecret_log_group.var.project_name (expand)" references: [var.project_name]
2026-09-27T23:26:00.862+0100 [DEBUG] ReferenceTransformer: "module.sqs.var.lyfta_queue_name (expand)" references: []
2026-09-27T23:26:00.862+0100 [DEBUG] ReferenceTransformer: "module.network.var.tags (expand)" references: [local.common_tags (expand)]
2026-09-27T23:26:00.862+0100 [DEBUG] ReferenceTransformer: "module.ecs_cluster.output.cluster_id (expand)" references: [module.ecs_cluster.aws_ecs_cluster.main (expand)]
2026-09-27T23:26:00.862+0100 [DEBUG] ReferenceTransformer: "output.repository_url (expand)" references: []
2026-09-27T23:26:00.862+0100 [DEBUG] ReferenceTransformer: "module.network (expand)" references: []
2026-09-27T23:26:00.862+0100 [DEBUG] ReferenceTransformer: "module.secrets.output.secret_arn (expand)" references: [module.secrets.aws_secretsmanager_secret.db_password (expand)]
2026-09-27T23:26:00.862+0100 [DEBUG] ReferenceTransformer: "module.network (close)" references: []
2026-09-27T23:26:00.862+0100 [DEBUG] ReferenceTransformer: "module.budgets (close)" references: []
2026-09-27T23:26:00.862+0100 [DEBUG] ReferenceTransformer: "module.progress_photo_s3.aws_s3_bucket.progress_photos (expand)" references: [module.progress_photo_s3.var.progress_photo_bucket_name (expand) module.progress_photo_s3.var.tags (expand)]
2026-09-27T23:26:00.862+0100 [DEBUG] ReferenceTransformer: "var.lambda_zip_path" references: []
2026-09-27T23:26:00.862+0100 [DEBUG] ReferenceTransformer: "module.fatsecret_fargate (expand)" references: []
2026-09-27T23:26:00.862+0100 [DEBUG] ReferenceTransformer: "module.network.aws_route_table_association.private_b (expand)" references: [module.network.aws_route_table.private (expand) module.network.aws_subnet.private-b (expand)]
2026-09-27T23:26:00.862+0100 [DEBUG] ReferenceTransformer: "module.fatsecret_cloudwatch_metric_autoscaling.var.project_name (expand)" references: [var.project_name]
2026-09-27T23:26:00.862+0100 [DEBUG] ReferenceTransformer: "module.lambda.var.lambda_security_group_id (expand)" references: [module.network.output.lambda_security_group_id (expand)]
2026-09-27T23:26:00.862+0100 [DEBUG] ReferenceTransformer: "module.budgets.var.project_name (expand)" references: [var.project_name]
2026-09-27T23:26:00.862+0100 [DEBUG] ReferenceTransformer: "module.sqs (close)" references: []
2026-09-27T23:26:00.862+0100 [DEBUG] ReferenceTransformer: "module.network.aws_route.private_internet (expand)" references: [module.network.aws_route_table.private (expand) module.network.aws_nat_gateway.main (expand)]
2026-09-27T23:26:00.862+0100 [DEBUG] ReferenceTransformer: "module.iam.output.ecs_execution_role_arn (expand)" references: [module.iam.aws_iam_role.ecs_execution_role (expand)]
2026-09-27T23:26:00.862+0100 [DEBUG] ReferenceTransformer: "module.progress_photo_s3 (close)" references: []
2026-09-27T23:26:00.862+0100 [DEBUG] ReferenceTransformer: "module.progress_photo_s3.aws_s3_bucket_versioning.progress_photos (expand)" references: [module.progress_photo_s3.aws_s3_bucket.progress_photos (expand)]
2026-09-27T23:26:00.862+0100 [DEBUG] ReferenceTransformer: "var.database_password" references: []
2026-09-27T23:26:00.862+0100 [DEBUG] ReferenceTransformer: "module.network.var.public_subnet_cidrs (expand)" references: []
2026-09-27T23:26:00.863+0100 [DEBUG] ReferenceTransformer: "module.rds (expand)" references: []
2026-09-27T23:26:00.863+0100 [DEBUG] ReferenceTransformer: "module.rds (close)" references: []
2026-09-27T23:26:00.863+0100 [DEBUG] ReferenceTransformer: "module.rds.output.db_name (expand)" references: [module.rds.aws_db_instance.this (expand)]
2026-09-27T23:26:00.863+0100 [DEBUG] ReferenceTransformer: "module.kms.output.key_id (expand)" references: [module.kms.aws_kms_key.credentials (expand)]
2026-09-27T23:26:00.863+0100 [DEBUG] ReferenceTransformer: "module.progress_photo_s3 (expand)" references: []
2026-09-27T23:26:00.863+0100 [DEBUG] ReferenceTransformer: "module.network.output.security_group_ids (expand)" references: [module.network.aws_security_group.rds (expand)]
2026-09-27T23:26:00.863+0100 [DEBUG] ReferenceTransformer: "module.network.aws_route_table_association.private_a (expand)" references: [module.network.aws_route_table.private (expand) module.network.aws_subnet.private-a (expand)]
2026-09-27T23:26:00.863+0100 [DEBUG] ReferenceTransformer: "module.progress_photo_s3.var.tags (expand)" references: [local.common_tags (expand)]
2026-09-27T23:26:00.863+0100 [DEBUG] ReferenceTransformer: "module.fatsecret_fargate.var.redis_url (expand)" references: [var.redis_url]
2026-09-27T23:26:00.863+0100 [DEBUG] ReferenceTransformer: "module.fatsecret_fargate.var.cluster_id (expand)" references: [module.ecs_cluster.output.cluster_id (expand)]
2026-09-27T23:26:00.863+0100 [DEBUG] ReferenceTransformer: "module.fatsecret_fargate.var.memory (expand)" references: []
2026-09-27T23:26:00.863+0100 [DEBUG] ReferenceTransformer: "module.fatsecret_fargate.var.scale_out_step_2 (expand)" references: []
2026-09-27T23:26:00.863+0100 [DEBUG] ReferenceTransformer: "module.fatsecret_fargate.var.cert_path (expand)" references: []
2026-09-27T23:26:00.863+0100 [DEBUG] ReferenceTransformer: "module.rds.var.db_identifier (expand)" references: []
2026-09-27T23:26:00.863+0100 [DEBUG] ReferenceTransformer: "module.ecr.aws_ecr_repository.health_worker (expand)" references: [module.ecr.var.tags (expand) module.ecr.var.project_name (expand)]
2026-09-27T23:26:00.863+0100 [DEBUG] ReferenceTransformer: "module.ecr.output.repository_arn (expand)" references: [module.ecr.aws_ecr_repository.health_worker (expand)]
2026-09-27T23:26:00.863+0100 [DEBUG] ReferenceTransformer: "module.ecr.output.repository_url (expand)" references: [module.ecr.aws_ecr_repository.health_worker (expand)]
2026-09-27T23:26:00.863+0100 [DEBUG] ReferenceTransformer: "module.ecr.output.repository_name (expand)" references: [module.ecr.aws_ecr_repository.health_worker (expand)]
2026-09-27T23:26:00.863+0100 [DEBUG] ReferenceTransformer: "module.network.aws_security_group.rds (expand)" references: [module.network.var.tags (expand) module.network.aws_vpc.main (expand)]
2026-09-27T23:26:00.863+0100 [DEBUG] ReferenceTransformer: "module.network.aws_security_group_rule.rds_from_lambda (expand)" references: [module.network.aws_security_group.rds (expand) module.network.aws_security_group.lambda (expand)]
2026-09-27T23:26:00.863+0100 [DEBUG] ReferenceTransformer: "module.ecs_cluster.var.project_name (expand)" references: [var.project_name]
2026-09-27T23:26:00.863+0100 [DEBUG] ReferenceTransformer: "module.network.var.private_subnet_cidrs (expand)" references: []
2026-09-27T23:26:00.863+0100 [DEBUG] ReferenceTransformer: "module.sns (expand)" references: []
2026-09-27T23:26:00.863+0100 [DEBUG] ReferenceTransformer: "module.budgets.aws_budgets_budget.project_budget (expand)" references: [module.budgets.var.monthly_budget (expand) module.budgets.var.project_name (expand) module.budgets.var.project_name (expand) module.budgets.var.sns_topic_arn (expand) module.budgets.var.sns_topic_arn (expand) module.budgets.var.sns_topic_arn (expand)]
2026-09-27T23:26:00.863+0100 [DEBUG] ReferenceTransformer: "module.fatsecret_fargate.var.cluster_name (expand)" references: [module.ecs_cluster.output.cluster_name (expand)]
2026-09-27T23:26:00.863+0100 [DEBUG] ReferenceTransformer: "module.network.output.private_subnet_ids (expand)" references: [module.network.aws_subnet.private-a (expand) module.network.aws_subnet.private-b (expand)]
2026-09-27T23:26:00.863+0100 [DEBUG] ReferenceTransformer: "module.fatsecret_cloudwatch_metric_autoscaling.var.queue_name (expand)" references: []
2026-09-27T23:26:00.863+0100 [DEBUG] ReferenceTransformer: "module.lambda.var.fatsecret_queue_url (expand)" references: [module.sqs.output.fatsecret_queue_url (expand)]
2026-09-27T23:26:00.863+0100 [DEBUG] ReferenceTransformer: "module.iam.output.dispatcher_role_name (expand)" references: [module.iam.aws_iam_role.dispatcher (expand)]
2026-09-27T23:26:00.863+0100 [DEBUG] ReferenceTransformer: "module.sqs.output.lyfta_queue_arn (expand)" references: [module.sqs.aws_sqs_queue.lyfta (expand)]
2026-09-27T23:26:00.863+0100 [DEBUG] ReferenceTransformer: "module.lambda (close)" references: []
2026-09-27T23:26:00.863+0100 [DEBUG] ReferenceTransformer: "module.fatsecret_fargate.var.queue_url (expand)" references: [module.sqs.output.fatsecret_queue_url (expand)]
2026-09-27T23:26:00.863+0100 [DEBUG] ReferenceTransformer: "module.lambda.var.lambda_zip_path (expand)" references: [var.lambda_zip_path]
2026-09-27T23:26:00.863+0100 [DEBUG] ReferenceTransformer: "module.ecr (expand)" references: []
2026-09-27T23:26:00.863+0100 [DEBUG] ReferenceTransformer: "module.lambda.var.cert_path (expand)" references: [var.cert_path]
2026-09-27T23:26:00.863+0100 [DEBUG] ReferenceTransformer: "module.fatsecret_log_group.output.log_group_name (expand)" references: [module.fatsecret_log_group.aws_cloudwatch_log_group.worker (expand)]
2026-09-27T23:26:00.863+0100 [DEBUG] ReferenceTransformer: "module.sns (close)" references: []
2026-09-27T23:26:00.863+0100 [DEBUG] ReferenceTransformer: "module.lambda.aws_lambda_function.dispatcher (expand)" references: [module.lambda.var.dispatcher_role_arn (expand) module.lambda.var.lambda_zip_path (expand) module.lambda.var.lambda_zip_path (expand) module.lambda.var.project_name (expand) module.lambda.var.tags (expand) module.lambda.var.lambda_security_group_id (expand) module.lambda.var.subnet_ids (expand) module.lambda.var.active_user_window_days (expand) module.lambda.var.google_health_queue_url (expand) module.lambda.var.fatsecret_queue_url (expand) module.lambda.var.lyfta_queue_url (expand) module.lambda.var.database_host (expand) module.lambda.var.db_user (expand) module.lambda.var.database_password (expand) module.lambda.var.cert_path (expand)]
2026-09-27T23:26:00.863+0100 [DEBUG] ReferenceTransformer: "module.iam.aws_iam_role.ecs_execution_role (expand)" references: [module.iam.var.tags (expand) module.iam.var.project_name (expand)]
2026-09-27T23:26:00.863+0100 [DEBUG] ReferenceTransformer: "module.network.aws_security_group.lambda (expand)" references: [module.network.var.tags (expand) module.network.aws_vpc.main (expand)]
2026-09-27T23:26:00.863+0100 [DEBUG] ReferenceTransformer: "module.fatsecret_fargate.var.ecs_execution_role_arn (expand)" references: [module.iam.output.ecs_execution_role_arn (expand)]
2026-09-27T23:26:00.863+0100 [DEBUG] ReferenceTransformer: "var.bucket_name" references: []
2026-09-27T23:26:00.863+0100 [DEBUG] ReferenceTransformer: "module.fatsecret_fargate.aws_ecs_service.worker (expand)" references: [module.fatsecret_fargate.var.cluster_id (expand) module.fatsecret_fargate.var.tags (expand) module.fatsecret_fargate.var.project_name (expand) module.fatsecret_fargate.var.worker_provider (expand) module.fatsecret_fargate.aws_ecs_task_definition.worker (expand) module.fatsecret_fargate.var.subnet_ids (expand) module.fatsecret_fargate.var.security_group_ids (expand)]
2026-09-27T23:26:00.863+0100 [DEBUG] ReferenceTransformer: "module.network.aws_subnet.private-a (expand)" references: [module.network.var.tags (expand) module.network.var.project_name (expand) module.network.var.private_subnet_cidrs (expand) module.network.var.availability_zones (expand) module.network.aws_vpc.main (expand)]
2026-09-27T23:26:00.863+0100 [DEBUG] ReferenceTransformer: "var.cert_path" references: []
2026-09-27T23:26:00.863+0100 [DEBUG] ReferenceTransformer: "module.fatsecret_fargate.var.region (expand)" references: [var.region]
2026-09-27T23:26:00.863+0100 [DEBUG] ReferenceTransformer: "module.budgets.var.sns_topic_arn (expand)" references: [module.sns.output.topic_arn (expand)]
2026-09-27T23:26:00.864+0100 [DEBUG] ReferenceTransformer: "module.iam.output.dispatcher_role_arn (expand)" references: [module.iam.aws_iam_role.dispatcher (expand)]
2026-09-27T23:26:00.864+0100 [DEBUG] ReferenceTransformer: "module.sns.aws_sns_topic_subscription.email (expand)" references: [module.sns.var.alert_email (expand) module.sns.aws_sns_topic.alerts (expand)]
2026-09-27T23:26:00.864+0100 [DEBUG] ReferenceTransformer: "module.sqs.output.google_health_queue_url (expand)" references: [module.sqs.aws_sqs_queue.google_health (expand)]
2026-09-27T23:26:00.864+0100 [DEBUG] ReferenceTransformer: "module.ecs_cluster.output.cluster_name (expand)" references: [module.ecs_cluster.aws_ecs_cluster.main (expand)]
2026-09-27T23:26:00.864+0100 [DEBUG] ReferenceTransformer: "module.secrets.random_password.db_password (expand)" references: []
2026-09-27T23:26:00.864+0100 [DEBUG] ReferenceTransformer: "module.fatsecret_fargate.var.tags (expand)" references: [local.common_tags (expand)]
2026-09-27T23:26:00.864+0100 [DEBUG] ReferenceTransformer: "module.iam.var.tags (expand)" references: [local.common_tags (expand)]
2026-09-27T23:26:00.864+0100 [DEBUG] ReferenceTransformer: "module.network.output.subnet_group_name (expand)" references: [module.network.aws_db_subnet_group.this (expand)]
2026-09-27T23:26:00.864+0100 [DEBUG] ReferenceTransformer: "module.network.aws_nat_gateway.main (expand)" references: [module.network.aws_internet_gateway.main (expand) module.network.var.tags (expand) module.network.var.project_name (expand) module.network.aws_eip.nat (expand) module.network.aws_subnet.public-a (expand)]
2026-09-27T23:26:00.864+0100 [DEBUG] ReferenceTransformer: "module.ecr.var.tags (expand)" references: [local.common_tags (expand)]
2026-09-27T23:26:00.864+0100 [DEBUG] ReferenceTransformer: "local.common_tags (expand)" references: []
2026-09-27T23:26:00.864+0100 [DEBUG] ReferenceTransformer: "module.network.var.region (expand)" references: [var.region]
2026-09-27T23:26:00.864+0100 [DEBUG] ReferenceTransformer: "module.rds.output.db_username (expand)" references: [module.rds.aws_db_instance.this (expand)]
2026-09-27T23:26:00.864+0100 [DEBUG] ReferenceTransformer: "module.kms (expand)" references: []
2026-09-27T23:26:00.864+0100 [DEBUG] ReferenceTransformer: "module.secrets.aws_secretsmanager_secret.db_password (expand)" references: [module.secrets.var.tags (expand)]
2026-09-27T23:26:00.864+0100 [DEBUG] ReferenceTransformer: "module.network.aws_security_group_rule.vpc_endpoint_from_ecs (expand)" references: [module.network.aws_security_group.vpc_endpoint (expand) module.network.aws_security_group.ecs (expand)]
2026-09-27T23:26:00.864+0100 [DEBUG] ReferenceTransformer: "module.network.aws_security_group.vpc_endpoint (expand)" references: [module.network.aws_vpc.main (expand) module.network.var.tags (expand)]
2026-09-27T23:26:00.864+0100 [DEBUG] ReferenceTransformer: "module.fatsecret_fargate.var.ecr_image (expand)" references: [module.ecr.output.repository_url (expand)]
2026-09-27T23:26:00.864+0100 [DEBUG] ReferenceTransformer: "module.rds.var.instance_class (expand)" references: []
2026-09-27T23:26:00.864+0100 [DEBUG] ReferenceTransformer: "module.fatsecret_fargate.var.scale_out_step_1 (expand)" references: []
2026-09-27T23:26:00.864+0100 [DEBUG] ReferenceTransformer: "provider[\"registry.terraform.io/hashicorp/random\"]" references: []
2026-09-27T23:26:00.864+0100 [DEBUG] ReferenceTransformer: "module.fatsecret_log_group.var.queue_name (expand)" references: []
2026-09-27T23:26:00.864+0100 [DEBUG] ReferenceTransformer: "module.fatsecret_fargate.var.log_group_name (expand)" references: [module.fatsecret_log_group.output.log_group_name (expand)]
2026-09-27T23:26:00.864+0100 [DEBUG] ReferenceTransformer: "module.rds.var.db_password (expand)" references: [module.secrets.output.db_password (expand)]
2026-09-27T23:26:00.864+0100 [DEBUG] ReferenceTransformer: "module.secrets (close)" references: []
2026-09-27T23:26:00.864+0100 [DEBUG] ReferenceTransformer: "module.sns.var.tags (expand)" references: [local.common_tags (expand)]
2026-09-27T23:26:00.864+0100 [DEBUG] ReferenceTransformer: "module.ecr.var.project_name (expand)" references: [var.project_name]
2026-09-27T23:26:00.864+0100 [DEBUG] ReferenceTransformer: "module.iam.aws_iam_role.dispatcher (expand)" references: [module.iam.var.project_name (expand) module.iam.var.tags (expand)]
2026-09-27T23:26:00.864+0100 [DEBUG] ReferenceTransformer: "module.sqs.aws_sqs_queue.google_health (expand)" references: [module.sqs.var.google_health_queue_name (expand) module.sqs.var.tags (expand)]
2026-09-27T23:26:00.864+0100 [DEBUG] ReferenceTransformer: "module.fatsecret_log_group.var.retention_in_days (expand)" references: []
2026-09-27T23:26:00.864+0100 [DEBUG] ReferenceTransformer: "module.ecs_cluster (expand)" references: []
2026-09-27T23:26:00.864+0100 [DEBUG] ReferenceTransformer: "module.progress_photo_s3.aws_s3_bucket_public_access_block.progress_photos (expand)" references: [module.progress_photo_s3.aws_s3_bucket.progress_photos (expand)]
2026-09-27T23:26:00.864+0100 [DEBUG] ReferenceTransformer: "module.rds.var.engine_version (expand)" references: []
2026-09-27T23:26:00.864+0100 [DEBUG] ReferenceTransformer: "module.iam.output.ecs_task_role_arn (expand)" references: [module.iam.aws_iam_role.ecs_task_role (expand)]
2026-09-27T23:26:00.864+0100 [DEBUG] ReferenceTransformer: "module.fatsecret_log_group (expand)" references: []
2026-09-27T23:26:00.864+0100 [DEBUG] ReferenceTransformer: "module.fatsecret_log_group (close)" references: []
2026-09-27T23:26:00.864+0100 [DEBUG] ReferenceTransformer: "module.fatsecret_fargate.aws_appautoscaling_policy.worker_scale_out (expand)" references: [module.fatsecret_fargate.var.project_name (expand) module.fatsecret_fargate.var.worker_provider (expand) module.fatsecret_fargate.var.cluster_name (expand) module.fatsecret_fargate.aws_ecs_service.worker (expand) module.fatsecret_fargate.var.scale_out_cooldown (expand) module.fatsecret_fargate.var.scale_out_step_1 (expand) module.fatsecret_fargate.var.scale_out_step_2 (expand) module.fatsecret_fargate.var.scale_out_step_3 (expand)]
2026-09-27T23:26:00.864+0100 [DEBUG] ReferenceTransformer: "var.active_user_window_days" references: []
2026-09-27T23:26:00.864+0100 [DEBUG] ReferenceTransformer: "module.fatsecret_fargate.var.security_group_ids (expand)" references: [module.network.output.ecs_security_group_id (expand)]
2026-09-27T23:26:00.864+0100 [DEBUG] ReferenceTransformer: "module.fatsecret_fargate.var.db_user (expand)" references: [var.db_user]
2026-09-27T23:26:00.864+0100 [DEBUG] ReferenceTransformer: "module.rds.var.security_group_ids (expand)" references: [module.network.output.security_group_ids (expand)]
2026-09-27T23:26:00.864+0100 [DEBUG] ReferenceTransformer: "module.iam.var.queue_arns (expand)" references: [module.sqs.output.google_health_queue_arn (expand) module.sqs.output.lyfta_queue_arn (expand) module.sqs.output.fatsecret_queue_arn (expand)]
2026-09-27T23:26:00.864+0100 [DEBUG] ReferenceTransformer: "output.kms_key_id (expand)" references: [module.kms.output.key_id (expand)]
2026-09-27T23:26:00.864+0100 [DEBUG] ReferenceTransformer: "module.fatsecret_fargate.aws_appautoscaling_target.worker (expand)" references: [module.fatsecret_fargate.var.max_capacity (expand) module.fatsecret_fargate.var.cluster_name (expand) module.fatsecret_fargate.aws_ecs_service.worker (expand) module.fatsecret_fargate.var.min_capacity (expand)]
2026-09-27T23:26:00.864+0100 [DEBUG] ReferenceTransformer: "module.iam.aws_iam_role.ecs_task_role (expand)" references: [module.iam.var.tags (expand) module.iam.var.project_name (expand)]
2026-09-27T23:26:00.864+0100 [DEBUG] ReferenceTransformer: "module.lambda.var.dispatcher_role_arn (expand)" references: [module.iam.output.dispatcher_role_arn (expand)]
2026-09-27T23:26:00.864+0100 [DEBUG] ReferenceTransformer: "module.budgets.output.budget_name (expand)" references: [module.budgets.aws_budgets_budget.project_budget (expand)]
2026-09-27T23:26:00.864+0100 [DEBUG] ReferenceTransformer: "module.ecr (close)" references: []
2026-09-27T23:26:00.864+0100 [DEBUG] ReferenceTransformer: "module.fatsecret_fargate.var.ecs_task_role_arn (expand)" references: [module.iam.output.ecs_task_role_arn (expand)]
2026-09-27T23:26:00.864+0100 [DEBUG] ReferenceTransformer: "module.network.aws_subnet.public-a (expand)" references: [module.network.var.tags (expand) module.network.var.project_name (expand) module.network.var.public_subnet_cidrs (expand) module.network.var.availability_zones (expand) module.network.aws_vpc.main (expand)]
2026-09-27T23:26:00.864+0100 [DEBUG] ReferenceTransformer: "module.network.aws_vpc_endpoint.sqs (expand)" references: [module.network.aws_vpc.main (expand) module.network.aws_security_group.vpc_endpoint (expand) module.network.var.region (expand) module.network.var.tags (expand) module.network.aws_subnet.private-a (expand)]
2026-09-27T23:26:00.865+0100 [DEBUG] ReferenceTransformer: "module.fatsecret_fargate.var.scale_out_cooldown (expand)" references: []
2026-09-27T23:26:00.865+0100 [DEBUG] ReferenceTransformer: "module.network.output.ecs_security_group_id (expand)" references: [module.network.aws_security_group.ecs (expand)]
2026-09-27T23:26:00.865+0100 [DEBUG] ReferenceTransformer: "module.rds.var.allocated_storage (expand)" references: []
2026-09-27T23:26:00.865+0100 [DEBUG] ReferenceTransformer: "module.budgets.var.monthly_budget (expand)" references: []
2026-09-27T23:26:00.865+0100 [DEBUG] ReferenceTransformer: "provider[\"registry.terraform.io/hashicorp/aws\"]" references: [var.region]
2026-09-27T23:26:00.865+0100 [DEBUG] ReferenceTransformer: "module.fatsecret_cloudwatch_metric_autoscaling.var.queue_depth_threshold (expand)" references: []
2026-09-27T23:26:00.865+0100 [DEBUG] ReferenceTransformer: "module.iam.aws_iam_role_policy_attachment.attach_logs (expand)" references: [module.iam.aws_iam_role.ecs_task_role (expand) module.iam.aws_iam_policy.worker_policies (expand)]
2026-09-27T23:26:00.865+0100 [DEBUG] ReferenceTransformer: "var.alert_email" references: []
2026-09-27T23:26:00.865+0100 [DEBUG] ReferenceTransformer: "module.kms.aws_kms_alias.credentials (expand)" references: [module.kms.var.key_alias (expand) module.kms.aws_kms_key.credentials (expand)]
2026-09-27T23:26:00.865+0100 [DEBUG] ReferenceTransformer: "module.network.aws_db_subnet_group.this (expand)" references: [module.network.var.tags (expand) module.network.aws_subnet.private-a (expand) module.network.aws_subnet.private-b (expand)]
2026-09-27T23:26:00.865+0100 [DEBUG] ReferenceTransformer: "module.fatsecret_fargate.var.scale_out_step_3 (expand)" references: []
2026-09-27T23:26:00.865+0100 [DEBUG] ReferenceTransformer: "module.fatsecret_fargate.var.database_host (expand)" references: [var.database_host]
2026-09-27T23:26:00.865+0100 [DEBUG] ReferenceTransformer: "module.network.var.project_name (expand)" references: [var.project_name]
2026-09-27T23:26:00.865+0100 [DEBUG] ReferenceTransformer: "module.rds.var.tags (expand)" references: [local.common_tags (expand)]
2026-09-27T23:26:00.865+0100 [DEBUG] ReferenceTransformer: "module.fatsecret_cloudwatch_metric_autoscaling (close)" references: []
2026-09-27T23:26:00.865+0100 [DEBUG] ReferenceTransformer: "module.iam.aws_iam_policy.worker_policies (expand)" references: [module.iam.var.project_name (expand) module.iam.var.queue_arns (expand)]
2026-09-27T23:26:00.865+0100 [DEBUG] ReferenceTransformer: "module.sns.var.alert_email (expand)" references: [var.alert_email]
2026-09-27T23:26:00.865+0100 [DEBUG] ReferenceTransformer: "module.fatsecret_cloudwatch_metric_autoscaling.var.autoscaling_policy_arn (expand)" references: [module.fatsecret_fargate.output.autoscaling_policy_arn (expand)]
2026-09-27T23:26:00.865+0100 [DEBUG] ReferenceTransformer: "module.sqs.var.fatsecret_queue_name (expand)" references: []
2026-09-27T23:26:00.865+0100 [DEBUG] ReferenceTransformer: "module.ecs_cluster.output.cluster_arn (expand)" references: [module.ecs_cluster.aws_ecs_cluster.main (expand)]
2026-09-27T23:26:00.865+0100 [DEBUG] ReferenceTransformer: "module.network.aws_internet_gateway.main (expand)" references: [module.network.var.tags (expand) module.network.var.project_name (expand) module.network.aws_vpc.main (expand)]
2026-09-27T23:26:00.865+0100 [DEBUG] ReferenceTransformer: "module.kms.var.tags (expand)" references: [local.common_tags (expand)]
2026-09-27T23:26:00.865+0100 [DEBUG] ReferenceTransformer: "module.ecs_cluster (close)" references: []
2026-09-27T23:26:00.865+0100 [DEBUG] ReferenceTransformer: "module.sqs.aws_sqs_queue.fatsecret (expand)" references: [module.sqs.var.fatsecret_queue_name (expand) module.sqs.var.tags (expand)]
2026-09-27T23:26:00.865+0100 [DEBUG] ReferenceTransformer: "var.db_user" references: []
2026-09-27T23:26:00.865+0100 [DEBUG] ReferenceTransformer: "module.fatsecret_cloudwatch_metric_autoscaling.var.tags (expand)" references: [local.common_tags (expand)]
2026-09-27T23:26:00.865+0100 [DEBUG] ReferenceTransformer: "module.network.var.availability_zones (expand)" references: []
2026-09-27T23:26:00.865+0100 [DEBUG] ReferenceTransformer: "module.network.aws_subnet.private-b (expand)" references: [module.network.var.tags (expand) module.network.var.project_name (expand) module.network.var.private_subnet_cidrs (expand) module.network.var.availability_zones (expand) module.network.aws_vpc.main (expand)]
2026-09-27T23:26:00.865+0100 [DEBUG] ReferenceTransformer: "module.iam.var.project_name (expand)" references: [var.project_name]
2026-09-27T23:26:00.865+0100 [DEBUG] ReferenceTransformer: "module.kms.output.alias_arn (expand)" references: [module.kms.aws_kms_alias.credentials (expand)]
2026-09-27T23:26:00.873+0100 [DEBUG] Starting graph walk: walkPlan
2026-09-27T23:26:00.876+0100 [DEBUG] created provider logger: level=debug
2026-09-27T23:26:00.876+0100 [INFO]  provider: configuring client automatic mTLS
2026-09-27T23:26:00.885+0100 [DEBUG] provider: starting plugin: path=.terraform/providers/registry.terraform.io/hashicorp/aws/5.100.0/windows_amd64/terraform-provider-aws_v5.100.0_x5.exe args=[".terraform/providers/registry.terraform.io/hashicorp/aws/5.100.0/windows_amd64/terraform-provider-aws_v5.100.0_x5.exe"]
2026-09-27T23:26:00.892+0100 [DEBUG] provider: plugin started: path=.terraform/providers/registry.terraform.io/hashicorp/aws/5.100.0/windows_amd64/terraform-provider-aws_v5.100.0_x5.exe pid=7812
2026-09-27T23:26:00.892+0100 [DEBUG] provider: waiting for RPC address: plugin=.terraform/providers/registry.terraform.io/hashicorp/aws/5.100.0/windows_amd64/terraform-provider-aws_v5.100.0_x5.exe
2026-09-27T23:26:01.325+0100 [DEBUG] provider.terraform-provider-aws_v5.100.0_x5.exe: Starting github.com/hashicorp/terraform-provider-aws@5.100.0 (go1.23.10)...
2026-09-27T23:26:01.326+0100 [DEBUG] provider.terraform-provider-aws_v5.100.0_x5.exe: Initializing Terraform AWS Provider...
2026-09-27T23:26:01.795+0100 [INFO]  provider.terraform-provider-aws_v5.100.0_x5.exe: configuring server automatic mTLS: timestamp="2026-09-27T23:26:01.721+0100"
2026-09-27T23:26:01.810+0100 [DEBUG] provider: using plugin: version=5
2026-09-27T23:26:01.810+0100 [DEBUG] provider.terraform-provider-aws_v5.100.0_x5.exe: plugin address: address=127.0.0.1:10000 network=tcp timestamp="2026-09-27T23:26:01.809+0100"
2026-09-27T23:26:01.820+0100 [DEBUG] created provider logger: level=debug
2026-09-27T23:26:01.821+0100 [INFO]  provider: configuring client automatic mTLS
2026-09-27T23:26:01.830+0100 [DEBUG] provider: starting plugin: path=.terraform/providers/registry.terraform.io/hashicorp/random/3.9.0/windows_amd64/terraform-provider-random_v3.9.0_x5.exe args=[".terraform/providers/registry.terraform.io/hashicorp/random/3.9.0/windows_amd64/terraform-provider-random_v3.9.0_x5.exe"]
2026-09-27T23:26:01.834+0100 [DEBUG] provider: plugin started: path=.terraform/providers/registry.terraform.io/hashicorp/random/3.9.0/windows_amd64/terraform-provider-random_v3.9.0_x5.exe pid=3444
2026-09-27T23:26:01.834+0100 [DEBUG] provider: waiting for RPC address: plugin=.terraform/providers/registry.terraform.io/hashicorp/random/3.9.0/windows_amd64/terraform-provider-random_v3.9.0_x5.exe
2026-09-27T23:26:01.932+0100 [INFO]  provider.terraform-provider-random_v3.9.0_x5.exe: configuring server automatic mTLS: timestamp="2026-09-27T23:26:01.855+0100"
2026-09-27T23:26:01.948+0100 [DEBUG] provider.terraform-provider-random_v3.9.0_x5.exe: plugin address: address=127.0.0.1:10001 network=tcp timestamp="2026-09-27T23:26:01.948+0100"
2026-09-27T23:26:01.948+0100 [DEBUG] provider: using plugin: version=5
2026-09-27T23:26:02.055+0100 [DEBUG] ReferenceTransformer: "module.secrets.random_password.db_password" references: []
2026-09-27T23:26:02.561+0100 [DEBUG] provider.terraform-provider-random_v3.9.0_x5.exe: Value switched to prior value due to semantic equality logic: @caller=github.com/hashicorp/terraform-plugin-framework@v1.19.0/internal/fwschemadata/value_semantic_equality.go:91 tf_provider_addr=registry.terraform.io/hashicorp/random tf_req_id=2f71b668-c318-2ae8-de6c-a789a8f25215 tf_resource_type=random_password tf_rpc=ReadResource @module=sdk.framework tf_attribute_path=upper timestamp="2026-09-27T23:26:02.561+0100"
2026-09-27T23:26:02.562+0100 [DEBUG] provider.terraform-provider-random_v3.9.0_x5.exe: Value switched to prior value due to semantic equality logic: tf_resource_type=random_password @caller=github.com/hashicorp/terraform-plugin-framework@v1.19.0/internal/fwschemadata/value_semantic_equality.go:91 @module=sdk.framework tf_provider_addr=registry.terraform.io/hashicorp/random tf_req_id=2f71b668-c318-2ae8-de6c-a789a8f25215 tf_rpc=ReadResource tf_attribute_path=min_special timestamp="2026-09-27T23:26:02.562+0100"
2026-09-27T23:26:02.562+0100 [DEBUG] provider.terraform-provider-random_v3.9.0_x5.exe: Value switched to prior value due to semantic equality logic: tf_rpc=ReadResource @module=sdk.framework tf_resource_type=random_password @caller=github.com/hashicorp/terraform-plugin-framework@v1.19.0/internal/fwschemadata/value_semantic_equality.go:91 tf_attribute_path=result tf_provider_addr=registry.terraform.io/hashicorp/random tf_req_id=2f71b668-c318-2ae8-de6c-a789a8f25215 timestamp="2026-09-27T23:26:02.562+0100"
2026-09-27T23:26:02.562+0100 [DEBUG] provider.terraform-provider-random_v3.9.0_x5.exe: Value switched to prior value due to semantic equality logic: @caller=github.com/hashicorp/terraform-plugin-framework@v1.19.0/internal/fwschemadata/value_semantic_equality.go:91 @module=sdk.framework tf_attribute_path=min_upper tf_provider_addr=registry.terraform.io/hashicorp/random tf_resource_type=random_password tf_req_id=2f71b668-c318-2ae8-de6c-a789a8f25215 tf_rpc=ReadResource timestamp="2026-09-27T23:26:02.562+0100"
2026-09-27T23:26:02.562+0100 [DEBUG] provider.terraform-provider-random_v3.9.0_x5.exe: Value switched to prior value due to semantic equality logic: @module=sdk.framework tf_provider_addr=registry.terraform.io/hashicorp/random tf_req_id=2f71b668-c318-2ae8-de6c-a789a8f25215 tf_resource_type=random_password tf_rpc=ReadResource @caller=github.com/hashicorp/terraform-plugin-framework@v1.19.0/internal/fwschemadata/value_semantic_equality.go:91 tf_attribute_path=lower timestamp="2026-09-27T23:26:02.562+0100"
2026-09-27T23:26:02.562+0100 [DEBUG] provider.terraform-provider-random_v3.9.0_x5.exe: Value switched to prior value due to semantic equality logic: tf_rpc=ReadResource @caller=github.com/hashicorp/terraform-plugin-framework@v1.19.0/internal/fwschemadata/value_semantic_equality.go:91 @module=sdk.framework tf_provider_addr=registry.terraform.io/hashicorp/random tf_resource_type=random_password tf_attribute_path=special tf_req_id=2f71b668-c318-2ae8-de6c-a789a8f25215 timestamp="2026-09-27T23:26:02.562+0100"
2026-09-27T23:26:02.563+0100 [DEBUG] provider.terraform-provider-random_v3.9.0_x5.exe: Value switched to prior value due to semantic equality logic: @caller=github.com/hashicorp/terraform-plugin-framework@v1.19.0/internal/fwschemadata/value_semantic_equality.go:91 @module=sdk.framework tf_attribute_path=bcrypt_hash tf_provider_addr=registry.terraform.io/hashicorp/random tf_req_id=2f71b668-c318-2ae8-de6c-a789a8f25215 tf_resource_type=random_password tf_rpc=ReadResource timestamp="2026-09-27T23:26:02.562+0100"
2026-09-27T23:26:02.563+0100 [DEBUG] provider.terraform-provider-random_v3.9.0_x5.exe: Value switched to prior value due to semantic equality logic: @module=sdk.framework tf_provider_addr=registry.terraform.io/hashicorp/random @caller=github.com/hashicorp/terraform-plugin-framework@v1.19.0/internal/fwschemadata/value_semantic_equality.go:91 tf_attribute_path=min_numeric tf_req_id=2f71b668-c318-2ae8-de6c-a789a8f25215 tf_resource_type=random_password tf_rpc=ReadResource timestamp="2026-09-27T23:26:02.563+0100"
2026-09-27T23:26:02.563+0100 [DEBUG] provider.terraform-provider-random_v3.9.0_x5.exe: Value switched to prior value due to semantic equality logic: @caller=github.com/hashicorp/terraform-plugin-framework@v1.19.0/internal/fwschemadata/value_semantic_equality.go:91 @module=sdk.framework tf_attribute_path=number tf_provider_addr=registry.terraform.io/hashicorp/random tf_rpc=ReadResource tf_req_id=2f71b668-c318-2ae8-de6c-a789a8f25215 tf_resource_type=random_password timestamp="2026-09-27T23:26:02.563+0100"
2026-09-27T23:26:02.563+0100 [DEBUG] provider.terraform-provider-random_v3.9.0_x5.exe: Value switched to prior value due to semantic equality logic: tf_attribute_path=length tf_req_id=2f71b668-c318-2ae8-de6c-a789a8f25215 tf_resource_type=random_password @caller=github.com/hashicorp/terraform-plugin-framework@v1.19.0/internal/fwschemadata/value_semantic_equality.go:91 @module=sdk.framework tf_provider_addr=registry.terraform.io/hashicorp/random tf_rpc=ReadResource timestamp="2026-09-27T23:26:02.563+0100"
2026-09-27T23:26:02.563+0100 [DEBUG] provider.terraform-provider-random_v3.9.0_x5.exe: Value switched to prior value due to semantic equality logic: tf_attribute_path=min_lower tf_provider_addr=registry.terraform.io/hashicorp/random tf_req_id=2f71b668-c318-2ae8-de6c-a789a8f25215 tf_resource_type=random_password @caller=github.com/hashicorp/terraform-plugin-framework@v1.19.0/internal/fwschemadata/value_semantic_equality.go:91 @module=sdk.framework tf_rpc=ReadResource timestamp="2026-09-27T23:26:02.563+0100"
2026-09-27T23:26:02.563+0100 [DEBUG] provider.terraform-provider-random_v3.9.0_x5.exe: Value switched to prior value due to semantic equality logic: tf_req_id=2f71b668-c318-2ae8-de6c-a789a8f25215 tf_rpc=ReadResource @module=sdk.framework tf_attribute_path=numeric tf_provider_addr=registry.terraform.io/hashicorp/random tf_resource_type=random_password @caller=github.com/hashicorp/terraform-plugin-framework@v1.19.0/internal/fwschemadata/value_semantic_equality.go:91 timestamp="2026-09-27T23:26:02.563+0100"
2026-09-27T23:26:02.564+0100 [DEBUG] provider.terraform-provider-random_v3.9.0_x5.exe: Value switched to prior value due to semantic equality logic: tf_req_id=2f71b668-c318-2ae8-de6c-a789a8f25215 tf_resource_type=random_password @module=sdk.framework tf_attribute_path=id tf_rpc=ReadResource @caller=github.com/hashicorp/terraform-plugin-framework@v1.19.0/internal/fwschemadata/value_semantic_equality.go:91 tf_provider_addr=registry.terraform.io/hashicorp/random timestamp="2026-09-27T23:26:02.563+0100"
2026-09-27T23:26:03.143+0100 [DEBUG] provider.stdio: received EOF, stopping recv loop: err="rpc error: code = Unavailable desc = error reading from server: EOF"
2026-09-27T23:26:03.151+0100 [INFO]  provider: plugin process exited: plugin=.terraform/providers/registry.terraform.io/hashicorp/random/3.9.0/windows_amd64/terraform-provider-random_v3.9.0_x5.exe id=3444
2026-09-27T23:26:03.151+0100 [DEBUG] provider: plugin exited
2026-09-27T23:26:04.805+0100 [DEBUG] provider.terraform-provider-aws_v5.100.0_x5.exe: Configuring Terraform AWS Provider: tf_req_id=54e515db-7976-030e-b97b-947ad53d967b tf_rpc=ConfigureProvider @caller=github.com/hashicorp/terraform-provider-aws/internal/conns/config.go:144 tf_mux_provider="*schema.GRPCProviderServer" tf_provider_addr=registry.terraform.io/hashicorp/aws @module=aws timestamp="2026-09-27T23:26:04.652+0100"
2026-09-27T23:26:05.530+0100 [DEBUG] provider.terraform-provider-aws_v5.100.0_x5.exe: Resolving credentials provider: tf_mux_provider="*schema.GRPCProviderServer" tf_req_id=54e515db-7976-030e-b97b-947ad53d967b @caller=github.com/hashicorp/aws-sdk-go-base/v2@v2.0.0-beta.65/logging/tf_logger.go:47 @module=aws.aws-base tf_provider_addr=registry.terraform.io/hashicorp/aws tf_rpc=ConfigureProvider timestamp="2026-09-27T23:26:05.529+0100"
2026-09-27T23:26:05.819+0100 [DEBUG] provider.terraform-provider-aws_v5.100.0_x5.exe: Loading configuration: @caller=github.com/hashicorp/aws-sdk-go-base/v2@v2.0.0-beta.65/logging/tf_logger.go:47 tf_mux_provider="*schema.GRPCProviderServer" tf_provider_addr=registry.terraform.io/hashicorp/aws tf_rpc=ConfigureProvider @module=aws.aws-base tf_req_id=54e515db-7976-030e-b97b-947ad53d967b timestamp="2026-09-27T23:26:05.818+0100"
2026-09-27T23:26:05.925+0100 [DEBUG] provider.terraform-provider-aws_v5.100.0_x5.exe: Retrieving credentials: tf_rpc=ConfigureProvider tf_mux_provider="*schema.GRPCProviderServer" tf_provider_addr=registry.terraform.io/hashicorp/aws @caller=github.com/hashicorp/aws-sdk-go-base/v2@v2.0.0-beta.65/logging/tf_logger.go:47 @module=aws.aws-base tf_req_id=54e515db-7976-030e-b97b-947ad53d967b timestamp="2026-09-27T23:26:05.924+0100"
2026-09-27T23:26:05.946+0100 [INFO]  provider.terraform-provider-aws_v5.100.0_x5.exe: Retrieved credentials: tf_aws.credentials_source="SharedConfigCredentials: C:\Users\mevae\.aws\credentials" tf_provider_addr=registry.terraform.io/hashicorp/aws tf_req_id=54e515db-7976-030e-b97b-947ad53d967b tf_rpc=ConfigureProvider tf_mux_provider="*schema.GRPCProviderServer" @caller=github.com/hashicorp/aws-sdk-go-base/v2@v2.0.0-beta.65/logging/tf_logger.go:39 @module=aws.aws-base timestamp="2026-09-27T23:26:05.944+0100"
2026-09-27T23:26:05.946+0100 [DEBUG] provider.terraform-provider-aws_v5.100.0_x5.exe: Loading configuration: tf_mux_provider="*schema.GRPCProviderServer" tf_req_id=54e515db-7976-030e-b97b-947ad53d967b tf_rpc=ConfigureProvider @module=aws.aws-base tf_provider_addr=registry.terraform.io/hashicorp/aws @caller=github.com/hashicorp/aws-sdk-go-base/v2@v2.0.0-beta.65/logging/tf_logger.go:47 timestamp="2026-09-27T23:26:05.944+0100"
2026-09-27T23:26:06.108+0100 [DEBUG] provider.terraform-provider-aws_v5.100.0_x5.exe: Creating AWS SDK v1 session: tf_provider_addr=registry.terraform.io/hashicorp/aws @caller=github.com/hashicorp/terraform-provider-aws/internal/conns/config.go:168 tf_mux_provider="*schema.GRPCProviderServer" tf_req_id=54e515db-7976-030e-b97b-947ad53d967b tf_rpc=ConfigureProvider @module=aws timestamp="2026-09-27T23:26:06.106+0100"
2026-09-27T23:26:06.393+0100 [DEBUG] provider.terraform-provider-aws_v5.100.0_x5.exe: Retrieving AWS account details: tf_provider_addr=registry.terraform.io/hashicorp/aws tf_req_id=54e515db-7976-030e-b97b-947ad53d967b tf_mux_provider="*schema.GRPCProviderServer" tf_rpc=ConfigureProvider @caller=github.com/hashicorp/terraform-provider-aws/internal/conns/config.go:183 @module=aws timestamp="2026-09-27T23:26:06.393+0100"
2026-09-27T23:26:06.797+0100 [DEBUG] provider.terraform-provider-aws_v5.100.0_x5.exe: Retrieving caller identity from STS: tf_provider_addr=registry.terraform.io/hashicorp/aws tf_rpc=ConfigureProvider @caller=github.com/hashicorp/aws-sdk-go-base/v2@v2.0.0-beta.65/logging/tf_logger.go:47 @module=aws.aws-base tf_mux_provider="*schema.GRPCProviderServer" tf_req_id=54e515db-7976-030e-b97b-947ad53d967b timestamp="2026-09-27T23:26:06.796+0100"
2026-09-27T23:26:07.898+0100 [DEBUG] provider.terraform-provider-aws_v5.100.0_x5.exe: HTTP Request Sent: http.method=POST http.request.header.amz_sdk_request="attempt=1; max=25" http.request.header.authorization="AWS4-HMAC-SHA256 Credential=AKIA************SZUM/20260927/eu-west-1/sts/aws4_request, SignedHeaders=amz-sdk-invocation-id;amz-sdk-request;content-length;content-type;host;x-amz-date, Signature=*****" http.request.header.content_type=application/x-www-form-urlencoded http.url=https://sts.eu-west-1.amazonaws.com/ rpc.method=GetCallerIdentity @module=aws.aws-base http.user_agent="APN/1.0 HashiCorp/1.0 Terraform/1.15.3 (+https://www.terraform.io) terraform-provider-aws/5.100.0 (+https://registry.terraform.io/providers/hashicorp/aws) aws-sdk-go-v2/1.36.3 ua/2.1 os/windows lang/go#1.23.10 md/GOOS#windows md/GOARCH#amd64 api/sts#1.33.20 m/n" rpc.service=STS rpc.system=aws-api tf_mux_provider="*schema.GRPCProviderServer" tf_req_id=54e515db-7976-030e-b97b-947ad53d967b tf_rpc=ConfigureProvider
  http.request.body=
  | Action=GetCallerIdentity&Version=2011-06-15
   http.request.header.amz_sdk_invocation_id=bce1abaf-5e84-46aa-bfa1-393b3f0ec32b http.request.header.x_amz_date=20260927T222607Z http.request_content_length=43 net.peer.name=sts.eu-west-1.amazonaws.com tf_aws.signing_region="" tf_provider_addr=registry.terraform.io/hashicorp/aws aws.region=eu-west-1 tf_aws.sdk=aws-sdk-go-v2 @caller=github.com/hashicorp/aws-sdk-go-base/v2@v2.0.0-beta.65/logging/tf_logger.go:47 timestamp="2026-09-27T23:26:07.897+0100"
2026-09-27T23:26:08.682+0100 [DEBUG] provider.terraform-provider-aws_v5.100.0_x5.exe: HTTP Response Received:
  http.response.body=
  | <GetCallerIdentityResponse xmlns="https://sts.amazonaws.com/doc/2011-06-15/">
  |   <GetCallerIdentityResult>
  |     <Arn>arn:aws:iam::234334047980:user/terraform-bootstrap</Arn>
  |     <UserId>AIDA*************MURE</UserId>
  |     <Account>234334047980</Account>
  |   </GetCallerIdentityResult>
  |   <ResponseMetadata>
  |     <RequestId>3691e062-fd3b-4eaf-922e-b5f709b5ccf9</RequestId>
  |   </ResponseMetadata>
  | </GetCallerIdentityResponse>
   http.response.header.x_amz_sts_extended_request_id=MTpldS13ZXN0LTE6UzoxNzkwNTQ3OTY4NjE4OlI6TUJqR25ibnQ= http.response.header.x_amzn_requestid=3691e062-fd3b-4eaf-922e-b5f709b5ccf9 tf_aws.signing_region="" tf_mux_provider="*schema.GRPCProviderServer" tf_req_id=54e515db-7976-030e-b97b-947ad53d967b @caller=github.com/hashicorp/aws-sdk-go-base/v2@v2.0.0-beta.65/logging/tf_logger.go:47 http.response.header.content_type=text/xml http.response_content_length=416 http.status_code=200 tf_aws.sdk=aws-sdk-go-v2 http.duration=783 rpc.service=STS rpc.system=aws-api tf_provider_addr=registry.terraform.io/hashicorp/aws tf_rpc=ConfigureProvider @module=aws.aws-base aws.region=eu-west-1 http.response.header.date="Sun, 27 Sep 2026 22:26:08 GMT" rpc.method=GetCallerIdentity timestamp="2026-09-27T23:26:08.681+0100"
2026-09-27T23:26:08.772+0100 [INFO]  provider.terraform-provider-aws_v5.100.0_x5.exe: Retrieved caller identity from STS: @caller=github.com/hashicorp/aws-sdk-go-base/v2@v2.0.0-beta.65/logging/tf_logger.go:39 tf_mux_provider="*schema.GRPCProviderServer" tf_req_id=54e515db-7976-030e-b97b-947ad53d967b @module=aws.aws-base tf_provider_addr=registry.terraform.io/hashicorp/aws tf_rpc=ConfigureProvider timestamp="2026-09-27T23:26:08.772+0100"
2026-09-27T23:26:08.798+0100 [DEBUG] ReferenceTransformer: "module.sqs.aws_sqs_queue.google_health" references: []
2026-09-27T23:26:08.799+0100 [DEBUG] ReferenceTransformer: "module.network.aws_eip.nat" references: []
2026-09-27T23:26:08.799+0100 [DEBUG] ReferenceTransformer: "module.sns.aws_sns_topic.alerts" references: []
2026-09-27T23:26:08.801+0100 [DEBUG] ReferenceTransformer: "module.iam.aws_iam_role.ecs_execution_role" references: []
2026-09-27T23:26:08.802+0100 [DEBUG] ReferenceTransformer: "module.kms.aws_kms_key.credentials" references: []
2026-09-27T23:26:08.802+0100 [DEBUG] ReferenceTransformer: "module.fatsecret_log_group.aws_cloudwatch_log_group.worker" references: []
2026-09-27T23:26:08.803+0100 [DEBUG] ReferenceTransformer: "module.iam.aws_iam_role.dispatcher" references: []
2026-09-27T23:26:08.804+0100 [DEBUG] ReferenceTransformer: "module.secrets.aws_secretsmanager_secret.db_password" references: []
2026-09-27T23:26:08.805+0100 [DEBUG] ReferenceTransformer: "module.progress_photo_s3.aws_s3_bucket.progress_photos" references: []
2026-09-27T23:26:08.806+0100 [DEBUG] ReferenceTransformer: "module.sqs.aws_sqs_queue.lyfta" references: []
2026-09-27T23:26:08.808+0100 [DEBUG] ReferenceTransformer: "module.ecr.aws_ecr_repository.health_worker" references: []
2026-09-27T23:26:08.808+0100 [DEBUG] ReferenceTransformer: "module.network.aws_vpc.main" references: []
2026-09-27T23:26:08.809+0100 [DEBUG] ReferenceTransformer: "module.iam.aws_iam_role.ecs_task_role" references: []
2026-09-27T23:26:08.809+0100 [DEBUG] ReferenceTransformer: "module.ecs_cluster.aws_ecs_cluster.main" references: []
2026-09-27T23:26:08.810+0100 [DEBUG] ReferenceTransformer: "module.sqs.aws_sqs_queue.fatsecret" references: []
2026-09-27T23:26:10.335+0100 [DEBUG] provider.terraform-provider-aws_v5.100.0_x5.exe: [DEBUG] Waiting for state to become: [success]
2026-09-27T23:26:10.383+0100 [DEBUG] provider.terraform-provider-aws_v5.100.0_x5.exe: [DEBUG] Waiting for state to become: [success]
2026-09-27T23:26:10.405+0100 [DEBUG] provider.terraform-provider-aws_v5.100.0_x5.exe: [DEBUG] Waiting for state to become: [success]
2026-09-27T23:26:10.715+0100 [DEBUG] provider.terraform-provider-aws_v5.100.0_x5.exe: [DEBUG] Waiting for state to become: [success]
2026-09-27T23:26:10.796+0100 [DEBUG] provider.terraform-provider-aws_v5.100.0_x5.exe: HTTP Request Sent: rpc.system=aws-api tf_rpc=ReadResource @caller=github.com/hashicorp/aws-sdk-go-base/v2@v2.0.0-beta.65/logging/tf_logger.go:45 http.request.header.x_amz_target=secretsmanager.DescribeSecret tf_aws.sdk=aws-sdk-go-v2 tf_aws.signing_region="" tf_resource_type=aws_secretsmanager_secret @module=aws aws.region=eu-west-1 http.request.header.amz_sdk_invocation_id=f74aa218-b36b-408b-9123-b5bed8e35028 http.request.header.content_type=application/x-amz-json-1.1 http.url=https://secretsmanager.eu-west-1.amazonaws.com/ rpc.service="Secrets Manager" tf_provider_addr=registry.terraform.io/hashicorp/aws http.request.header.amz_sdk_request="attempt=1; max=25" http.request.header.authorization="AWS4-HMAC-SHA256 Credential=AKIA************SZUM/20260927/eu-west-1/secretsmanager/aws4_request, SignedHeaders=amz-sdk-invocation-id;amz-sdk-request;content-length;content-type;host;x-amz-date;x-amz-target, Signature=*****" http.request_content_length=101 net.peer.name=secretsmanager.eu-west-1.amazonaws.com tf_mux_provider="*schema.GRPCProviderServer" tf_req_id=bdaf5f28-9d7b-3a66-b3e2-c194883cfdca http.method=POST
  http.request.body=
  | {"SecretId":"arn:aws:secretsmanager:eu-west-1:234334047980:secret:sportfolio/rds/db_password-zxHA3w"}
   http.request.header.x_amz_date=20260927T222610Z http.user_agent="APN/1.0 HashiCorp/1.0 Terraform/1.15.3 (+https://www.terraform.io) terraform-provider-aws/5.100.0 (+https://registry.terraform.io/providers/hashicorp/aws) aws-sdk-go-v2/1.36.3 ua/2.1 os/windows lang/go#1.23.10 md/GOOS#windows md/GOARCH#amd64 api/secretsmanager#1.35.5 m/n" rpc.method=DescribeSecret timestamp="2026-09-27T23:26:10.796+0100"
2026-09-27T23:26:10.887+0100 [DEBUG] provider.terraform-provider-aws_v5.100.0_x5.exe: [DEBUG] Waiting for state to become: [success]
2026-09-27T23:26:10.929+0100 [DEBUG] provider.terraform-provider-aws_v5.100.0_x5.exe: HTTP Request Sent: http.request.header.accept_encoding=identity http.request.header.amz_sdk_request="attempt=1; max=25" http.request.header.authorization="AWS4-HMAC-SHA256 Credential=AKIA************SZUM/20260927/eu-west-1/s3/aws4_request, SignedHeaders=accept-encoding;amz-sdk-invocation-id;amz-sdk-request;host;x-amz-content-sha256;x-amz-date, Signature=*****" http.request.header.x_amz_content_sha256=e3b0c44298fc1c149afbf4c8996fb92427ae41e4649b934ca495991b7852b855 http.user_agent="APN/1.0 HashiCorp/1.0 Terraform/1.15.3 (+https://www.terraform.io) terraform-provider-aws/5.100.0 (+https://registry.terraform.io/providers/hashicorp/aws) aws-sdk-go-v2/1.36.3 ua/2.1 os/windows lang/go#1.23.10 md/GOOS#windows md/GOARCH#amd64 api/s3#1.80.1 m/n" http.request.header.x_amz_date=20260927T222610Z http.url=https://edgar-fitness-progess-photos.s3.eu-west-1.amazonaws.com/ rpc.service=S3 rpc.system=aws-api tf_aws.signing_region="" tf_mux_provider="*schema.GRPCProviderServer" @caller=github.com/hashicorp/aws-sdk-go-base/v2@v2.0.0-beta.65/logging/tf_logger.go:45 aws.s3.bucket=edgar-fitness-progess-photos http.method=HEAD http.request.header.amz_sdk_invocation_id=6547cc70-3a2b-4b6d-90c5-7b89f2d8d5f4 net.peer.name=edgar-fitness-progess-photos.s3.eu-west-1.amazonaws.com tf_provider_addr=registry.terraform.io/hashicorp/aws tf_rpc=ReadResource rpc.method=HeadBucket tf_aws.sdk=aws-sdk-go-v2 tf_req_id=e147c953-aef9-a830-b14b-045aa1585b27 tf_resource_type=aws_s3_bucket @module=aws aws.region=eu-west-1 http.request.body="" timestamp="2026-09-27T23:26:10.929+0100"
2026-09-27T23:26:10.994+0100 [DEBUG] provider.terraform-provider-aws_v5.100.0_x5.exe: [DEBUG] Waiting for state to become: [success]
2026-09-27T23:26:11.039+0100 [DEBUG] provider.terraform-provider-aws_v5.100.0_x5.exe: HTTP Request Sent: tf_rpc=ReadResource net.peer.name=iam.amazonaws.com tf_provider_addr=registry.terraform.io/hashicorp/aws tf_req_id=544fe444-f8de-7744-a2d0-57b6e29aabff @module=aws http.method=POST
  http.request.body=
  | Action=GetRole&RoleName=sportfolio-dispatcher&Version=2010-05-08
   http.request.header.x_amz_date=20260927T222611Z http.request_content_length=64 http.url=https://iam.amazonaws.com/ http.user_agent="APN/1.0 HashiCorp/1.0 Terraform/1.15.3 (+https://www.terraform.io) terraform-provider-aws/5.100.0 (+https://registry.terraform.io/providers/hashicorp/aws) aws-sdk-go-v2/1.36.3 ua/2.1 os/windows lang/go#1.23.10 md/GOOS#windows md/GOARCH#amd64 api/iam#1.42.0 m/n" aws.region=eu-west-1 http.request.header.authorization="AWS4-HMAC-SHA256 Credential=AKIA************SZUM/20260927/us-east-1/iam/aws4_request, SignedHeaders=amz-sdk-invocation-id;amz-sdk-request;content-length;content-type;host;x-amz-date, Signature=*****" http.request.header.content_type=application/x-www-form-urlencoded rpc.service=IAM rpc.system=aws-api tf_aws.sdk=aws-sdk-go-v2 tf_aws.signing_region="" tf_mux_provider="*schema.GRPCProviderServer" @caller=github.com/hashicorp/aws-sdk-go-base/v2@v2.0.0-beta.65/logging/tf_logger.go:45 http.request.header.amz_sdk_invocation_id=afd2b3e6-2802-4d0e-9d76-39eb5d7a71c7 http.request.header.amz_sdk_request="attempt=1; max=25" rpc.method=GetRole tf_resource_type=aws_iam_role timestamp="2026-09-27T23:26:11.038+0100"
2026-09-27T23:26:11.129+0100 [DEBUG] provider.terraform-provider-aws_v5.100.0_x5.exe: HTTP Request Sent: tf_req_id=c3fd880f-e028-d4c3-3722-3a85aa5c9076 @caller=github.com/hashicorp/aws-sdk-go-base/v2@v2.0.0-beta.65/logging/tf_logger.go:45 tf_resource_type=aws_cloudwatch_log_group tf_rpc=ReadResource http.method=POST http.request.header.x_amz_date=20260927T222611Z http.request_content_length=78 http.url=https://logs.eu-west-1.amazonaws.com/ rpc.method=DescribeLogGroups tf_aws.signing_region="" tf_mux_provider="*schema.GRPCProviderServer" tf_provider_addr=registry.terraform.io/hashicorp/aws http.request.header.content_type=application/x-amz-json-1.1 http.request.header.x_amz_target=Logs_20140328.DescribeLogGroups @module=aws aws.region=eu-west-1
  http.request.body=
  | {"logGroupNamePrefix":"/ecs/sportfolio/health-platform-fatsecret-worker-logs"}
   http.request.header.authorization="AWS4-HMAC-SHA256 Credential=AKIA************SZUM/20260927/eu-west-1/logs/aws4_request, SignedHeaders=amz-sdk-invocation-id;amz-sdk-request;content-length;content-type;host;x-amz-date;x-amz-target, Signature=*****" http.request.header.amz_sdk_invocation_id=34e55efe-2999-45b4-a6b3-924c85e044b6 http.request.header.amz_sdk_request="attempt=1; max=25" http.user_agent="APN/1.0 HashiCorp/1.0 Terraform/1.15.3 (+https://www.terraform.io) terraform-provider-aws/5.100.0 (+https://registry.terraform.io/providers/hashicorp/aws) aws-sdk-go-v2/1.36.3 ua/2.1 os/windows lang/go#1.23.10 md/GOOS#windows md/GOARCH#amd64 api/cloudwatchlogs#1.50.1 m/C,n" net.peer.name=logs.eu-west-1.amazonaws.com rpc.service="CloudWatch Logs" rpc.system=aws-api tf_aws.sdk=aws-sdk-go-v2 timestamp="2026-09-27T23:26:11.128+0100"
2026-09-27T23:26:11.219+0100 [DEBUG] provider.terraform-provider-aws_v5.100.0_x5.exe: HTTP Request Sent: @module=aws http.request.header.amz_sdk_invocation_id=87cbc551-1141-41ef-afc7-7eb32a6a64c0 http.request_content_length=48 tf_aws.sdk=aws-sdk-go-v2 tf_mux_provider="*schema.GRPCProviderServer" http.request.header.authorization="AWS4-HMAC-SHA256 Credential=AKIA************SZUM/20260927/eu-west-1/kms/aws4_request, SignedHeaders=amz-sdk-invocation-id;amz-sdk-request;content-length;content-type;host;x-amz-date;x-amz-target, Signature=*****" http.request.header.x_amz_target=TrentService.DescribeKey tf_req_id=77cd01e0-6016-efd1-31bc-676f2655cce9 http.method=POST http.request.header.amz_sdk_request="attempt=1; max=25" http.user_agent="APN/1.0 HashiCorp/1.0 Terraform/1.15.3 (+https://www.terraform.io) terraform-provider-aws/5.100.0 (+https://registry.terraform.io/providers/hashicorp/aws) aws-sdk-go-v2/1.36.3 ua/2.1 os/windows lang/go#1.23.10 md/GOOS#windows md/GOARCH#amd64 api/kms#1.40.0 m/n" tf_rpc=ReadResource @caller=github.com/hashicorp/aws-sdk-go-base/v2@v2.0.0-beta.65/logging/tf_logger.go:45 http.request.header.x_amz_date=20260927T222611Z http.url=https://kms.eu-west-1.amazonaws.com/ net.peer.name=kms.eu-west-1.amazonaws.com rpc.method=DescribeKey tf_aws.signing_region=""
  http.request.body=
  | {"KeyId":"da336f01-4686-48a0-8e66-11e56892e7c9"}
   http.request.header.content_type=application/x-amz-json-1.1 id=da336f01-4686-48a0-8e66-11e56892e7c9 tf_provider_addr=registry.terraform.io/hashicorp/aws tf_resource_type=aws_kms_key aws.region=eu-west-1 rpc.service=KMS rpc.system=aws-api timestamp="2026-09-27T23:26:11.217+0100"
2026-09-27T23:26:11.237+0100 [DEBUG] provider.terraform-provider-aws_v5.100.0_x5.exe: HTTP Request Sent: http.url=https://sns.eu-west-1.amazonaws.com/ net.peer.name=sns.eu-west-1.amazonaws.com rpc.system=aws-api aws.region=eu-west-1 http.method=POST http.request.header.amz_sdk_invocation_id=45efb3ed-f93f-4f9a-ba07-07450edb6d6b http.user_agent="APN/1.0 HashiCorp/1.0 Terraform/1.15.3 (+https://www.terraform.io) terraform-provider-aws/5.100.0 (+https://registry.terraform.io/providers/hashicorp/aws) aws-sdk-go-v2/1.36.3 ua/2.1 os/windows lang/go#1.23.10 md/GOOS#windows md/GOARCH#amd64 api/sns#1.34.5 m/n" rpc.service=SNS tf_aws.sdk=aws-sdk-go-v2 tf_aws.signing_region="" http.request.header.content_type=application/x-www-form-urlencoded http.request_content_length=116 tf_mux_provider="*schema.GRPCProviderServer" tf_provider_addr=registry.terraform.io/hashicorp/aws tf_req_id=6fcb90a3-7338-6f3a-cce7-168043404c27 tf_resource_type=aws_sns_topic tf_rpc=ReadResource @caller=github.com/hashicorp/aws-sdk-go-base/v2@v2.0.0-beta.65/logging/tf_logger.go:45
  http.request.body=
  | Action=GetTopicAttributes&TopicArn=arn%3Aaws%3Asns%3Aeu-west-1%3A234334047980%3Asportfolio-alerts&Version=2010-03-31
   http.request.header.amz_sdk_request="attempt=1; max=25" rpc.method=GetTopicAttributes @module=aws http.request.header.authorization="AWS4-HMAC-SHA256 Credential=AKIA************SZUM/20260927/eu-west-1/sns/aws4_request, SignedHeaders=amz-sdk-invocation-id;amz-sdk-request;content-length;content-type;host;x-amz-date, Signature=*****" http.request.header.x_amz_date=20260927T222611Z timestamp="2026-09-27T23:26:11.236+0100"
2026-09-27T23:26:11.249+0100 [DEBUG] provider.terraform-provider-aws_v5.100.0_x5.exe: HTTP Response Received: aws.region=eu-west-1 tf_aws.signing_region="" tf_req_id=bdaf5f28-9d7b-3a66-b3e2-c194883cfdca tf_resource_type=aws_secretsmanager_secret http.response.header.x_amzn_requestid=2f4ee2b9-3bf4-4679-8208-b311b6debef2 tf_aws.sdk=aws-sdk-go-v2 tf_rpc=ReadResource http.response.header.content_type=application/x-amz-json-1.1 http.status_code=200 rpc.method=DescribeSecret rpc.system=aws-api tf_mux_provider="*schema.GRPCProviderServer" tf_provider_addr=registry.terraform.io/hashicorp/aws @caller=github.com/hashicorp/aws-sdk-go-base/v2@v2.0.0-beta.65/logging/tf_logger.go:45 @module=aws http.duration=451
  http.response.body=
  | {"ARN":"arn:aws:secretsmanager:eu-west-1:234334047980:secret:sportfolio/rds/db_password-zxHA3w","CreatedDate":1.785775926393E9,"LastAccessedDate":1.7904672E9,"LastChangedDate":1.785777316522E9,"Name":"sportfolio/rds/db_password","Tags":[{"Key":"Project","Value":"sportfolio"},{"Key":"Environment","Value":"production"},{"Key":"ManagedBy","Value":"terraform"}],"VersionIdsToStages":{"terraform-20260803165207524200000002":["AWSCURRENT"]}}
   http.response.header.date="Sun, 27 Sep 2026 22:26:11 GMT" http.response_content_length=437 rpc.service="Secrets Manager" timestamp="2026-09-27T23:26:11.248+0100"
2026-09-27T23:26:11.267+0100 [DEBUG] provider.terraform-provider-aws_v5.100.0_x5.exe: [DEBUG] Waiting for state to become: [success]
2026-09-27T23:26:11.272+0100 [DEBUG] provider.terraform-provider-aws_v5.100.0_x5.exe: HTTP Request Sent:
  http.request.body=
  | Action=GetRole&RoleName=sportfolio-ecs-execution-role&Version=2010-05-08
   http.request.header.amz_sdk_invocation_id=2a960596-285c-4c22-be83-64c9dc4f962b net.peer.name=iam.amazonaws.com tf_aws.sdk=aws-sdk-go-v2 tf_mux_provider="*schema.GRPCProviderServer" tf_req_id=14ba3dc9-9818-a1e3-2b5a-c897d7454b6a @module=aws http.request.header.authorization="AWS4-HMAC-SHA256 Credential=AKIA************SZUM/20260927/us-east-1/iam/aws4_request, SignedHeaders=amz-sdk-invocation-id;amz-sdk-request;content-length;content-type;host;x-amz-date, Signature=*****" http.request.header.content_type=application/x-www-form-urlencoded http.url=https://iam.amazonaws.com/ @caller=github.com/hashicorp/aws-sdk-go-base/v2@v2.0.0-beta.65/logging/tf_logger.go:45 http.method=POST http.request.header.x_amz_date=20260927T222611Z rpc.method=GetRole rpc.service=IAM rpc.system=aws-api tf_rpc=ReadResource aws.region=eu-west-1 http.request.header.amz_sdk_request="attempt=1; max=25" http.request_content_length=72 http.user_agent="APN/1.0 HashiCorp/1.0 Terraform/1.15.3 (+https://www.terraform.io) terraform-provider-aws/5.100.0 (+https://registry.terraform.io/providers/hashicorp/aws) aws-sdk-go-v2/1.36.3 ua/2.1 os/windows lang/go#1.23.10 md/GOOS#windows md/GOARCH#amd64 api/iam#1.42.0 m/n" tf_aws.signing_region="" tf_provider_addr=registry.terraform.io/hashicorp/aws tf_resource_type=aws_iam_role timestamp="2026-09-27T23:26:11.272+0100"
2026-09-27T23:26:11.315+0100 [DEBUG] provider.terraform-provider-aws_v5.100.0_x5.exe: HTTP Request Sent:
  http.request.body=
  | {"AttributeNames":["All"],"QueueUrl":"https://sqs.eu-west-1.amazonaws.com/234334047980/health-platform-google-health"}
   http.request.header.authorization="AWS4-HMAC-SHA256 Credential=AKIA************SZUM/20260927/eu-west-1/sqs/aws4_request, SignedHeaders=amz-sdk-invocation-id;amz-sdk-request;content-length;content-type;host;x-amz-date;x-amz-target;x-amzn-query-mode, Signature=*****" http.user_agent="APN/1.0 HashiCorp/1.0 Terraform/1.15.3 (+https://www.terraform.io) terraform-provider-aws/5.100.0 (+https://registry.terraform.io/providers/hashicorp/aws) aws-sdk-go-v2/1.36.3 ua/2.1 os/windows lang/go#1.23.10 md/GOOS#windows md/GOARCH#amd64 api/sqs#1.38.6 m/n" rpc.system=aws-api tf_aws.sdk=aws-sdk-go-v2 tf_rpc=ReadResource http.request.header.x_amz_date=20260927T222611Z rpc.method=GetQueueAttributes tf_mux_provider="*schema.GRPCProviderServer" tf_resource_type=aws_sqs_queue @caller=github.com/hashicorp/aws-sdk-go-base/v2@v2.0.0-beta.65/logging/tf_logger.go:45 aws.region=eu-west-1 http.request.header.x_amz_target=AmazonSQS.GetQueueAttributes @module=aws http.request.header.amz_sdk_invocation_id=382d96be-f0a6-4a9c-bb76-4b3c9b47b684 http.url=https://sqs.eu-west-1.amazonaws.com/ net.peer.name=sqs.eu-west-1.amazonaws.com rpc.service=SQS http.request.header.amz_sdk_request="attempt=1; max=25" tf_aws.signing_region="" http.method=POST http.request.header.x_amzn_query_mode=true http.request_content_length=118 tf_req_id=4c9a9d91-8974-6cb7-12cc-f27588c60089 http.request.header.content_type=application/x-amz-json-1.0 messaging.system=AmazonSQS tf_provider_addr=registry.terraform.io/hashicorp/aws timestamp="2026-09-27T23:26:11.313+0100"
2026-09-27T23:26:11.316+0100 [DEBUG] provider.terraform-provider-aws_v5.100.0_x5.exe: HTTP Request Sent:
  http.request.body=
  | {"AttributeNames":["All"],"QueueUrl":"https://sqs.eu-west-1.amazonaws.com/234334047980/health-platform-lyfta"}
   http.request.header.amz_sdk_invocation_id=d7138ebc-5933-4ea5-bf1b-ead984437a32 http.request.header.authorization="AWS4-HMAC-SHA256 Credential=AKIA************SZUM/20260927/eu-west-1/sqs/aws4_request, SignedHeaders=amz-sdk-invocation-id;amz-sdk-request;content-length;content-type;host;x-amz-date;x-amz-target;x-amzn-query-mode, Signature=*****" rpc.service=SQS tf_rpc=ReadResource http.request.header.amz_sdk_request="attempt=1; max=25" http.request.header.x_amz_date=20260927T222611Z tf_provider_addr=registry.terraform.io/hashicorp/aws @caller=github.com/hashicorp/aws-sdk-go-base/v2@v2.0.0-beta.65/logging/tf_logger.go:45 http.url=https://sqs.eu-west-1.amazonaws.com/ messaging.system=AmazonSQS http.method=POST http.request.header.content_type=application/x-amz-json-1.0 net.peer.name=sqs.eu-west-1.amazonaws.com rpc.system=aws-api @module=aws tf_mux_provider="*schema.GRPCProviderServer" tf_aws.signing_region="" tf_req_id=e718e746-762e-6838-2ca2-1eb2a6b92b97 http.request.header.x_amz_target=AmazonSQS.GetQueueAttributes aws.region=eu-west-1 http.request_content_length=110 http.user_agent="APN/1.0 HashiCorp/1.0 Terraform/1.15.3 (+https://www.terraform.io) terraform-provider-aws/5.100.0 (+https://registry.terraform.io/providers/hashicorp/aws) aws-sdk-go-v2/1.36.3 ua/2.1 os/windows lang/go#1.23.10 md/GOOS#windows md/GOARCH#amd64 api/sqs#1.38.6 m/n" rpc.method=GetQueueAttributes tf_aws.sdk=aws-sdk-go-v2 http.request.header.x_amzn_query_mode=true tf_resource_type=aws_sqs_queue timestamp="2026-09-27T23:26:11.314+0100"
2026-09-27T23:26:11.335+0100 [DEBUG] provider.terraform-provider-aws_v5.100.0_x5.exe: HTTP Response Received: http.response.body="" http.response.header.content_type=application/xml http.response.header.x_amz_request_id=MZA2MWK4XX3RRPR0 http.status_code=200 rpc.system=aws-api @caller=github.com/hashicorp/aws-sdk-go-base/v2@v2.0.0-beta.65/logging/tf_logger.go:45 aws.s3.bucket=edgar-fitness-progess-photos http.response.header.server=AmazonS3 http.response.header.x_amz_bucket_arn=arn:aws:s3:::edgar-fitness-progess-photos http.response.header.x_amz_bucket_region=eu-west-1 tf_aws.signing_region="" tf_req_id=e147c953-aef9-a830-b14b-045aa1585b27 @module=aws aws.region=eu-west-1 http.response.header.date="Sun, 27 Sep 2026 22:26:12 GMT" http.response.header.x_amz_id_2=8zF9cD1342PuVVFhIxvsU4fQD2dfhyVHRUglGbIqGGWmN8uoSD7C1Py2dp0ER2yIC1HJrGGVGNM2kK4DCveZ2iL8a9dp5uXJ rpc.method=HeadBucket rpc.service=S3 tf_aws.sdk=aws-sdk-go-v2 tf_mux_provider="*schema.GRPCProviderServer" tf_provider_addr=registry.terraform.io/hashicorp/aws tf_resource_type=aws_s3_bucket tf_rpc=ReadResource http.response.header.x_amz_access_point_alias=false http.duration=404 timestamp="2026-09-27T23:26:11.334+0100"
2026-09-27T23:26:11.389+0100 [DEBUG] provider.terraform-provider-aws_v5.100.0_x5.exe: [DEBUG] Waiting for state to become: [success]
2026-09-27T23:26:11.450+0100 [DEBUG] provider.terraform-provider-aws_v5.100.0_x5.exe: HTTP Response Received: rpc.system=aws-api @module=aws http.response.header.content_type=application/x-amz-json-1.1 http.response.header.expires=0 rpc.service=KMS tf_aws.sdk=aws-sdk-go-v2 tf_aws.signing_region="" tf_mux_provider="*schema.GRPCProviderServer" http.duration=231 http.response.header.pragma=no-cache tf_provider_addr=registry.terraform.io/hashicorp/aws tf_resource_type=aws_kms_key tf_rpc=ReadResource @caller=github.com/hashicorp/aws-sdk-go-base/v2@v2.0.0-beta.65/logging/tf_logger.go:45 http.response.header.date="Sun, 27 Sep 2026 22:26:11 GMT" http.response.header.x_amzn_requestid=6d7272e2-6d0b-4e20-babb-28039bd3ed40 http.response_content_length=614 id=da336f01-4686-48a0-8e66-11e56892e7c9 tf_req_id=77cd01e0-6016-efd1-31bc-676f2655cce9 aws.region=eu-west-1
  http.response.body=
  | {"KeyMetadata":{"AWSAccountId":"234334047980","Arn":"arn:aws:kms:eu-west-1:234334047980:key/da336f01-4686-48a0-8e66-11e56892e7c9","CreationDate":1.788426146711E9,"CurrentKeyMaterialId":"3cf033bc9e33bf1fe8c2255a1303bb118a4a349108b3fce2b8e2eec9e65f72f1","CustomerMasterKeySpec":"SYMMETRIC_DEFAULT","Description":"KMS key used to encrypt user provider credentials.","Enabled":true,"EncryptionAlgorithms":["SYMMETRIC_DEFAULT"],"KeyId":"da336f01-4686-48a0-8e66-11e56892e7c9","KeyManager":"CUSTOMER","KeySpec":"SYMMETRIC_DEFAULT","KeyState":"Enabled","KeyUsage":"ENCRYPT_DECRYPT","MultiRegion":false,"Origin":"AWS_KMS"}}
   http.response.header.cache_control="no-cache, no-store, must-revalidate, private" http.response.header.connection=keep-alive http.status_code=200 rpc.method=DescribeKey timestamp="2026-09-27T23:26:11.449+0100"
2026-09-27T23:26:11.510+0100 [DEBUG] provider.terraform-provider-aws_v5.100.0_x5.exe: HTTP Response Received: @module=aws http.response.header.date="Sun, 27 Sep 2026 22:26:11 GMT" http.response_content_length=504 http.status_code=200 rpc.system=aws-api tf_provider_addr=registry.terraform.io/hashicorp/aws
  http.response.body=
  | {"logGroups":[{"arn":"arn:aws:logs:eu-west-1:234334047980:log-group:/ecs/sportfolio/health-platform-fatsecret-worker-logs:*","bearerTokenAuthenticationEnabled":false,"creationTime":1790544960047,"deletionProtectionEnabled":false,"logGroupArn":"arn:aws:logs:eu-west-1:234334047980:log-group:/ecs/sportfolio/health-platform-fatsecret-worker-logs","logGroupClass":"STANDARD","logGroupName":"/ecs/sportfolio/health-platform-fatsecret-worker-logs","metricFilterCount":0,"retentionInDays":30,"storedBytes":0}]}
   http.response.header.x_amzn_requestid=3fbde0c5-8f1d-497e-be34-d715b1dc9be7 tf_mux_provider="*schema.GRPCProviderServer" tf_req_id=c3fd880f-e028-d4c3-3722-3a85aa5c9076 @caller=github.com/hashicorp/aws-sdk-go-base/v2@v2.0.0-beta.65/logging/tf_logger.go:45 http.duration=379 http.response.header.content_type=application/x-amz-json-1.1 rpc.service="CloudWatch Logs" tf_aws.sdk=aws-sdk-go-v2 tf_aws.signing_region="" tf_resource_type=aws_cloudwatch_log_group tf_rpc=ReadResource aws.region=eu-west-1 rpc.method=DescribeLogGroups timestamp="2026-09-27T23:26:11.509+0100"
2026-09-27T23:26:11.522+0100 [DEBUG] provider.terraform-provider-aws_v5.100.0_x5.exe: HTTP Response Received: rpc.service=SNS rpc.system=aws-api aws.region=eu-west-1 http.response.header.date="Sun, 27 Sep 2026 22:26:11 GMT" http.response_content_length=2757 tf_aws.signing_region="" tf_mux_provider="*schema.GRPCProviderServer" tf_provider_addr=registry.terraform.io/hashicorp/aws
  http.response.body=
  | <GetTopicAttributesResponse xmlns="http://sns.amazonaws.com/doc/2010-03-31/">
  |   <GetTopicAttributesResult>
  |     <Attributes>
  |       <entry>
  |         <key>Policy</key>
  |         <value>{&quot;Version&quot;:&quot;2008-10-17&quot;,&quot;Id&quot;:&quot;__default_policy_ID&quot;,&quot;Statement&quot;:[{&quot;Sid&quot;:&quot;__default_statement_ID&quot;,&quot;Effect&quot;:&quot;Allow&quot;,&quot;Principal&quot;:{&quot;AWS&quot;:&quot;*&quot;},&quot;Action&quot;:[&quot;SNS:GetTopicAttributes&quot;,&quot;SNS:SetTopicAttributes&quot;,&quot;SNS:AddPermission&quot;,&quot;SNS:RemovePermission&quot;,&quot;SNS:DeleteTopic&quot;,&quot;SNS:Subscribe&quot;,&quot;SNS:ListSubscriptionsByTopic&quot;,&quot;SNS:Publish&quot;],&quot;Resource&quot;:&quot;arn:aws:sns:eu-west-1:234334047980:sportfolio-alerts&quot;,&quot;Condition&quot;:{&quot;StringEquals&quot;:{&quot;AWS:SourceOwner&quot;:&quot;234334047980&quot;}}}]}</value>
  |       </entry>
  |       <entry>
  |         <key>LambdaSuccessFeedbackSampleRate</key>
  |         <value>0</value>
  |       </entry>
  |       <entry>
  |         <key>Owner</key>
  |         <value>234334047980</value>
  |       </entry>
  |       <entry>
  |         <key>SubscriptionsPending</key>
  |         <value>1</value>
  |       </entry>
  |       <entry>
  |         <key>TopicArn</key>
  |         <value>arn:aws:sns:eu-west-1:234334047980:sportfolio-alerts</value>
  |       </entry>
  |       <entry>
  |         <key>EffectiveDeliveryPolicy</key>
  |         <value>{&quot;http&quot;:{&quot;defaultHealthyRetryPolicy&quot;:{&quot;minDelayTarget&quot;:20,&quot;maxDelayTarget&quot;:20,&quot;numRetries&quot;:3,&quot;numMaxDelayRetries&quot;:0,&quot;numNoDelayRetries&quot;:0,&quot;numMinDelayRetries&quot;:0,&quot;backoffFunction&quot;:&quot;linear&quot;},&quot;disableSubscriptionOverrides&quot;:false,&quot;defaultRequestPolicy&quot;:{&quot;headerContentType&quot;:&quot;text/plain; charset=UTF-8&quot;}}}</value>
  |       </entry>
  |       <entry>
  |         <key>FirehoseSuccessFeedbackSampleRate</key>
  |         <value>0</value>
  |       </entry>
  |       <entry>
  |         <key>SubscriptionsConfirmed</key>
  |         <value>0</value>
  |       </entry>
  |       <entry>
  |         <key>SQSSuccessFeedbackSampleRate</key>
  |         <value>0</value>
  |       </entry>
  |       <entry>
  |         <key>HTTPSuccessFeedbackSampleRate</key>
  |         <value>0</value>
  |       </entry>
  |       <entry>
  |         <key>ApplicationSuccessFeedbackSampleRate</key>
  |         <value>0</value>
  |       </entry>
  |       <entry>
  |         <key>DisplayName</key>
  |         <value/>
  |       </entry>
  |       <entry>
  |         <key>SubscriptionsDeleted</key>
  |         <value>1</value>
  |       </entry>
  |     </Attributes>
  |   </GetTopicAttributesResult>
  |   <ResponseMetadata>
  |     <RequestId>a170c4fa-c71f-594d-9b9b-a7c95d5c8218</RequestId>
  |   </ResponseMetadata>
  | </GetTopicAttributesResponse>
   rpc.method=GetTopicAttributes tf_aws.sdk=aws-sdk-go-v2 tf_resource_type=aws_sns_topic @module=aws http.duration=284 http.response.header.connection=keep-alive http.response.header.content_type=text/xml http.response.header.x_amzn_requestid=a170c4fa-c71f-594d-9b9b-a7c95d5c8218 http.status_code=200 tf_req_id=6fcb90a3-7338-6f3a-cce7-168043404c27 tf_rpc=ReadResource @caller=github.com/hashicorp/aws-sdk-go-base/v2@v2.0.0-beta.65/logging/tf_logger.go:45 timestamp="2026-09-27T23:26:11.521+0100"
2026-09-27T23:26:11.585+0100 [DEBUG] provider.terraform-provider-aws_v5.100.0_x5.exe: [DEBUG] Waiting for state to become: [success]
2026-09-27T23:26:11.666+0100 [DEBUG] provider.terraform-provider-aws_v5.100.0_x5.exe: HTTP Request Sent: http.request.header.x_amz_date=20260927T222611Z http.request_content_length=101 tf_aws.sdk=aws-sdk-go-v2 http.request.header.authorization="AWS4-HMAC-SHA256 Credential=AKIA************SZUM/20260927/eu-west-1/secretsmanager/aws4_request, SignedHeaders=amz-sdk-invocation-id;amz-sdk-request;content-length;content-type;host;x-amz-date;x-amz-target, Signature=*****" http.user_agent="APN/1.0 HashiCorp/1.0 Terraform/1.15.3 (+https://www.terraform.io) terraform-provider-aws/5.100.0 (+https://registry.terraform.io/providers/hashicorp/aws) aws-sdk-go-v2/1.36.3 ua/2.1 os/windows lang/go#1.23.10 md/GOOS#windows md/GOARCH#amd64 api/secretsmanager#1.35.5 m/n" rpc.method=GetResourcePolicy tf_aws.signing_region="" tf_resource_type=aws_secretsmanager_secret tf_rpc=ReadResource aws.region=eu-west-1 http.method=POST http.request.header.amz_sdk_request="attempt=1; max=25" http.request.header.content_type=application/x-amz-json-1.1 http.url=https://secretsmanager.eu-west-1.amazonaws.com/ tf_provider_addr=registry.terraform.io/hashicorp/aws tf_req_id=bdaf5f28-9d7b-3a66-b3e2-c194883cfdca @module=aws
  http.request.body=
  | {"SecretId":"arn:aws:secretsmanager:eu-west-1:234334047980:secret:sportfolio/rds/db_password-zxHA3w"}
   http.request.header.amz_sdk_invocation_id=b75710ba-16e2-4343-abf2-c9533a3e2dde http.request.header.x_amz_target=secretsmanager.GetResourcePolicy net.peer.name=secretsmanager.eu-west-1.amazonaws.com rpc.service="Secrets Manager" rpc.system=aws-api tf_mux_provider="*schema.GRPCProviderServer" @caller=github.com/hashicorp/aws-sdk-go-base/v2@v2.0.0-beta.65/logging/tf_logger.go:45 timestamp="2026-09-27T23:26:11.664+0100"
2026-09-27T23:26:11.722+0100 [DEBUG] provider.terraform-provider-aws_v5.100.0_x5.exe: HTTP Response Received: tf_mux_provider="*schema.GRPCProviderServer" aws.region=eu-west-1 http.response.header.connection=keep-alive http.response.header.x_amzn_requestid=11a55494-c782-5a55-97e9-37a75dc1e579 rpc.service=SQS tf_aws.sdk=aws-sdk-go-v2 tf_req_id=4c9a9d91-8974-6cb7-12cc-f27588c60089 http.response.header.content_type=application/x-amz-json-1.0 http.response.header.date="Sun, 27 Sep 2026 22:26:11 GMT" http.response_content_length=456 http.status_code=200 net.peer.name=https://sqs.eu-west-1.amazonaws.com/234334047980/health-platform-google-health rpc.method=GetQueueAttributes tf_aws.signing_region="" http.duration=406 messaging.system=AmazonSQS rpc.system=aws-api tf_provider_addr=registry.terraform.io/hashicorp/aws tf_resource_type=aws_sqs_queue tf_rpc=ReadResource @caller=github.com/hashicorp/aws-sdk-go-base/v2@v2.0.0-beta.65/logging/tf_logger.go:45 @module=aws
  http.response.body=
  | {"Attributes":{"QueueArn":"arn:aws:sqs:eu-west-1:234334047980:health-platform-google-health","ApproximateNumberOfMessages":"2","ApproximateNumberOfMessagesNotVisible":"0","ApproximateNumberOfMessagesDelayed":"0","CreatedTimestamp":"1788425325","LastModifiedTimestamp":"1790437928","VisibilityTimeout":"30","MaximumMessageSize":"262144","MessageRetentionPeriod":"345600","DelaySeconds":"0","ReceiveMessageWaitTimeSeconds":"0","SqsManagedSseEnabled":"true"}}
   timestamp="2026-09-27T23:26:11.721+0100"
2026-09-27T23:26:11.770+0100 [DEBUG] provider.terraform-provider-aws_v5.100.0_x5.exe: HTTP Response Received: http.response.header.date="Sun, 27 Sep 2026 22:26:11 GMT" http.response_content_length=132 http.status_code=200 rpc.system=aws-api tf_req_id=bdaf5f28-9d7b-3a66-b3e2-c194883cfdca @caller=github.com/hashicorp/aws-sdk-go-base/v2@v2.0.0-beta.65/logging/tf_logger.go:45 @module=aws
  http.response.body=
  | {"ARN":"arn:aws:secretsmanager:eu-west-1:234334047980:secret:sportfolio/rds/db_password-zxHA3w","Name":"sportfolio/rds/db_password"}
   aws.region=eu-west-1 http.response.header.content_type=application/x-amz-json-1.1 http.response.header.x_amzn_requestid=f0e5bbc1-05b6-4e5d-8e50-0a7fb26ea424 rpc.service="Secrets Manager" tf_aws.signing_region="" tf_mux_provider="*schema.GRPCProviderServer" tf_resource_type=aws_secretsmanager_secret rpc.method=GetResourcePolicy tf_aws.sdk=aws-sdk-go-v2 tf_provider_addr=registry.terraform.io/hashicorp/aws tf_rpc=ReadResource http.duration=104 timestamp="2026-09-27T23:26:11.769+0100"
2026-09-27T23:26:11.992+0100 [DEBUG] provider.terraform-provider-aws_v5.100.0_x5.exe: HTTP Response Received: @module=aws aws.region=eu-west-1 rpc.method=GetQueueAttributes tf_aws.sdk=aws-sdk-go-v2 tf_mux_provider="*schema.GRPCProviderServer" tf_provider_addr=registry.terraform.io/hashicorp/aws tf_req_id=e718e746-762e-6838-2ca2-1eb2a6b92b97 @caller=github.com/hashicorp/aws-sdk-go-base/v2@v2.0.0-beta.65/logging/tf_logger.go:45 http.duration=676 http.response.header.connection=keep-alive http.response.header.date="Sun, 27 Sep 2026 22:26:11 GMT" http.status_code=200 net.peer.name=https://sqs.eu-west-1.amazonaws.com/234334047980/health-platform-lyfta tf_aws.signing_region=""
  http.response.body=
  | {"Attributes":{"QueueArn":"arn:aws:sqs:eu-west-1:234334047980:health-platform-lyfta","ApproximateNumberOfMessages":"3","ApproximateNumberOfMessagesNotVisible":"0","ApproximateNumberOfMessagesDelayed":"0","CreatedTimestamp":"1788425325","LastModifiedTimestamp":"1790430722","VisibilityTimeout":"30","MaximumMessageSize":"262144","MessageRetentionPeriod":"345600","DelaySeconds":"0","ReceiveMessageWaitTimeSeconds":"0","SqsManagedSseEnabled":"true"}}
   http.response.header.content_type=application/x-amz-json-1.0 http.response.header.x_amzn_requestid=5f8b0ef2-6e0c-5204-a4e9-6dc1f44fadc8 http.response_content_length=448 messaging.system=AmazonSQS rpc.service=SQS rpc.system=aws-api tf_resource_type=aws_sqs_queue tf_rpc=ReadResource timestamp="2026-09-27T23:26:11.991+0100"
2026-09-27T23:26:12.000+0100 [DEBUG] provider.terraform-provider-aws_v5.100.0_x5.exe: HTTP Response Received: http.response.header.x_amzn_requestid=05b82e6b-995a-4229-b09c-69e0dc5efd15 rpc.service=IAM @module=aws aws.region=eu-west-1 http.response.header.date="Sun, 27 Sep 2026 22:26:11 GMT" http.response_content_length=1277 http.status_code=200 tf_resource_type=aws_iam_role http.response.header.content_type=text/xml rpc.method=GetRole rpc.system=aws-api tf_aws.signing_region="" tf_mux_provider="*schema.GRPCProviderServer" @caller=github.com/hashicorp/aws-sdk-go-base/v2@v2.0.0-beta.65/logging/tf_logger.go:45 http.duration=961
  http.response.body=
  | <GetRoleResponse xmlns="https://iam.amazonaws.com/doc/2010-05-08/">
  |   <GetRoleResult>
  |     <Role>
  |       <AssumeRolePolicyDocument>%7B%22Version%22%3A%222012-10-17%22%2C%22Statement%22%3A%5B%7B%22Effect%22%3A%22Allow%22%2C%22Principal%22%3A%7B%22Service%22%3A%22lambda.amazonaws.com%22%7D%2C%22Action%22%3A%22sts%3AAssumeRole%22%7D%5D%7D</AssumeRolePolicyDocument>
  |       <RoleId>AROA*************2GPT</RoleId>
  |       <Tags>
  |         <member>
  |           <Value>production</Value>
  |           <Key>Environment</Key>
  |         </member>
  |         <member>
  |           <Value>sportfolio</Value>
  |           <Key>Project</Key>
  |         </member>
  |         <member>
  |           <Value>terraform</Value>
  |           <Key>ManagedBy</Key>
  |         </member>
  |       </Tags>
  |       <Path>/</Path>
  |       <MaxSessionDuration>3600</MaxSessionDuration>
  |       <RoleLastUsed>
  |         <LastUsedDate>2026-09-27T12:17:21Z</LastUsedDate>
  |         <Region>eu-west-1</Region>
  |       </RoleLastUsed>
  |       <RoleName>sportfolio-dispatcher</RoleName>
  |       <Arn>arn:aws:iam::234334047980:role/sportfolio-dispatcher</Arn>
  |       <CreateDate>2026-09-16T16:51:11Z</CreateDate>
  |     </Role>
  |   </GetRoleResult>
  |   <ResponseMetadata>
  |     <RequestId>05b82e6b-995a-4229-b09c-69e0dc5efd15</RequestId>
  |   </ResponseMetadata>
  | </GetRoleResponse>
   tf_aws.sdk=aws-sdk-go-v2 tf_provider_addr=registry.terraform.io/hashicorp/aws tf_req_id=544fe444-f8de-7744-a2d0-57b6e29aabff tf_rpc=ReadResource timestamp="2026-09-27T23:26:12.000+0100"
2026-09-27T23:26:12.050+0100 [DEBUG] provider.terraform-provider-aws_v5.100.0_x5.exe: HTTP Response Received: rpc.system=aws-api tf_provider_addr=registry.terraform.io/hashicorp/aws tf_resource_type=aws_iam_role http.duration=776 http.response.header.content_type=text/xml http.response.header.date="Sun, 27 Sep 2026 22:26:11 GMT" http.response_content_length=1182 rpc.method=GetRole tf_aws.sdk=aws-sdk-go-v2 tf_mux_provider="*schema.GRPCProviderServer" aws.region=eu-west-1 http.status_code=200 tf_aws.signing_region="" tf_req_id=14ba3dc9-9818-a1e3-2b5a-c897d7454b6a tf_rpc=ReadResource @caller=github.com/hashicorp/aws-sdk-go-base/v2@v2.0.0-beta.65/logging/tf_logger.go:45 @module=aws
  http.response.body=
  | <GetRoleResponse xmlns="https://iam.amazonaws.com/doc/2010-05-08/">
  |   <GetRoleResult>
  |     <Role>
  |       <AssumeRolePolicyDocument>%7B%22Version%22%3A%222012-10-17%22%2C%22Statement%22%3A%5B%7B%22Effect%22%3A%22Allow%22%2C%22Principal%22%3A%7B%22Service%22%3A%22ecs-tasks.amazonaws.com%22%7D%2C%22Action%22%3A%22sts%3AAssumeRole%22%7D%5D%7D</AssumeRolePolicyDocument>
  |       <RoleId>AROA*************WSNC</RoleId>
  |       <Tags>
  |         <member>
  |           <Value>terraform</Value>
  |           <Key>ManagedBy</Key>
  |         </member>
  |         <member>
  |           <Value>production</Value>
  |           <Key>Environment</Key>
  |         </member>
  |         <member>
  |           <Value>sportfolio</Value>
  |           <Key>Project</Key>
  |         </member>
  |       </Tags>
  |       <Path>/</Path>
  |       <MaxSessionDuration>3600</MaxSessionDuration>
  |       <RoleLastUsed/>
  |       <RoleName>sportfolio-ecs-execution-role</RoleName>
  |       <Arn>arn:aws:iam::234334047980:role/sportfolio-ecs-execution-role</Arn>
  |       <CreateDate>2026-09-27T20:35:08Z</CreateDate>
  |     </Role>
  |   </GetRoleResult>
  |   <ResponseMetadata>
  |     <RequestId>5885ddf3-6ee6-4dda-a7c3-7441cab8c0d4</RequestId>
  |   </ResponseMetadata>
  | </GetRoleResponse>
   http.response.header.x_amzn_requestid=5885ddf3-6ee6-4dda-a7c3-7441cab8c0d4 rpc.service=IAM timestamp="2026-09-27T23:26:12.049+0100"
2026-09-27T23:26:12.186+0100 [DEBUG] provider.terraform-provider-aws_v5.100.0_x5.exe: HTTP Request Sent: @caller=github.com/hashicorp/aws-sdk-go-base/v2@v2.0.0-beta.65/logging/tf_logger.go:45 aws.region=eu-west-1 http.request.header.authorization="AWS4-HMAC-SHA256 Credential=AKIA************SZUM/20260927/eu-west-1/s3/aws4_request, SignedHeaders=accept-encoding;amz-sdk-invocation-id;amz-sdk-request;host;x-amz-content-sha256;x-amz-date, Signature=*****" http.request.header.x_amz_content_sha256=e3b0c44298fc1c149afbf4c8996fb92427ae41e4649b934ca495991b7852b855 tf_mux_provider="*schema.GRPCProviderServer" http.request.body="" http.user_agent="APN/1.0 HashiCorp/1.0 Terraform/1.15.3 (+https://www.terraform.io) terraform-provider-aws/5.100.0 (+https://registry.terraform.io/providers/hashicorp/aws) aws-sdk-go-v2/1.36.3 ua/2.1 os/windows lang/go#1.23.10 md/GOOS#windows md/GOARCH#amd64 api/s3#1.80.1 m/n" rpc.method=GetBucketPolicy rpc.service=S3 rpc.system=aws-api tf_provider_addr=registry.terraform.io/hashicorp/aws @module=aws http.method=GET net.peer.name=edgar-fitness-progess-photos.s3.eu-west-1.amazonaws.com tf_aws.signing_region="" tf_resource_type=aws_s3_bucket tf_rpc=ReadResource http.request.header.accept_encoding=identity http.request.header.amz_sdk_invocation_id=2df56db3-958a-46f6-b298-5300b714b2ef http.request.header.amz_sdk_request="attempt=1; max=25" http.request.header.x_amz_date=20260927T222612Z http.url=https://edgar-fitness-progess-photos.s3.eu-west-1.amazonaws.com/?policy= tf_aws.sdk=aws-sdk-go-v2 tf_req_id=e147c953-aef9-a830-b14b-045aa1585b27 timestamp="2026-09-27T23:26:12.185+0100"
2026-09-27T23:26:12.299+0100 [DEBUG] provider.terraform-provider-aws_v5.100.0_x5.exe: HTTP Request Sent: @caller=github.com/hashicorp/aws-sdk-go-base/v2@v2.0.0-beta.65/logging/tf_logger.go:45 http.request.header.amz_sdk_request="attempt=1; max=25" messaging.system=AmazonSQS tf_mux_provider="*schema.GRPCProviderServer" rpc.system=aws-api tf_aws.signing_region="" tf_resource_type=aws_sqs_queue http.method=POST http.request.header.x_amzn_query_mode=true tf_req_id=e718e746-762e-6838-2ca2-1eb2a6b92b97 tf_rpc=ReadResource http.request.header.x_amz_date=20260927T222612Z http.request.header.x_amz_target=AmazonSQS.ListQueueTags tf_aws.sdk=aws-sdk-go-v2 tf_provider_addr=registry.terraform.io/hashicorp/aws
  http.request.body=
  | {"QueueUrl":"https://sqs.eu-west-1.amazonaws.com/234334047980/health-platform-lyfta"}
   http.url=https://sqs.eu-west-1.amazonaws.com/ http.user_agent="APN/1.0 HashiCorp/1.0 Terraform/1.15.3 (+https://www.terraform.io) terraform-provider-aws/5.100.0 (+https://registry.terraform.io/providers/hashicorp/aws) aws-sdk-go-v2/1.36.3 ua/2.1 os/windows lang/go#1.23.10 md/GOOS#windows md/GOARCH#amd64 api/sqs#1.38.6 m/n" net.peer.name=sqs.eu-west-1.amazonaws.com rpc.service=SQS @module=aws aws.region=eu-west-1 http.request.header.amz_sdk_invocation_id=8c327536-8543-4616-80fa-c689d9c63db2 http.request.header.authorization="AWS4-HMAC-SHA256 Credential=AKIA************SZUM/20260927/eu-west-1/sqs/aws4_request, SignedHeaders=amz-sdk-invocation-id;amz-sdk-request;content-length;content-type;host;x-amz-date;x-amz-target;x-amzn-query-mode, Signature=*****" http.request.header.content_type=application/x-amz-json-1.0 http.request_content_length=85 rpc.method=ListQueueTags timestamp="2026-09-27T23:26:12.297+0100"
2026-09-27T23:26:12.301+0100 [DEBUG] provider.terraform-provider-aws_v5.100.0_x5.exe: HTTP Request Sent: http.request.header.content_type=application/x-amz-json-1.0 http.request_content_length=93 http.url=https://sqs.eu-west-1.amazonaws.com/ rpc.system=aws-api tf_mux_provider="*schema.GRPCProviderServer" tf_req_id=4c9a9d91-8974-6cb7-12cc-f27588c60089 http.request.header.amz_sdk_request="attempt=1; max=25" http.user_agent="APN/1.0 HashiCorp/1.0 Terraform/1.15.3 (+https://www.terraform.io) terraform-provider-aws/5.100.0 (+https://registry.terraform.io/providers/hashicorp/aws) aws-sdk-go-v2/1.36.3 ua/2.1 os/windows lang/go#1.23.10 md/GOOS#windows md/GOARCH#amd64 api/sqs#1.38.6 m/n" tf_provider_addr=registry.terraform.io/hashicorp/aws http.request.header.x_amz_date=20260927T222612Z rpc.method=ListQueueTags @module=aws http.method=POST net.peer.name=sqs.eu-west-1.amazonaws.com tf_aws.signing_region="" aws.region=eu-west-1 http.request.header.authorization="AWS4-HMAC-SHA256 Credential=AKIA************SZUM/20260927/eu-west-1/sqs/aws4_request, SignedHeaders=amz-sdk-invocation-id;amz-sdk-request;content-length;content-type;host;x-amz-date;x-amz-target;x-amzn-query-mode, Signature=*****" tf_rpc=ReadResource http.request.header.x_amzn_query_mode=true rpc.service=SQS @caller=github.com/hashicorp/aws-sdk-go-base/v2@v2.0.0-beta.65/logging/tf_logger.go:45
  http.request.body=
  | {"QueueUrl":"https://sqs.eu-west-1.amazonaws.com/234334047980/health-platform-google-health"}
   http.request.header.amz_sdk_invocation_id=7ea3d8bc-774c-42eb-b271-f153072a8654 http.request.header.x_amz_target=AmazonSQS.ListQueueTags messaging.system=AmazonSQS tf_aws.sdk=aws-sdk-go-v2 tf_resource_type=aws_sqs_queue timestamp="2026-09-27T23:26:12.300+0100"
2026-09-27T23:26:12.327+0100 [DEBUG] provider.terraform-provider-aws_v5.100.0_x5.exe: HTTP Response Received: http.status_code=404 @module=aws aws.region=eu-west-1
  http.response.body=
  | <?xml version="1.0" encoding="UTF-8"?>
  | <Error><Code>NoSuchBucketPolicy</Code><Message>The bucket policy does not exist</Message><BucketName>edgar-fitness-progess-photos</BucketName><RequestId>NWM6G6ADZCC5HZ2S</RequestId><HostId>lnHGL5TQHTxw4OuhDFQt1NyWB9gckMjINujxtLn6AWJ457RHPAlh4HuRU4fHYyJ8shVdNwKlsFRFgUA0qNYRBHrTehy9QHcU</HostId></Error>
   http.response.header.date="Sun, 27 Sep 2026 22:26:11 GMT" http.response.header.server=AmazonS3 rpc.system=aws-api tf_mux_provider="*schema.GRPCProviderServer" tf_provider_addr=registry.terraform.io/hashicorp/aws tf_req_id=e147c953-aef9-a830-b14b-045aa1585b27 tf_resource_type=aws_s3_bucket @caller=github.com/hashicorp/aws-sdk-go-base/v2@v2.0.0-beta.65/logging/tf_logger.go:45 http.response.header.content_type=application/xml http.response.header.x_amz_request_id=NWM6G6ADZCC5HZ2S rpc.method=GetBucketPolicy rpc.service=S3 tf_rpc=ReadResource http.duration=140 http.response.header.x_amz_id_2=lnHGL5TQHTxw4OuhDFQt1NyWB9gckMjINujxtLn6AWJ457RHPAlh4HuRU4fHYyJ8shVdNwKlsFRFgUA0qNYRBHrTehy9QHcU tf_aws.sdk=aws-sdk-go-v2 tf_aws.signing_region="" timestamp="2026-09-27T23:26:12.326+0100"
2026-09-27T23:26:12.383+0100 [DEBUG] provider.terraform-provider-aws_v5.100.0_x5.exe: HTTP Request Sent: tf_rpc=ReadResource @module=aws aws.region=eu-west-1 http.request.header.amz_sdk_invocation_id=819743eb-5c2f-43f8-bd1c-d2a1af23034b http.request.header.x_amz_date=20260927T222612Z tf_mux_provider="*schema.GRPCProviderServer" http.method=POST http.request.header.authorization="AWS4-HMAC-SHA256 Credential=AKIA************SZUM/20260927/eu-west-1/sns/aws4_request, SignedHeaders=amz-sdk-invocation-id;amz-sdk-request;content-length;content-type;host;x-amz-date, Signature=*****" rpc.method=ListTagsForResource rpc.system=aws-api tf_aws.sdk=aws-sdk-go-v2 tf_aws.signing_region="" @caller=github.com/hashicorp/aws-sdk-go-base/v2@v2.0.0-beta.65/logging/tf_logger.go:45
  http.request.body=
  | Action=ListTagsForResource&ResourceArn=arn%3Aaws%3Asns%3Aeu-west-1%3A234334047980%3Asportfolio-alerts&Version=2010-03-31
   http.url=https://sns.eu-west-1.amazonaws.com/ tf_provider_addr=registry.terraform.io/hashicorp/aws tf_req_id=6fcb90a3-7338-6f3a-cce7-168043404c27 tf_resource_type=aws_sns_topic http.request.header.amz_sdk_request="attempt=1; max=25" http.request.header.content_type=application/x-www-form-urlencoded http.request_content_length=120 http.user_agent="APN/1.0 HashiCorp/1.0 Terraform/1.15.3 (+https://www.terraform.io) terraform-provider-aws/5.100.0 (+https://registry.terraform.io/providers/hashicorp/aws) aws-sdk-go-v2/1.36.3 ua/2.1 os/windows lang/go#1.23.10 md/GOOS#windows md/GOARCH#amd64 api/sns#1.34.5 m/n" net.peer.name=sns.eu-west-1.amazonaws.com rpc.service=SNS timestamp="2026-09-27T23:26:12.382+0100"
2026-09-27T23:26:12.386+0100 [DEBUG] provider.terraform-provider-aws_v5.100.0_x5.exe: HTTP Response Received: @module=aws http.duration=88 http.response.header.connection=keep-alive http.response.header.content_type=application/x-amz-json-1.0 tf_aws.sdk=aws-sdk-go-v2 tf_aws.signing_region="" tf_req_id=e718e746-762e-6838-2ca2-1eb2a6b92b97 @caller=github.com/hashicorp/aws-sdk-go-base/v2@v2.0.0-beta.65/logging/tf_logger.go:45 aws.region=eu-west-1 http.response.header.date="Sun, 27 Sep 2026 22:26:12 GMT" rpc.service=SQS rpc.system=aws-api tf_provider_addr=registry.terraform.io/hashicorp/aws http.response.header.x_amzn_requestid=abf40b6d-3302-5b06-bf37-685ea946f4ca net.peer.name=https://sqs.eu-west-1.amazonaws.com/234334047980/health-platform-lyfta tf_resource_type=aws_sqs_queue
  http.response.body=
  | {"Tags":{"Project":"sportfolio","Environment":"production","ManagedBy":"terraform"}}
   http.response_content_length=84 http.status_code=200 messaging.system=AmazonSQS rpc.method=ListQueueTags tf_mux_provider="*schema.GRPCProviderServer" tf_rpc=ReadResource timestamp="2026-09-27T23:26:12.386+0100"
2026-09-27T23:26:12.398+0100 [DEBUG] provider.terraform-provider-aws_v5.100.0_x5.exe: HTTP Request Sent: http.url=https://ec2.eu-west-1.amazonaws.com/ http.user_agent="APN/1.0 HashiCorp/1.0 Terraform/1.15.3 (+https://www.terraform.io) terraform-provider-aws/5.100.0 (+https://registry.terraform.io/providers/hashicorp/aws) aws-sdk-go-v2/1.36.3 ua/2.1 os/windows lang/go#1.23.10 md/GOOS#windows md/GOARCH#amd64 api/ec2#1.224.1 m/n" rpc.method=DescribeAddresses tf_aws.signing_region="" tf_resource_type=aws_eip aws.region=eu-west-1 http.request.header.content_type=application/x-www-form-urlencoded tf_rpc=ReadResource
  http.request.body=
  | Action=DescribeAddresses&AllocationId.1=eipalloc-03155fd73f7ca9787&Version=2016-11-15
   http.request.header.authorization="AWS4-HMAC-SHA256 Credential=AKIA************SZUM/20260927/eu-west-1/ec2/aws4_request, SignedHeaders=amz-sdk-invocation-id;amz-sdk-request;content-length;content-type;host;x-amz-date, Signature=*****" http.request_content_length=85 net.peer.name=ec2.eu-west-1.amazonaws.com rpc.service=EC2 tf_aws.sdk=aws-sdk-go-v2 tf_provider_addr=registry.terraform.io/hashicorp/aws @caller=github.com/hashicorp/aws-sdk-go-base/v2@v2.0.0-beta.65/logging/tf_logger.go:45 @module=aws http.method=POST http.request.header.amz_sdk_invocation_id=65da2da2-5239-442f-8445-73a92c76a43e http.request.header.x_amz_date=20260927T222612Z rpc.system=aws-api tf_mux_provider="*schema.GRPCProviderServer" tf_req_id=1af56138-d11f-8daf-5e9c-917ddfff44c3 http.request.header.amz_sdk_request="attempt=1; max=25" timestamp="2026-09-27T23:26:12.397+0100"
2026-09-27T23:26:12.423+0100 [DEBUG] provider.terraform-provider-aws_v5.100.0_x5.exe: HTTP Request Sent: net.peer.name=kms.eu-west-1.amazonaws.com
  http.request.body=
  | {"KeyId":"da336f01-4686-48a0-8e66-11e56892e7c9","PolicyName":"default"}
   tf_aws.sdk=aws-sdk-go-v2 tf_mux_provider="*schema.GRPCProviderServer" @module=aws http.method=POST http.user_agent="APN/1.0 HashiCorp/1.0 Terraform/1.15.3 (+https://www.terraform.io) terraform-provider-aws/5.100.0 (+https://registry.terraform.io/providers/hashicorp/aws) aws-sdk-go-v2/1.36.3 ua/2.1 os/windows lang/go#1.23.10 md/GOOS#windows md/GOARCH#amd64 api/kms#1.40.0 m/n" rpc.method=GetKeyPolicy rpc.system=aws-api tf_resource_type=aws_kms_key http.request.header.amz_sdk_invocation_id=a5fe4a34-786a-47b0-96d7-1cf2391bfc03 id=da336f01-4686-48a0-8e66-11e56892e7c9 aws.region=eu-west-1 http.request.header.amz_sdk_request="attempt=1; max=25" rpc.service=KMS tf_provider_addr=registry.terraform.io/hashicorp/aws tf_req_id=77cd01e0-6016-efd1-31bc-676f2655cce9 http.request.header.authorization="AWS4-HMAC-SHA256 Credential=AKIA************SZUM/20260927/eu-west-1/kms/aws4_request, SignedHeaders=amz-sdk-invocation-id;amz-sdk-request;content-length;content-type;host;x-amz-date;x-amz-target, Signature=*****" http.request.header.x_amz_date=20260927T222612Z http.request.header.x_amz_target=TrentService.GetKeyPolicy tf_aws.signing_region="" tf_rpc=ReadResource http.url=https://kms.eu-west-1.amazonaws.com/ @caller=github.com/hashicorp/aws-sdk-go-base/v2@v2.0.0-beta.65/logging/tf_logger.go:45 http.request.header.content_type=application/x-amz-json-1.1 http.request_content_length=71 timestamp="2026-09-27T23:26:12.422+0100"
2026-09-27T23:26:12.470+0100 [DEBUG] provider.terraform-provider-aws_v5.100.0_x5.exe: HTTP Response Received: http.status_code=200 net.peer.name=https://sqs.eu-west-1.amazonaws.com/234334047980/health-platform-google-health tf_aws.signing_region=""
  http.response.body=
  | {"Tags":{"Project":"sportfolio","Environment":"production","ManagedBy":"terraform"}}
   rpc.method=ListQueueTags rpc.service=SQS tf_resource_type=aws_sqs_queue @module=aws http.duration=169 http.response.header.date="Sun, 27 Sep 2026 22:26:12 GMT" messaging.system=AmazonSQS rpc.system=aws-api tf_provider_addr=registry.terraform.io/hashicorp/aws tf_req_id=4c9a9d91-8974-6cb7-12cc-f27588c60089 @caller=github.com/hashicorp/aws-sdk-go-base/v2@v2.0.0-beta.65/logging/tf_logger.go:45 aws.region=eu-west-1 http.response.header.connection=keep-alive tf_aws.sdk=aws-sdk-go-v2 tf_mux_provider="*schema.GRPCProviderServer" tf_rpc=ReadResource http.response.header.content_type=application/x-amz-json-1.0 http.response.header.x_amzn_requestid=cf2f47a8-fa26-5ff0-aaf6-249b606290dc http.response_content_length=84 timestamp="2026-09-27T23:26:12.470+0100"
2026-09-27T23:26:12.472+0100 [DEBUG] provider.terraform-provider-aws_v5.100.0_x5.exe: HTTP Response Received: http.response.header.date="Sun, 27 Sep 2026 22:26:12 GMT" http.status_code=200 rpc.method=ListTagsForResource rpc.system=aws-api tf_req_id=6fcb90a3-7338-6f3a-cce7-168043404c27 tf_resource_type=aws_sns_topic http.response.header.connection=keep-alive tf_aws.sdk=aws-sdk-go-v2 tf_rpc=ReadResource aws.region=eu-west-1
  http.response.body=
  | <ListTagsForResourceResponse xmlns="http://sns.amazonaws.com/doc/2010-03-31/">
  |   <ListTagsForResourceResult>
  |     <Tags>
  |       <member>
  |         <Value>sportfolio</Value>
  |         <Key>Project</Key>
  |       </member>
  |       <member>
  |         <Value>production</Value>
  |         <Key>Environment</Key>
  |       </member>
  |       <member>
  |         <Value>terraform</Value>
  |         <Key>ManagedBy</Key>
  |       </member>
  |     </Tags>
  |   </ListTagsForResourceResult>
  |   <ResponseMetadata>
  |     <RequestId>b2001ddc-237e-5e5c-97c8-7eefb93ab509</RequestId>
  |   </ResponseMetadata>
  | </ListTagsForResourceResponse>
   http.response.header.content_type=text/xml rpc.service=SNS @caller=github.com/hashicorp/aws-sdk-go-base/v2@v2.0.0-beta.65/logging/tf_logger.go:45 http.response.header.x_amzn_requestid=b2001ddc-237e-5e5c-97c8-7eefb93ab509 http.response_content_length=582 tf_aws.signing_region="" tf_mux_provider="*schema.GRPCProviderServer" tf_provider_addr=registry.terraform.io/hashicorp/aws @module=aws http.duration=86 timestamp="2026-09-27T23:26:12.472+0100"
2026-09-27T23:26:12.477+0100 [DEBUG] provider.terraform-provider-aws_v5.100.0_x5.exe: HTTP Request Sent: http.request.header.authorization="AWS4-HMAC-SHA256 Credential=AKIA************SZUM/20260927/us-east-1/iam/aws4_request, SignedHeaders=amz-sdk-invocation-id;amz-sdk-request;content-length;content-type;host;x-amz-date, Signature=*****" http.user_agent="APN/1.0 HashiCorp/1.0 Terraform/1.15.3 (+https://www.terraform.io) terraform-provider-aws/5.100.0 (+https://registry.terraform.io/providers/hashicorp/aws) aws-sdk-go-v2/1.36.3 ua/2.1 os/windows lang/go#1.23.10 md/GOOS#windows md/GOARCH#amd64 api/iam#1.42.0 m/C,n" tf_aws.signing_region="" tf_provider_addr=registry.terraform.io/hashicorp/aws @caller=github.com/hashicorp/aws-sdk-go-base/v2@v2.0.0-beta.65/logging/tf_logger.go:45 http.request.header.x_amz_date=20260927T222612Z http.request_content_length=73 rpc.service=IAM rpc.system=aws-api @module=aws http.method=POST
  http.request.body=
  | Action=ListRolePolicies&RoleName=sportfolio-dispatcher&Version=2010-05-08
   http.request.header.content_type=application/x-www-form-urlencoded http.url=https://iam.amazonaws.com/ net.peer.name=iam.amazonaws.com tf_resource_type=aws_iam_role aws.region=eu-west-1 http.request.header.amz_sdk_invocation_id=01a5bf4f-e068-41a6-8bd8-5851ae1c4a9a rpc.method=ListRolePolicies tf_aws.sdk=aws-sdk-go-v2 tf_mux_provider="*schema.GRPCProviderServer" tf_req_id=544fe444-f8de-7744-a2d0-57b6e29aabff tf_rpc=ReadResource http.request.header.amz_sdk_request="attempt=1; max=25" timestamp="2026-09-27T23:26:12.476+0100"
2026-09-27T23:26:12.478+0100 [DEBUG] provider.terraform-provider-aws_v5.100.0_x5.exe: HTTP Request Sent: http.request.header.content_type=application/x-www-form-urlencoded http.request_content_length=81 http.user_agent="APN/1.0 HashiCorp/1.0 Terraform/1.15.3 (+https://www.terraform.io) terraform-provider-aws/5.100.0 (+https://registry.terraform.io/providers/hashicorp/aws) aws-sdk-go-v2/1.36.3 ua/2.1 os/windows lang/go#1.23.10 md/GOOS#windows md/GOARCH#amd64 api/iam#1.42.0 m/C,n" tf_mux_provider="*schema.GRPCProviderServer" tf_resource_type=aws_iam_role http.request.header.authorization="AWS4-HMAC-SHA256 Credential=AKIA************SZUM/20260927/us-east-1/iam/aws4_request, SignedHeaders=amz-sdk-invocation-id;amz-sdk-request;content-length;content-type;host;x-amz-date, Signature=*****" http.request.header.x_amz_date=20260927T222612Z @module=aws aws.region=eu-west-1 net.peer.name=iam.amazonaws.com rpc.method=ListRolePolicies http.request.header.amz_sdk_invocation_id=919ee3e3-1c99-459f-b94e-ead8f9bab735 http.request.header.amz_sdk_request="attempt=1; max=25" rpc.system=aws-api tf_aws.sdk=aws-sdk-go-v2 tf_aws.signing_region="" tf_provider_addr=registry.terraform.io/hashicorp/aws tf_req_id=14ba3dc9-9818-a1e3-2b5a-c897d7454b6a tf_rpc=ReadResource @caller=github.com/hashicorp/aws-sdk-go-base/v2@v2.0.0-beta.65/logging/tf_logger.go:45 http.method=POST
  http.request.body=
  | Action=ListRolePolicies&RoleName=sportfolio-ecs-execution-role&Version=2010-05-08
   http.url=https://iam.amazonaws.com/ rpc.service=IAM timestamp="2026-09-27T23:26:12.478+0100"
2026-09-27T23:26:12.486+0100 [DEBUG] provider.terraform-provider-aws_v5.100.0_x5.exe: HTTP Response Received: @caller=github.com/hashicorp/aws-sdk-go-base/v2@v2.0.0-beta.65/logging/tf_logger.go:45 aws.region=eu-west-1 http.response.header.content_type=application/x-amz-json-1.1 http.response.header.pragma=no-cache http.response_content_length=349 http.status_code=200 http.response.header.connection=keep-alive http.response.header.expires=0 rpc.method=GetKeyPolicy rpc.system=aws-api tf_aws.sdk=aws-sdk-go-v2 tf_aws.signing_region="" tf_mux_provider="*schema.GRPCProviderServer" @module=aws
  http.response.body=
  | {"Policy":"{\n  \"Version\" : \"2012-10-17\",\n  \"Id\" : \"key-default-1\",\n  \"Statement\" : [ {\n    \"Sid\" : \"Enable IAM User Permissions\",\n    \"Effect\" : \"Allow\",\n    \"Principal\" : {\n      \"AWS\" : \"arn:aws:iam::234334047980:root\"\n    },\n    \"Action\" : \"kms:*\",\n    \"Resource\" : \"*\"\n  } ]\n}","PolicyName":"default"}
   http.response.header.x_amzn_requestid=ac827184-5a4b-4cfd-af4f-f81b4d6fdaaa id=da336f01-4686-48a0-8e66-11e56892e7c9 rpc.service=KMS tf_req_id=77cd01e0-6016-efd1-31bc-676f2655cce9 tf_resource_type=aws_kms_key http.duration=63 http.response.header.cache_control="no-cache, no-store, must-revalidate, private" http.response.header.date="Sun, 27 Sep 2026 22:26:12 GMT" tf_provider_addr=registry.terraform.io/hashicorp/aws tf_rpc=ReadResource timestamp="2026-09-27T23:26:12.486+0100"
2026-09-27T23:26:12.495+0100 [DEBUG] provider.terraform-provider-aws_v5.100.0_x5.exe: request failed with unretryable error https response error StatusCode: 404, RequestID: NWM6G6ADZCC5HZ2S, HostID: lnHGL5TQHTxw4OuhDFQt1NyWB9gckMjINujxtLn6AWJ457RHPAlh4HuRU4fHYyJ8shVdNwKlsFRFgUA0qNYRBHrTehy9QHcU, api error NoSuchBucketPolicy: The bucket policy does not exist: tf_rpc=ReadResource @module=aws rpc.method=GetBucketPolicy tf_resource_type=aws_s3_bucket aws.region=eu-west-1 tf_aws.sdk=aws-sdk-go-v2 tf_mux_provider="*schema.GRPCProviderServer" @caller=github.com/hashicorp/aws-sdk-go-base/v2@v2.0.0-beta.65/logging/tf_logger.go:45 rpc.service=S3 rpc.system=aws-api tf_provider_addr=registry.terraform.io/hashicorp/aws tf_req_id=e147c953-aef9-a830-b14b-045aa1585b27 timestamp="2026-09-27T23:26:12.494+0100"
2026-09-27T23:26:12.504+0100 [DEBUG] provider.terraform-provider-aws_v5.100.0_x5.exe: HTTP Request Sent: http.url=https://logs.eu-west-1.amazonaws.com/ net.peer.name=logs.eu-west-1.amazonaws.com rpc.method=ListTagsForResource http.request.header.amz_sdk_request="attempt=1; max=25" http.request.header.content_type=application/x-amz-json-1.1 http.request.header.x_amz_date=20260927T222612Z tf_aws.sdk=aws-sdk-go-v2 tf_aws.signing_region="" tf_req_id=c3fd880f-e028-d4c3-3722-3a85aa5c9076 tf_rpc=ReadResource http.request.header.authorization="AWS4-HMAC-SHA256 Credential=AKIA************SZUM/20260927/eu-west-1/logs/aws4_request, SignedHeaders=amz-sdk-invocation-id;amz-sdk-request;content-length;content-type;host;x-amz-date;x-amz-target, Signature=*****" @caller=github.com/hashicorp/aws-sdk-go-base/v2@v2.0.0-beta.65/logging/tf_logger.go:45
  http.request.body=
  | {"resourceArn":"arn:aws:logs:eu-west-1:234334047980:log-group:/ecs/sportfolio/health-platform-fatsecret-worker-logs"}
   http.user_agent="APN/1.0 HashiCorp/1.0 Terraform/1.15.3 (+https://www.terraform.io) terraform-provider-aws/5.100.0 (+https://registry.terraform.io/providers/hashicorp/aws) aws-sdk-go-v2/1.36.3 ua/2.1 os/windows lang/go#1.23.10 md/GOOS#windows md/GOARCH#amd64 api/cloudwatchlogs#1.50.1 m/n" rpc.service="CloudWatch Logs" tf_provider_addr=registry.terraform.io/hashicorp/aws http.request.header.amz_sdk_invocation_id=8bfc6ce2-27c2-459b-929c-8726b74518a4 http.request.header.x_amz_target=Logs_20140328.ListTagsForResource rpc.system=aws-api tf_mux_provider="*schema.GRPCProviderServer" tf_resource_type=aws_cloudwatch_log_group @module=aws aws.region=eu-west-1 http.method=POST http.request_content_length=117 timestamp="2026-09-27T23:26:12.502+0100"
2026-09-27T23:26:12.524+0100 [DEBUG] provider.terraform-provider-aws_v5.100.0_x5.exe: HTTP Request Sent:
  http.request.body=
  | {"KeyId":"da336f01-4686-48a0-8e66-11e56892e7c9"}
   http.request.header.authorization="AWS4-HMAC-SHA256 Credential=AKIA************SZUM/20260927/eu-west-1/kms/aws4_request, SignedHeaders=amz-sdk-invocation-id;amz-sdk-request;content-length;content-type;host;x-amz-date;x-amz-target, Signature=*****" http.request.header.x_amz_date=20260927T222612Z tf_aws.sdk=aws-sdk-go-v2 tf_rpc=ReadResource http.request.header.amz_sdk_invocation_id=d5df62f3-9ab7-4603-9ee6-db92ce1f6ff1 tf_provider_addr=registry.terraform.io/hashicorp/aws tf_req_id=77cd01e0-6016-efd1-31bc-676f2655cce9 http.method=POST @module=aws http.request.header.amz_sdk_request="attempt=1; max=25" net.peer.name=kms.eu-west-1.amazonaws.com rpc.service=KMS @caller=github.com/hashicorp/aws-sdk-go-base/v2@v2.0.0-beta.65/logging/tf_logger.go:45 http.url=https://kms.eu-west-1.amazonaws.com/ http.user_agent="APN/1.0 HashiCorp/1.0 Terraform/1.15.3 (+https://www.terraform.io) terraform-provider-aws/5.100.0 (+https://registry.terraform.io/providers/hashicorp/aws) aws-sdk-go-v2/1.36.3 ua/2.1 os/windows lang/go#1.23.10 md/GOOS#windows md/GOARCH#amd64 api/kms#1.40.0 m/n" rpc.method=GetKeyRotationStatus tf_aws.signing_region="" http.request_content_length=48 rpc.system=aws-api tf_mux_provider="*schema.GRPCProviderServer" tf_resource_type=aws_kms_key aws.region=eu-west-1 http.request.header.content_type=application/x-amz-json-1.1 http.request.header.x_amz_target=TrentService.GetKeyRotationStatus id=da336f01-4686-48a0-8e66-11e56892e7c9 timestamp="2026-09-27T23:26:12.524+0100"
2026-09-27T23:26:12.543+0100 [DEBUG] provider.terraform-provider-aws_v5.100.0_x5.exe: [DEBUG] Waiting for state to become: [success]
2026-09-27T23:26:12.568+0100 [DEBUG] provider.terraform-provider-aws_v5.100.0_x5.exe: HTTP Response Received: rpc.service="CloudWatch Logs" tf_mux_provider="*schema.GRPCProviderServer" http.response.header.date="Sun, 27 Sep 2026 22:26:12 GMT" http.response_content_length=84 tf_aws.signing_region="" tf_req_id=c3fd880f-e028-d4c3-3722-3a85aa5c9076 @caller=github.com/hashicorp/aws-sdk-go-base/v2@v2.0.0-beta.65/logging/tf_logger.go:45 http.duration=65 tf_provider_addr=registry.terraform.io/hashicorp/aws aws.region=eu-west-1
  http.response.body=
  | {"tags":{"Project":"sportfolio","ManagedBy":"terraform","Environment":"production"}}
   http.status_code=200 rpc.method=ListTagsForResource rpc.system=aws-api tf_aws.sdk=aws-sdk-go-v2 tf_resource_type=aws_cloudwatch_log_group tf_rpc=ReadResource @module=aws http.response.header.content_type=application/x-amz-json-1.1 http.response.header.x_amzn_requestid=a3805b6c-fbba-432e-a2ab-6b3748ffee27 timestamp="2026-09-27T23:26:12.568+0100"
2026-09-27T23:26:12.581+0100 [DEBUG] provider.terraform-provider-aws_v5.100.0_x5.exe: HTTP Response Received: @module=aws aws.region=eu-west-1 http.response.header.cache_control="no-cache, no-store, must-revalidate, private" http.status_code=200 tf_provider_addr=registry.terraform.io/hashicorp/aws http.response.header.expires=0 http.response_content_length=176 rpc.method=GetKeyRotationStatus tf_mux_provider="*schema.GRPCProviderServer" tf_resource_type=aws_kms_key http.duration=56 http.response.header.connection=keep-alive http.response.header.pragma=no-cache http.response.header.x_amzn_requestid=3daeca89-8efc-40a7-bd70-60553a420c14 tf_aws.sdk=aws-sdk-go-v2 tf_req_id=77cd01e0-6016-efd1-31bc-676f2655cce9 tf_rpc=ReadResource
  http.response.body=
  | {"KeyId":"arn:aws:kms:eu-west-1:234334047980:key/da336f01-4686-48a0-8e66-11e56892e7c9","KeyRotationEnabled":true,"NextRotationDate":1.819962146973E9,"RotationPeriodInDays":365}
   http.response.header.content_type=application/x-amz-json-1.1 http.response.header.date="Sun, 27 Sep 2026 22:26:12 GMT" id=da336f01-4686-48a0-8e66-11e56892e7c9 rpc.service=KMS rpc.system=aws-api tf_aws.signing_region="" @caller=github.com/hashicorp/aws-sdk-go-base/v2@v2.0.0-beta.65/logging/tf_logger.go:45 timestamp="2026-09-27T23:26:12.581+0100"
2026-09-27T23:26:12.607+0100 [DEBUG] provider.terraform-provider-aws_v5.100.0_x5.exe: HTTP Response Received: tf_provider_addr=registry.terraform.io/hashicorp/aws tf_req_id=14ba3dc9-9818-a1e3-2b5a-c897d7454b6a @caller=github.com/hashicorp/aws-sdk-go-base/v2@v2.0.0-beta.65/logging/tf_logger.go:45 http.response.header.x_amzn_requestid=9670c15f-e8e8-4634-ab2f-24b097dbe160 http.response_content_length=323 tf_resource_type=aws_iam_role @module=aws http.status_code=200 rpc.service=IAM tf_rpc=ReadResource rpc.method=ListRolePolicies http.duration=129
  http.response.body=
  | <ListRolePoliciesResponse xmlns="https://iam.amazonaws.com/doc/2010-05-08/">
  |   <ListRolePoliciesResult>
  |     <IsTruncated>false</IsTruncated>
  |     <PolicyNames/>
  |   </ListRolePoliciesResult>
  |   <ResponseMetadata>
  |     <RequestId>9670c15f-e8e8-4634-ab2f-24b097dbe160</RequestId>
  |   </ResponseMetadata>
  | </ListRolePoliciesResponse>
   http.response.header.content_type=text/xml rpc.system=aws-api tf_aws.signing_region="" aws.region=eu-west-1 http.response.header.date="Sun, 27 Sep 2026 22:26:12 GMT" tf_aws.sdk=aws-sdk-go-v2 tf_mux_provider="*schema.GRPCProviderServer" timestamp="2026-09-27T23:26:12.607+0100"
2026-09-27T23:26:12.677+0100 [DEBUG] provider.terraform-provider-aws_v5.100.0_x5.exe: HTTP Response Received: rpc.method=ListRolePolicies http.response.header.date="Sun, 27 Sep 2026 22:26:12 GMT" rpc.system=aws-api tf_aws.signing_region="" tf_req_id=544fe444-f8de-7744-a2d0-57b6e29aabff @module=aws http.duration=199 tf_mux_provider="*schema.GRPCProviderServer" tf_provider_addr=registry.terraform.io/hashicorp/aws tf_resource_type=aws_iam_role tf_rpc=ReadResource aws.region=eu-west-1
  http.response.body=
  | <ListRolePoliciesResponse xmlns="https://iam.amazonaws.com/doc/2010-05-08/">
  |   <ListRolePoliciesResult>
  |     <IsTruncated>false</IsTruncated>
  |     <PolicyNames>
  |       <member>sportfolio-dispatcher</member>
  |     </PolicyNames>
  |   </ListRolePoliciesResult>
  |   <ResponseMetadata>
  |     <RequestId>5fba846b-7902-4ff6-9536-1e6ba365e16f</RequestId>
  |   </ResponseMetadata>
  | </ListRolePoliciesResponse>
   http.response.header.content_type=text/xml http.response.header.x_amzn_requestid=5fba846b-7902-4ff6-9536-1e6ba365e16f http.response_content_length=386 @caller=github.com/hashicorp/aws-sdk-go-base/v2@v2.0.0-beta.65/logging/tf_logger.go:45 http.status_code=200 rpc.service=IAM tf_aws.sdk=aws-sdk-go-v2 timestamp="2026-09-27T23:26:12.676+0100"
2026-09-27T23:26:12.681+0100 [DEBUG] provider.terraform-provider-aws_v5.100.0_x5.exe: HTTP Request Sent: net.peer.name=iam.amazonaws.com tf_aws.signing_region="" tf_mux_provider="*schema.GRPCProviderServer" tf_req_id=544fe444-f8de-7744-a2d0-57b6e29aabff tf_resource_type=aws_iam_role http.request.header.content_type=application/x-www-form-urlencoded http.url=https://iam.amazonaws.com/ http.user_agent="APN/1.0 HashiCorp/1.0 Terraform/1.15.3 (+https://www.terraform.io) terraform-provider-aws/5.100.0 (+https://registry.terraform.io/providers/hashicorp/aws) aws-sdk-go-v2/1.36.3 ua/2.1 os/windows lang/go#1.23.10 md/GOOS#windows md/GOARCH#amd64 api/iam#1.42.0 m/n" rpc.service=IAM tf_rpc=ReadResource @caller=github.com/hashicorp/aws-sdk-go-base/v2@v2.0.0-beta.65/logging/tf_logger.go:45 @module=aws aws.region=eu-west-1 http.request.header.amz_sdk_request="attempt=1; max=25" http.request.header.authorization="AWS4-HMAC-SHA256 Credential=AKIA************SZUM/20260927/us-east-1/iam/aws4_request, SignedHeaders=amz-sdk-invocation-id;amz-sdk-request;content-length;content-type;host;x-amz-date, Signature=*****" http.request.header.x_amz_date=20260927T222612Z rpc.system=aws-api http.method=POST
  http.request.body=
  | Action=GetRolePolicy&PolicyName=sportfolio-dispatcher&RoleName=sportfolio-dispatcher&Version=2010-05-08
   http.request.header.amz_sdk_invocation_id=fac831f1-d182-4e2e-bbfd-748988065a7d http.request_content_length=103 rpc.method=GetRolePolicy tf_aws.sdk=aws-sdk-go-v2 tf_provider_addr=registry.terraform.io/hashicorp/aws timestamp="2026-09-27T23:26:12.681+0100"
2026-09-27T23:26:12.715+0100 [DEBUG] provider.terraform-provider-aws_v5.100.0_x5.exe: HTTP Request Sent: @module=aws http.request.header.accept_encoding=identity rpc.service=S3 tf_mux_provider="*schema.GRPCProviderServer" tf_provider_addr=registry.terraform.io/hashicorp/aws tf_rpc=ReadResource http.request.header.x_amz_content_sha256=e3b0c44298fc1c149afbf4c8996fb92427ae41e4649b934ca495991b7852b855 http.request.header.x_amz_date=20260927T222612Z http.user_agent="APN/1.0 HashiCorp/1.0 Terraform/1.15.3 (+https://www.terraform.io) terraform-provider-aws/5.100.0 (+https://registry.terraform.io/providers/hashicorp/aws) aws-sdk-go-v2/1.36.3 ua/2.1 os/windows lang/go#1.23.10 md/GOOS#windows md/GOARCH#amd64 api/s3#1.80.1 m/n" rpc.method=GetBucketAcl tf_aws.sdk=aws-sdk-go-v2 http.request.header.amz_sdk_request="attempt=1; max=25" @caller=github.com/hashicorp/aws-sdk-go-base/v2@v2.0.0-beta.65/logging/tf_logger.go:45 aws.region=eu-west-1 http.method=GET http.request.body="" rpc.system=aws-api tf_aws.signing_region="" http.request.header.authorization="AWS4-HMAC-SHA256 Credential=AKIA************SZUM/20260927/eu-west-1/s3/aws4_request, SignedHeaders=accept-encoding;amz-sdk-invocation-id;amz-sdk-request;host;x-amz-content-sha256;x-amz-date, Signature=*****" http.url=https://edgar-fitness-progess-photos.s3.eu-west-1.amazonaws.com/?acl= net.peer.name=edgar-fitness-progess-photos.s3.eu-west-1.amazonaws.com tf_req_id=e147c953-aef9-a830-b14b-045aa1585b27 tf_resource_type=aws_s3_bucket http.request.header.amz_sdk_invocation_id=7efbff6c-f396-4fb0-9929-367428ec1fe4 timestamp="2026-09-27T23:26:12.714+0100"
2026-09-27T23:26:12.777+0100 [DEBUG] provider.terraform-provider-aws_v5.100.0_x5.exe: HTTP Response Received: http.response.header.date="Sun, 27 Sep 2026 22:26:13 GMT" rpc.method=GetBucketAcl tf_mux_provider="*schema.GRPCProviderServer" @caller=github.com/hashicorp/aws-sdk-go-base/v2@v2.0.0-beta.65/logging/tf_logger.go:45 http.response.header.content_type=application/xml http.response.header.x_amz_id_2="OkKwlG4oLsan7oT1yExrnjqflkX4DflcM2zK5AYOXZGUCyV64dpJHObjViKcasAFTAkxuyYJ3W83/abGvYU+6DwDE7xuzH76" tf_aws.sdk=aws-sdk-go-v2 tf_provider_addr=registry.terraform.io/hashicorp/aws tf_rpc=ReadResource @module=aws aws.region=eu-west-1 http.response.header.server=AmazonS3 rpc.system=aws-api tf_aws.signing_region="" tf_req_id=e147c953-aef9-a830-b14b-045aa1585b27 http.response.header.x_amz_request_id=NWMA3ZADE309235Y http.status_code=200 rpc.service=S3 tf_resource_type=aws_s3_bucket http.duration=61
  http.response.body=
  | <?xml version="1.0" encoding="UTF-8"?>
  | <AccessControlPolicy xmlns="http://s3.amazonaws.com/doc/2006-03-01/"><Owner><ID>db6275b6701b02afceb390f7c85ef2f63b0b5d626b2479f03c895e79c2d6c063</ID></Owner><AccessControlList><Grant><Grantee xmlns:xsi="http://www.w3.org/2001/XMLSchema-instance" xsi:type="CanonicalUser"><ID>db6275b6701b02afceb390f7c85ef2f63b0b5d626b2479f03c895e79c2d6c063</ID></Grantee><Permission>FULL_CONTROL</Permission></Grant></AccessControlList></AccessControlPolicy>
   timestamp="2026-09-27T23:26:12.775+0100"
2026-09-27T23:26:12.908+0100 [DEBUG] provider.terraform-provider-aws_v5.100.0_x5.exe: HTTP Request Sent: http.request.header.authorization="AWS4-HMAC-SHA256 Credential=AKIA************SZUM/20260927/us-east-1/iam/aws4_request, SignedHeaders=amz-sdk-invocation-id;amz-sdk-request;content-length;content-type;host;x-amz-date, Signature=*****" http.url=https://iam.amazonaws.com/ rpc.method=ListAttachedRolePolicies tf_aws.sdk=aws-sdk-go-v2 tf_aws.signing_region="" tf_mux_provider="*schema.GRPCProviderServer" @module=aws
  http.request.body=
  | Action=ListAttachedRolePolicies&RoleName=sportfolio-ecs-execution-role&Version=2010-05-08
   http.request.header.amz_sdk_request="attempt=1; max=25" http.request.header.x_amz_date=20260927T222612Z http.request_content_length=89 http.user_agent="APN/1.0 HashiCorp/1.0 Terraform/1.15.3 (+https://www.terraform.io) terraform-provider-aws/5.100.0 (+https://registry.terraform.io/providers/hashicorp/aws) aws-sdk-go-v2/1.36.3 ua/2.1 os/windows lang/go#1.23.10 md/GOOS#windows md/GOARCH#amd64 api/iam#1.42.0 m/C,n" rpc.service=IAM net.peer.name=iam.amazonaws.com tf_req_id=14ba3dc9-9818-a1e3-2b5a-c897d7454b6a tf_resource_type=aws_iam_role @caller=github.com/hashicorp/aws-sdk-go-base/v2@v2.0.0-beta.65/logging/tf_logger.go:45 aws.region=eu-west-1 http.method=POST http.request.header.amz_sdk_invocation_id=bfa12ca9-7b5c-4e87-a3bc-d2692ab90ba2 http.request.header.content_type=application/x-www-form-urlencoded rpc.system=aws-api tf_provider_addr=registry.terraform.io/hashicorp/aws tf_rpc=ReadResource timestamp="2026-09-27T23:26:12.908+0100"
2026-09-27T23:26:12.909+0100 [DEBUG] provider.terraform-provider-aws_v5.100.0_x5.exe: HTTP Response Received: http.duration=227 rpc.system=aws-api tf_provider_addr=registry.terraform.io/hashicorp/aws @module=aws aws.region=eu-west-1
  http.response.body=
  | <GetRolePolicyResponse xmlns="https://iam.amazonaws.com/doc/2010-05-08/">
  |   <GetRolePolicyResult>
  |     <PolicyDocument>%7B%22Version%22%3A%222012-10-17%22%2C%22Statement%22%3A%5B%7B%22Action%22%3A%5B%22sqs%3ASendMessage%22%5D%2C%22Effect%22%3A%22Allow%22%2C%22Resource%22%3A%5B%22arn%3Aaws%3Asqs%3Aeu-west-1%3A234334047980%3Ahealth-platform-google-health%22%2C%22arn%3Aaws%3Asqs%3Aeu-west-1%3A234334047980%3Ahealth-platform-lyfta%22%2C%22arn%3Aaws%3Asqs%3Aeu-west-1%3A234334047980%3Ahealth-platform-fatsecret%22%5D%2C%22Sid%22%3A%22SendIngestionJobs%22%7D%5D%7D</PolicyDocument>
  |     <PolicyName>sportfolio-dispatcher</PolicyName>
  |     <RoleName>sportfolio-dispatcher</RoleName>
  |   </GetRolePolicyResult>
  |   <ResponseMetadata>
  |     <RequestId>e103e5b9-9c2d-404e-bc6b-1d95ab697e25</RequestId>
  |   </ResponseMetadata>
  | </GetRolePolicyResponse>
   http.response.header.content_type=text/xml http.response.header.x_amzn_requestid=e103e5b9-9c2d-404e-bc6b-1d95ab697e25 tf_mux_provider="*schema.GRPCProviderServer" tf_resource_type=aws_iam_role @caller=github.com/hashicorp/aws-sdk-go-base/v2@v2.0.0-beta.65/logging/tf_logger.go:45 http.status_code=200 rpc.method=GetRolePolicy rpc.service=IAM tf_aws.sdk=aws-sdk-go-v2 tf_aws.signing_region="" http.response.header.date="Sun, 27 Sep 2026 22:26:12 GMT" http.response_content_length=833 tf_req_id=544fe444-f8de-7744-a2d0-57b6e29aabff tf_rpc=ReadResource timestamp="2026-09-27T23:26:12.909+0100"
2026-09-27T23:26:12.936+0100 [DEBUG] provider.terraform-provider-aws_v5.100.0_x5.exe: HTTP Request Sent: http.method=POST
  http.request.body=
  | Action=ListAttachedRolePolicies&RoleName=sportfolio-dispatcher&Version=2010-05-08
   http.request.header.amz_sdk_invocation_id=5e0a82e7-3d4a-4ff6-81db-4a3e74015d8b rpc.service=IAM @module=aws http.request.header.content_type=application/x-www-form-urlencoded http.user_agent="APN/1.0 HashiCorp/1.0 Terraform/1.15.3 (+https://www.terraform.io) terraform-provider-aws/5.100.0 (+https://registry.terraform.io/providers/hashicorp/aws) aws-sdk-go-v2/1.36.3 ua/2.1 os/windows lang/go#1.23.10 md/GOOS#windows md/GOARCH#amd64 api/iam#1.42.0 m/C,n" rpc.method=ListAttachedRolePolicies rpc.system=aws-api tf_aws.sdk=aws-sdk-go-v2 tf_provider_addr=registry.terraform.io/hashicorp/aws aws.region=eu-west-1 http.request.header.authorization="AWS4-HMAC-SHA256 Credential=AKIA************SZUM/20260927/us-east-1/iam/aws4_request, SignedHeaders=amz-sdk-invocation-id;amz-sdk-request;content-length;content-type;host;x-amz-date, Signature=*****" tf_resource_type=aws_iam_role http.request.header.amz_sdk_request="attempt=1; max=25" http.url=https://iam.amazonaws.com/ net.peer.name=iam.amazonaws.com tf_aws.signing_region="" tf_mux_provider="*schema.GRPCProviderServer" tf_req_id=544fe444-f8de-7744-a2d0-57b6e29aabff tf_rpc=ReadResource http.request.header.x_amz_date=20260927T222612Z http.request_content_length=81 @caller=github.com/hashicorp/aws-sdk-go-base/v2@v2.0.0-beta.65/logging/tf_logger.go:45 timestamp="2026-09-27T23:26:12.936+0100"
2026-09-27T23:26:12.966+0100 [DEBUG] provider.terraform-provider-aws_v5.100.0_x5.exe: HTTP Request Sent: @caller=github.com/hashicorp/aws-sdk-go-base/v2@v2.0.0-beta.65/logging/tf_logger.go:45 @module=aws http.request.header.amz_sdk_invocation_id=6d320aac-a302-4667-b550-5bd2d3891b65 http.request.header.x_amz_target=TrentService.ListResourceTags tf_aws.sdk=aws-sdk-go-v2 http.request.header.authorization="AWS4-HMAC-SHA256 Credential=AKIA************SZUM/20260927/eu-west-1/kms/aws4_request, SignedHeaders=amz-sdk-invocation-id;amz-sdk-request;content-length;content-type;host;x-amz-date;x-amz-target, Signature=*****" http.request.header.content_type=application/x-amz-json-1.1 rpc.service=KMS id=da336f01-4686-48a0-8e66-11e56892e7c9 tf_provider_addr=registry.terraform.io/hashicorp/aws tf_req_id=77cd01e0-6016-efd1-31bc-676f2655cce9
  http.request.body=
  | {"KeyId":"da336f01-4686-48a0-8e66-11e56892e7c9"}
   http.request.header.x_amz_date=20260927T222612Z http.url=https://kms.eu-west-1.amazonaws.com/ http.user_agent="APN/1.0 HashiCorp/1.0 Terraform/1.15.3 (+https://www.terraform.io) terraform-provider-aws/5.100.0 (+https://registry.terraform.io/providers/hashicorp/aws) aws-sdk-go-v2/1.36.3 ua/2.1 os/windows lang/go#1.23.10 md/GOOS#windows md/GOARCH#amd64 api/kms#1.40.0 m/C,n" net.peer.name=kms.eu-west-1.amazonaws.com aws.region=eu-west-1 http.method=POST http.request.header.amz_sdk_request="attempt=1; max=25" tf_aws.signing_region="" tf_mux_provider="*schema.GRPCProviderServer" tf_resource_type=aws_kms_key tf_rpc=ReadResource rpc.system=aws-api http.request_content_length=48 rpc.method=ListResourceTags timestamp="2026-09-27T23:26:12.966+0100"
2026-09-27T23:26:12.998+0100 [WARN]  Provider "registry.terraform.io/hashicorp/aws" produced an invalid plan for module.sqs.aws_sqs_queue.lyfta, but we are tolerating it because it is using the legacy plugin SDK.
    The following problems may be the cause of any confusing errors from downstream operations:
      - .delay_seconds: planned value cty.NumberIntVal(0) for a non-computed attribute
      - .kms_master_key_id: planned value cty.StringVal("") for a non-computed attribute
      - .visibility_timeout_seconds: planned value cty.NumberIntVal(30) for a non-computed attribute
      - .content_based_deduplication: planned value cty.False for a non-computed attribute
      - .max_message_size: planned value cty.NumberIntVal(262144) for a non-computed attribute
      - .message_retention_seconds: planned value cty.NumberIntVal(345600) for a non-computed attribute
      - .receive_wait_time_seconds: planned value cty.NumberIntVal(0) for a non-computed attribute
      - .fifo_queue: planned value cty.False for a non-computed attribute
2026-09-27T23:26:12.999+0100 [WARN]  Provider "registry.terraform.io/hashicorp/aws" produced an invalid plan for module.secrets.aws_secretsmanager_secret.db_password, but we are tolerating it because it is using the legacy plugin SDK.
    The following problems may be the cause of any confusing errors from downstream operations:
      - .recovery_window_in_days: planned value cty.NumberIntVal(30) for a non-computed attribute
      - .description: planned value cty.StringVal("") for a non-computed attribute
      - .force_overwrite_replica_secret: planned value cty.False for a non-computed attribute
      - .kms_key_id: planned value cty.StringVal("") for a non-computed attribute
2026-09-27T23:26:12.999+0100 [WARN]  Provider "registry.terraform.io/hashicorp/aws" produced an invalid plan for module.sqs.aws_sqs_queue.google_health, but we are tolerating it because it is using the legacy plugin SDK.
    The following problems may be the cause of any confusing errors from downstream operations:
      - .visibility_timeout_seconds: planned value cty.NumberIntVal(30) for a non-computed attribute
      - .content_based_deduplication: planned value cty.False for a non-computed attribute
      - .max_message_size: planned value cty.NumberIntVal(262144) for a non-computed attribute
      - .message_retention_seconds: planned value cty.NumberIntVal(345600) for a non-computed attribute
      - .receive_wait_time_seconds: planned value cty.NumberIntVal(0) for a non-computed attribute
      - .fifo_queue: planned value cty.False for a non-computed attribute
      - .delay_seconds: planned value cty.NumberIntVal(0) for a non-computed attribute
      - .kms_master_key_id: planned value cty.StringVal("") for a non-computed attribute
2026-09-27T23:26:12.999+0100 [WARN]  Provider "registry.terraform.io/hashicorp/aws" produced an invalid plan for module.sns.aws_sns_topic.alerts, but we are tolerating it because it is using the legacy plugin SDK.
    The following problems may be the cause of any confusing errors from downstream operations:
      - .delivery_policy: planned value cty.StringVal("") for a non-computed attribute
      - .application_failure_feedback_role_arn: planned value cty.StringVal("") for a non-computed attribute
      - .archive_policy: planned value cty.StringVal("") for a non-computed attribute
      - .lambda_success_feedback_role_arn: planned value cty.StringVal("") for a non-computed attribute
      - .firehose_success_feedback_role_arn: planned value cty.StringVal("") for a non-computed attribute
      - .lambda_failure_feedback_role_arn: planned value cty.StringVal("") for a non-computed attribute
      - .lambda_success_feedback_sample_rate: planned value cty.NumberIntVal(0) for a non-computed attribute
      - .sqs_failure_feedback_role_arn: planned value cty.StringVal("") for a non-computed attribute
      - .application_success_feedback_role_arn: planned value cty.StringVal("") for a non-computed attribute
      - .content_based_deduplication: planned value cty.False for a non-computed attribute
      - .fifo_topic: planned value cty.False for a non-computed attribute
      - .kms_master_key_id: planned value cty.StringVal("") for a non-computed attribute
      - .display_name: planned value cty.StringVal("") for a non-computed attribute
      - .firehose_failure_feedback_role_arn: planned value cty.StringVal("") for a non-computed attribute
      - .firehose_success_feedback_sample_rate: planned value cty.NumberIntVal(0) for a non-computed attribute
      - .http_failure_feedback_role_arn: planned value cty.StringVal("") for a non-computed attribute
      - .http_success_feedback_role_arn: planned value cty.StringVal("") for a non-computed attribute
      - .http_success_feedback_sample_rate: planned value cty.NumberIntVal(0) for a non-computed attribute
      - .sqs_success_feedback_role_arn: planned value cty.StringVal("") for a non-computed attribute
      - .application_success_feedback_sample_rate: planned value cty.NumberIntVal(0) for a non-computed attribute
      - .sqs_success_feedback_sample_rate: planned value cty.NumberIntVal(0) for a non-computed attribute
2026-09-27T23:26:12.999+0100 [DEBUG] ReferenceTransformer: "module.secrets.aws_secretsmanager_secret_version.db_password" references: []
2026-09-27T23:26:13.000+0100 [DEBUG] ReferenceTransformer: "module.sns.aws_sns_topic_subscription.email" references: []
2026-09-27T23:26:13.004+0100 [DEBUG] provider.terraform-provider-aws_v5.100.0_x5.exe: [DEBUG] Waiting for state to become: [success]
2026-09-27T23:26:13.005+0100 [DEBUG] provider.terraform-provider-aws_v5.100.0_x5.exe: HTTP Request Sent: rpc.method=GetRole tf_mux_provider="*schema.GRPCProviderServer" tf_provider_addr=registry.terraform.io/hashicorp/aws tf_resource_type=aws_iam_role aws.region=eu-west-1 tf_aws.signing_region="" tf_req_id=84cbb6a4-a4ce-3929-3ce6-fb0767b2704b tf_rpc=ReadResource @caller=github.com/hashicorp/aws-sdk-go-base/v2@v2.0.0-beta.65/logging/tf_logger.go:45 http.request.header.amz_sdk_invocation_id=c130764d-c5c0-4e00-8267-33ded2001247 http.request.header.amz_sdk_request="attempt=1; max=25" http.request.header.authorization="AWS4-HMAC-SHA256 Credential=AKIA************SZUM/20260927/us-east-1/iam/aws4_request, SignedHeaders=amz-sdk-invocation-id;amz-sdk-request;content-length;content-type;host;x-amz-date, Signature=*****" http.request_content_length=67 rpc.service=IAM rpc.system=aws-api tf_aws.sdk=aws-sdk-go-v2 @module=aws
  http.request.body=
  | Action=GetRole&RoleName=sportfolio-ecs-task-role&Version=2010-05-08
   http.request.header.content_type=application/x-www-form-urlencoded http.request.header.x_amz_date=20260927T222613Z http.user_agent="APN/1.0 HashiCorp/1.0 Terraform/1.15.3 (+https://www.terraform.io) terraform-provider-aws/5.100.0 (+https://registry.terraform.io/providers/hashicorp/aws) aws-sdk-go-v2/1.36.3 ua/2.1 os/windows lang/go#1.23.10 md/GOOS#windows md/GOARCH#amd64 api/iam#1.42.0 m/n" net.peer.name=iam.amazonaws.com http.method=POST http.url=https://iam.amazonaws.com/ timestamp="2026-09-27T23:26:13.005+0100"
2026-09-27T23:26:13.069+0100 [DEBUG] provider.terraform-provider-aws_v5.100.0_x5.exe: HTTP Response Received:
  http.response.body=
  | <ListAttachedRolePoliciesResponse xmlns="https://iam.amazonaws.com/doc/2010-05-08/">
  |   <ListAttachedRolePoliciesResult>
  |     <IsTruncated>false</IsTruncated>
  |     <AttachedPolicies>
  |       <member>
  |         <PolicyArn>arn:aws:iam::aws:policy/service-role/AWSLambdaVPCAccessExecutionRole</PolicyArn>
  |         <PolicyName>AWSLambdaVPCAccessExecutionRole</PolicyName>
  |       </member>
  |     </AttachedPolicies>
  |   </ListAttachedRolePoliciesResult>
  |   <ResponseMetadata>
  |     <RequestId>6d3cf778-fe44-421f-b8c8-b8482055f988</RequestId>
  |   </ResponseMetadata>
  | </ListAttachedRolePoliciesResponse>
   http.response.header.x_amzn_requestid=6d3cf778-fe44-421f-b8c8-b8482055f988 tf_aws.sdk=aws-sdk-go-v2 tf_provider_addr=registry.terraform.io/hashicorp/aws tf_rpc=ReadResource tf_req_id=544fe444-f8de-7744-a2d0-57b6e29aabff aws.region=eu-west-1 http.response_content_length=579 rpc.system=aws-api tf_resource_type=aws_iam_role @module=aws http.response.header.content_type=text/xml http.response.header.date="Sun, 27 Sep 2026 22:26:13 GMT" http.status_code=200 rpc.method=ListAttachedRolePolicies rpc.service=IAM tf_aws.signing_region="" tf_mux_provider="*schema.GRPCProviderServer" @caller=github.com/hashicorp/aws-sdk-go-base/v2@v2.0.0-beta.65/logging/tf_logger.go:45 http.duration=132 timestamp="2026-09-27T23:26:13.068+0100"
2026-09-27T23:26:13.094+0100 [DEBUG] provider.terraform-provider-aws_v5.100.0_x5.exe: [DEBUG] Waiting for state to become: [success]
2026-09-27T23:26:13.100+0100 [DEBUG] provider.terraform-provider-aws_v5.100.0_x5.exe: [DEBUG] Waiting for state to become: [success]
2026-09-27T23:26:13.114+0100 [DEBUG] provider.terraform-provider-aws_v5.100.0_x5.exe: HTTP Request Sent: http.request.header.x_amz_date=20260927T222613Z tf_aws.sdk=aws-sdk-go-v2 tf_resource_type=aws_s3_bucket aws.region=eu-west-1 http.method=GET http.request.body="" http.url=https://edgar-fitness-progess-photos.s3.eu-west-1.amazonaws.com/?cors= http.user_agent="APN/1.0 HashiCorp/1.0 Terraform/1.15.3 (+https://www.terraform.io) terraform-provider-aws/5.100.0 (+https://registry.terraform.io/providers/hashicorp/aws) aws-sdk-go-v2/1.36.3 ua/2.1 os/windows lang/go#1.23.10 md/GOOS#windows md/GOARCH#amd64 api/s3#1.80.1 m/n" net.peer.name=edgar-fitness-progess-photos.s3.eu-west-1.amazonaws.com rpc.method=GetBucketCors rpc.system=aws-api http.request.header.amz_sdk_invocation_id=e91506e1-162c-4583-b5eb-63de82caeba1 rpc.service=S3 tf_aws.signing_region="" tf_rpc=ReadResource @module=aws http.request.header.accept_encoding=identity http.request.header.amz_sdk_request="attempt=1; max=25" http.request.header.authorization="AWS4-HMAC-SHA256 Credential=AKIA************SZUM/20260927/eu-west-1/s3/aws4_request, SignedHeaders=accept-encoding;amz-sdk-invocation-id;amz-sdk-request;host;x-amz-content-sha256;x-amz-date, Signature=*****" tf_mux_provider="*schema.GRPCProviderServer" tf_provider_addr=registry.terraform.io/hashicorp/aws tf_req_id=e147c953-aef9-a830-b14b-045aa1585b27 @caller=github.com/hashicorp/aws-sdk-go-base/v2@v2.0.0-beta.65/logging/tf_logger.go:45 http.request.header.x_amz_content_sha256=e3b0c44298fc1c149afbf4c8996fb92427ae41e4649b934ca495991b7852b855 timestamp="2026-09-27T23:26:13.114+0100"
2026-09-27T23:26:13.114+0100 [DEBUG] provider.terraform-provider-aws_v5.100.0_x5.exe: HTTP Response Received: tf_rpc=ReadResource aws.region=eu-west-1 http.response.header.x_amzn_requestid=d6434a6b-119c-47d5-a39c-d7f074b4dc6f rpc.system=aws-api @module=aws http.duration=206 http.status_code=200 tf_aws.sdk=aws-sdk-go-v2 tf_provider_addr=registry.terraform.io/hashicorp/aws @caller=github.com/hashicorp/aws-sdk-go-base/v2@v2.0.0-beta.65/logging/tf_logger.go:45
  http.response.body=
  | <ListAttachedRolePoliciesResponse xmlns="https://iam.amazonaws.com/doc/2010-05-08/">
  |   <ListAttachedRolePoliciesResult>
  |     <IsTruncated>false</IsTruncated>
  |     <AttachedPolicies>
  |       <member>
  |         <PolicyArn>arn:aws:iam::aws:policy/service-role/AmazonECSTaskExecutionRolePolicy</PolicyArn>
  |         <PolicyName>AmazonECSTaskExecutionRolePolicy</PolicyName>
  |       </member>
  |     </AttachedPolicies>
  |   </ListAttachedRolePoliciesResult>
  |   <ResponseMetadata>
  |     <RequestId>d6434a6b-119c-47d5-a39c-d7f074b4dc6f</RequestId>
  |   </ResponseMetadata>
  | </ListAttachedRolePoliciesResponse>
   http.response.header.content_type=text/xml http.response_content_length=581 rpc.service=IAM tf_mux_provider="*schema.GRPCProviderServer" tf_resource_type=aws_iam_role http.response.header.date="Sun, 27 Sep 2026 22:26:12 GMT" rpc.method=ListAttachedRolePolicies tf_aws.signing_region="" tf_req_id=14ba3dc9-9818-a1e3-2b5a-c897d7454b6a timestamp="2026-09-27T23:26:13.114+0100"
2026-09-27T23:26:13.132+0100 [DEBUG] provider.terraform-provider-aws_v5.100.0_x5.exe: HTTP Response Received: http.response.header.cache_control="no-cache, no-store, must-revalidate, private" http.response.header.content_type=application/x-amz-json-1.1 http.response.header.pragma=no-cache http.response_content_length=168 rpc.method=ListResourceTags rpc.system=aws-api @caller=github.com/hashicorp/aws-sdk-go-base/v2@v2.0.0-beta.65/logging/tf_logger.go:45 aws.region=eu-west-1 http.response.header.date="Sun, 27 Sep 2026 22:26:12 GMT" id=da336f01-4686-48a0-8e66-11e56892e7c9 tf_aws.sdk=aws-sdk-go-v2 tf_mux_provider="*schema.GRPCProviderServer" tf_req_id=77cd01e0-6016-efd1-31bc-676f2655cce9 tf_rpc=ReadResource @module=aws http.duration=166 http.response.header.connection=keep-alive http.response.header.expires=0 rpc.service=KMS
  http.response.body=
  | {"Tags":[{"TagKey":"Environment","TagValue":"production"},{"TagKey":"ManagedBy","TagValue":"terraform"},{"TagKey":"Project","TagValue":"sportfolio"}],"Truncated":false}
   http.response.header.x_amzn_requestid=9a33d289-2653-4f99-84f6-5953b7684f18 http.status_code=200 tf_aws.signing_region="" tf_provider_addr=registry.terraform.io/hashicorp/aws tf_resource_type=aws_kms_key timestamp="2026-09-27T23:26:13.132+0100"
2026-09-27T23:26:13.147+0100 [WARN]  Provider "registry.terraform.io/hashicorp/aws" produced an invalid plan for module.fatsecret_log_group.aws_cloudwatch_log_group.worker, but we are tolerating it because it is using the legacy plugin SDK.
    The following problems may be the cause of any confusing errors from downstream operations:
      - .kms_key_id: planned value cty.StringVal("") for a non-computed attribute
      - .skip_destroy: planned value cty.False for a non-computed attribute
2026-09-27T23:26:13.150+0100 [WARN]  Provider "registry.terraform.io/hashicorp/aws" produced an invalid plan for module.iam.aws_iam_role.dispatcher, but we are tolerating it because it is using the legacy plugin SDK.
    The following problems may be the cause of any confusing errors from downstream operations:
      - .description: planned value cty.StringVal("") for a non-computed attribute
      - .permissions_boundary: planned value cty.StringVal("") for a non-computed attribute
      - .max_session_duration: planned value cty.NumberIntVal(3600) for a non-computed attribute
      - .path: planned value cty.StringVal("/") for a non-computed attribute
      - .force_detach_policies: planned value cty.False for a non-computed attribute
2026-09-27T23:26:13.151+0100 [DEBUG] ReferenceTransformer: "module.iam.aws_iam_role_policy_attachment.dispatcher_vpc" references: []
2026-09-27T23:26:13.153+0100 [WARN]  Provider "registry.terraform.io/hashicorp/aws" produced an invalid plan for module.iam.aws_iam_role.ecs_execution_role, but we are tolerating it because it is using the legacy plugin SDK.
    The following problems may be the cause of any confusing errors from downstream operations:
      - .path: planned value cty.StringVal("/") for a non-computed attribute
      - .force_detach_policies: planned value cty.False for a non-computed attribute
      - .description: planned value cty.StringVal("") for a non-computed attribute
      - .permissions_boundary: planned value cty.StringVal("") for a non-computed attribute
      - .max_session_duration: planned value cty.NumberIntVal(3600) for a non-computed attribute
2026-09-27T23:26:13.154+0100 [DEBUG] ReferenceTransformer: "module.iam.aws_iam_role_policy_attachment.ecs_execution_policy" references: []
2026-09-27T23:26:13.179+0100 [DEBUG] provider.terraform-provider-aws_v5.100.0_x5.exe: HTTP Response Received: http.status_code=404 rpc.system=aws-api tf_aws.sdk=aws-sdk-go-v2 http.response.header.x_amz_id_2="uUgXwgl1XOSbo9AScKOMFYSnrzKm4ZWM7+QBuC3thTT9ZrlenL79lVbth/WMZCwI042lyaDK8ybsoLZFwENgk5Omw8C3SrD9" rpc.method=GetBucketCors @caller=github.com/hashicorp/aws-sdk-go-base/v2@v2.0.0-beta.65/logging/tf_logger.go:45
  http.response.body=
  | <?xml version="1.0" encoding="UTF-8"?>
  | <Error><Code>NoSuchCORSConfiguration</Code><Message>The CORS configuration does not exist</Message><BucketName>edgar-fitness-progess-photos</BucketName><RequestId>XFHJ3E0AQ5A3T4E9</RequestId><HostId>uUgXwgl1XOSbo9AScKOMFYSnrzKm4ZWM7+QBuC3thTT9ZrlenL79lVbth/WMZCwI042lyaDK8ybsoLZFwENgk5Omw8C3SrD9</HostId></Error>
   http.response.header.content_type=application/xml http.response.header.server=AmazonS3 tf_aws.signing_region="" tf_mux_provider="*schema.GRPCProviderServer" tf_provider_addr=registry.terraform.io/hashicorp/aws tf_resource_type=aws_s3_bucket @module=aws http.duration=64 rpc.service=S3 tf_req_id=e147c953-aef9-a830-b14b-045aa1585b27 tf_rpc=ReadResource aws.region=eu-west-1 http.response.header.date="Sun, 27 Sep 2026 22:26:12 GMT" http.response.header.x_amz_request_id=XFHJ3E0AQ5A3T4E9 timestamp="2026-09-27T23:26:13.179+0100"
2026-09-27T23:26:13.180+0100 [DEBUG] provider.terraform-provider-aws_v5.100.0_x5.exe: request failed with unretryable error https response error StatusCode: 404, RequestID: XFHJ3E0AQ5A3T4E9, HostID: uUgXwgl1XOSbo9AScKOMFYSnrzKm4ZWM7+QBuC3thTT9ZrlenL79lVbth/WMZCwI042lyaDK8ybsoLZFwENgk5Omw8C3SrD9, api error NoSuchCORSConfiguration: The CORS configuration does not exist: tf_provider_addr=registry.terraform.io/hashicorp/aws tf_rpc=ReadResource rpc.method=GetBucketCors rpc.service=S3 rpc.system=aws-api @module=aws aws.region=eu-west-1 tf_aws.sdk=aws-sdk-go-v2 tf_mux_provider="*schema.GRPCProviderServer" tf_req_id=e147c953-aef9-a830-b14b-045aa1585b27 tf_resource_type=aws_s3_bucket @caller=github.com/hashicorp/aws-sdk-go-base/v2@v2.0.0-beta.65/logging/tf_logger.go:45 timestamp="2026-09-27T23:26:13.179+0100"
2026-09-27T23:26:13.180+0100 [DEBUG] provider.terraform-provider-aws_v5.100.0_x5.exe: [DEBUG] Waiting for state to become: [success]
2026-09-27T23:26:13.242+0100 [DEBUG] provider.terraform-provider-aws_v5.100.0_x5.exe: [DEBUG] Waiting for state to become: [success]
2026-09-27T23:26:13.262+0100 [DEBUG] provider.terraform-provider-aws_v5.100.0_x5.exe: [DEBUG] Waiting for state to become: [success]
2026-09-27T23:26:13.263+0100 [DEBUG] provider.terraform-provider-aws_v5.100.0_x5.exe: HTTP Request Sent: http.url=https://sqs.eu-west-1.amazonaws.com/ messaging.system=AmazonSQS tf_aws.sdk=aws-sdk-go-v2 tf_aws.signing_region="" tf_provider_addr=registry.terraform.io/hashicorp/aws tf_resource_type=aws_sqs_queue http.user_agent="APN/1.0 HashiCorp/1.0 Terraform/1.15.3 (+https://www.terraform.io) terraform-provider-aws/5.100.0 (+https://registry.terraform.io/providers/hashicorp/aws) aws-sdk-go-v2/1.36.3 ua/2.1 os/windows lang/go#1.23.10 md/GOOS#windows md/GOARCH#amd64 api/sqs#1.38.6 m/n" http.request.header.content_type=application/x-amz-json-1.0 http.request.header.x_amz_target=AmazonSQS.GetQueueAttributes http.request_content_length=114 rpc.system=aws-api http.request.header.amz_sdk_request="attempt=1; max=25" tf_rpc=ReadResource @caller=github.com/hashicorp/aws-sdk-go-base/v2@v2.0.0-beta.65/logging/tf_logger.go:45 @module=aws net.peer.name=sqs.eu-west-1.amazonaws.com tf_req_id=e78625c8-708b-dfe9-f561-ac1b125d8138 aws.region=eu-west-1 http.method=POST
  http.request.body=
  | {"AttributeNames":["All"],"QueueUrl":"https://sqs.eu-west-1.amazonaws.com/234334047980/health-platform-fatsecret"}
   http.request.header.authorization="AWS4-HMAC-SHA256 Credential=AKIA************SZUM/20260927/eu-west-1/sqs/aws4_request, SignedHeaders=amz-sdk-invocation-id;amz-sdk-request;content-length;content-type;host;x-amz-date;x-amz-target;x-amzn-query-mode, Signature=*****" http.request.header.x_amzn_query_mode=true http.request.header.x_amz_date=20260927T222613Z rpc.method=GetQueueAttributes rpc.service=SQS tf_mux_provider="*schema.GRPCProviderServer" http.request.header.amz_sdk_invocation_id=9c564597-31f2-481d-998d-cd1a9e6472f3 timestamp="2026-09-27T23:26:13.262+0100"
2026-09-27T23:26:13.272+0100 [DEBUG] provider.terraform-provider-aws_v5.100.0_x5.exe: HTTP Request Sent: http.request.header.amz_sdk_request="attempt=1; max=25" http.user_agent="APN/1.0 HashiCorp/1.0 Terraform/1.15.3 (+https://www.terraform.io) terraform-provider-aws/5.100.0 (+https://registry.terraform.io/providers/hashicorp/aws) aws-sdk-go-v2/1.36.3 ua/2.1 os/windows lang/go#1.23.10 md/GOOS#windows md/GOARCH#amd64 api/s3#1.80.1 m/n" tf_provider_addr=registry.terraform.io/hashicorp/aws @caller=github.com/hashicorp/aws-sdk-go-base/v2@v2.0.0-beta.65/logging/tf_logger.go:45 http.method=GET http.request.header.x_amz_content_sha256=e3b0c44298fc1c149afbf4c8996fb92427ae41e4649b934ca495991b7852b855 http.request.header.x_amz_date=20260927T222613Z http.url=https://edgar-fitness-progess-photos.s3.eu-west-1.amazonaws.com/?website= rpc.method=GetBucketWebsite rpc.system=aws-api tf_aws.signing_region="" @module=aws http.request.body="" http.request.header.authorization="AWS4-HMAC-SHA256 Credential=AKIA************SZUM/20260927/eu-west-1/s3/aws4_request, SignedHeaders=accept-encoding;amz-sdk-invocation-id;amz-sdk-request;host;x-amz-content-sha256;x-amz-date, Signature=*****" net.peer.name=edgar-fitness-progess-photos.s3.eu-west-1.amazonaws.com tf_aws.sdk=aws-sdk-go-v2 tf_mux_provider="*schema.GRPCProviderServer" tf_resource_type=aws_s3_bucket aws.region=eu-west-1 http.request.header.accept_encoding=identity rpc.service=S3 tf_req_id=e147c953-aef9-a830-b14b-045aa1585b27 tf_rpc=ReadResource http.request.header.amz_sdk_invocation_id=fcf905bb-f88d-489d-9140-12bdf10e302f timestamp="2026-09-27T23:26:13.272+0100"
2026-09-27T23:26:13.273+0100 [DEBUG] provider.terraform-provider-aws_v5.100.0_x5.exe: HTTP Response Received: @caller=github.com/hashicorp/aws-sdk-go-base/v2@v2.0.0-beta.65/logging/tf_logger.go:45 http.response.header.date="Sun, 27 Sep 2026 22:26:13 GMT" rpc.method=GetRole tf_aws.sdk=aws-sdk-go-v2 tf_provider_addr=registry.terraform.io/hashicorp/aws aws.region=eu-west-1 http.duration=267 http.response.header.content_type=text/xml http.response_content_length=1172 http.status_code=200 rpc.system=aws-api tf_mux_provider="*schema.GRPCProviderServer" @module=aws http.response.header.x_amzn_requestid=7d76eb6d-167f-4de2-87ae-9c92bb16b59b tf_aws.signing_region="" tf_resource_type=aws_iam_role tf_rpc=ReadResource
  http.response.body=
  | <GetRoleResponse xmlns="https://iam.amazonaws.com/doc/2010-05-08/">
  |   <GetRoleResult>
  |     <Role>
  |       <AssumeRolePolicyDocument>%7B%22Version%22%3A%222012-10-17%22%2C%22Statement%22%3A%5B%7B%22Effect%22%3A%22Allow%22%2C%22Principal%22%3A%7B%22Service%22%3A%22ecs-tasks.amazonaws.com%22%7D%2C%22Action%22%3A%22sts%3AAssumeRole%22%7D%5D%7D</AssumeRolePolicyDocument>
  |       <RoleId>AROA*************T5DM</RoleId>
  |       <Tags>
  |         <member>
  |           <Value>sportfolio</Value>
  |           <Key>Project</Key>
  |         </member>
  |         <member>
  |           <Value>terraform</Value>
  |           <Key>ManagedBy</Key>
  |         </member>
  |         <member>
  |           <Value>production</Value>
  |           <Key>Environment</Key>
  |         </member>
  |       </Tags>
  |       <Path>/</Path>
  |       <MaxSessionDuration>3600</MaxSessionDuration>
  |       <RoleLastUsed/>
  |       <RoleName>sportfolio-ecs-task-role</RoleName>
  |       <Arn>arn:aws:iam::234334047980:role/sportfolio-ecs-task-role</Arn>
  |       <CreateDate>2026-09-27T20:35:08Z</CreateDate>
  |     </Role>
  |   </GetRoleResult>
  |   <ResponseMetadata>
  |     <RequestId>7d76eb6d-167f-4de2-87ae-9c92bb16b59b</RequestId>
  |   </ResponseMetadata>
  | </GetRoleResponse>
   rpc.service=IAM tf_req_id=84cbb6a4-a4ce-3929-3ce6-fb0767b2704b timestamp="2026-09-27T23:26:13.273+0100"
2026-09-27T23:26:13.276+0100 [DEBUG] provider.terraform-provider-aws_v5.100.0_x5.exe: HTTP Request Sent: tf_mux_provider="*schema.GRPCProviderServer" tf_provider_addr=registry.terraform.io/hashicorp/aws tf_req_id=84cbb6a4-a4ce-3929-3ce6-fb0767b2704b aws.region=eu-west-1 http.method=POST http.url=https://iam.amazonaws.com/ rpc.system=aws-api tf_aws.sdk=aws-sdk-go-v2 tf_aws.signing_region="" tf_resource_type=aws_iam_role @module=aws http.request.header.amz_sdk_invocation_id=6e4b51b2-381b-411c-b1c8-38e2334ebdf3 http.request.header.amz_sdk_request="attempt=1; max=25" net.peer.name=iam.amazonaws.com rpc.method=ListRolePolicies @caller=github.com/hashicorp/aws-sdk-go-base/v2@v2.0.0-beta.65/logging/tf_logger.go:45 http.request.header.authorization="AWS4-HMAC-SHA256 Credential=AKIA************SZUM/20260927/us-east-1/iam/aws4_request, SignedHeaders=amz-sdk-invocation-id;amz-sdk-request;content-length;content-type;host;x-amz-date, Signature=*****" http.request.header.x_amz_date=20260927T222613Z http.request_content_length=76 http.user_agent="APN/1.0 HashiCorp/1.0 Terraform/1.15.3 (+https://www.terraform.io) terraform-provider-aws/5.100.0 (+https://registry.terraform.io/providers/hashicorp/aws) aws-sdk-go-v2/1.36.3 ua/2.1 os/windows lang/go#1.23.10 md/GOOS#windows md/GOARCH#amd64 api/iam#1.42.0 m/C,n" rpc.service=IAM tf_rpc=ReadResource
  http.request.body=
  | Action=ListRolePolicies&RoleName=sportfolio-ecs-task-role&Version=2010-05-08
   http.request.header.content_type=application/x-www-form-urlencoded timestamp="2026-09-27T23:26:13.276+0100"
2026-09-27T23:26:13.283+0100 [WARN]  Provider "registry.terraform.io/hashicorp/aws" produced an invalid plan for module.kms.aws_kms_key.credentials, but we are tolerating it because it is using the legacy plugin SDK.
    The following problems may be the cause of any confusing errors from downstream operations:
      - .is_enabled: planned value cty.True for a non-computed attribute
      - .bypass_policy_lockout_safety_check: planned value cty.False for a non-computed attribute
      - .custom_key_store_id: planned value cty.StringVal("") for a non-computed attribute
      - .xks_key_id: planned value cty.StringVal("") for a non-computed attribute
      - .customer_master_key_spec: planned value cty.StringVal("SYMMETRIC_DEFAULT") for a non-computed attribute
      - .key_usage: planned value cty.StringVal("ENCRYPT_DECRYPT") for a non-computed attribute
2026-09-27T23:26:13.283+0100 [DEBUG] ReferenceTransformer: "module.kms.aws_kms_alias.credentials" references: []
2026-09-27T23:26:13.294+0100 [DEBUG] provider.terraform-provider-aws_v5.100.0_x5.exe: [DEBUG] Waiting for state to become: [success]
2026-09-27T23:26:13.328+0100 [DEBUG] provider.terraform-provider-aws_v5.100.0_x5.exe: HTTP Response Received:
  http.response.body=
  | <?xml version="1.0" encoding="UTF-8"?>
  | <DescribeAddressesResponse xmlns="http://ec2.amazonaws.com/doc/2016-11-15/">
  |     <requestId>5d131879-559a-4d45-976f-e4e1b1258d72</requestId>
  |     <addressesSet>
  |         <item>
  |             <publicIp>54.74.28.113</publicIp>
  |             <allocationId>eipalloc-03155fd73f7ca9787</allocationId>
  |             <domain>vpc</domain>
  |             <associationId>eipassoc-05fc8a859c25eca9d</associationId>
  |             <networkInterfaceId>eni-00c8dbde7b14ec142</networkInterfaceId>
  |             <networkInterfaceOwnerId>234334047980</networkInterfaceOwnerId>
  |             <privateIpAddress>10.0.1.111</privateIpAddress>
  |             <tagSet>
  |                 <item>
  |                     <key>Environment</key>
  |                     <value>production</value>
  |                 </item>
  |                 <item>
  |                     <key>ManagedBy</key>
  |                     <value>terraform</value>
  |                 </item>
  |                 <item>
  |                     <key>Name</key>
  |                     <value>sportfolio-nat-eip</value>
  |                 </item>
  |                 <item>
  |                     <key>Project</key>
  |                     <value>sportfolio</value>
  |                 </item>
  |             </tagSet>
  |             <publicIpv4Pool>amazon</publicIpv4Pool>
  |             <networkBorderGroup>eu-west-1</networkBorderGroup>
  |         </item>
  |     </addressesSet>
  | </DescribeAddressesResponse>
   http.response.header.server=AmazonEC2 http.status_code=200 rpc.method=DescribeAddresses rpc.service=EC2 tf_aws.sdk=aws-sdk-go-v2 tf_aws.signing_region="" tf_mux_provider="*schema.GRPCProviderServer" @module=aws tf_resource_type=aws_eip tf_rpc=ReadResource @caller=github.com/hashicorp/aws-sdk-go-base/v2@v2.0.0-beta.65/logging/tf_logger.go:45 aws.region=eu-west-1 http.response.header.date="Sun, 27 Sep 2026 22:26:13 GMT" rpc.system=aws-api tf_provider_addr=registry.terraform.io/hashicorp/aws tf_req_id=1af56138-d11f-8daf-5e9c-917ddfff44c3 http.duration=930 http.response.header.cache_control="no-cache, no-store" http.response.header.content_type=text/xml;charset=UTF-8 http.response.header.strict_transport_security="max-age=31536000; includeSubDomains" http.response.header.x_amzn_requestid=5d131879-559a-4d45-976f-e4e1b1258d72 http.response_content_length=1402 timestamp="2026-09-27T23:26:13.327+0100"
2026-09-27T23:26:13.338+0100 [DEBUG] provider.terraform-provider-aws_v5.100.0_x5.exe: [DEBUG] Waiting for state to become: [success]
2026-09-27T23:26:13.339+0100 [DEBUG] provider.terraform-provider-aws_v5.100.0_x5.exe: HTTP Request Sent: http.request.header.authorization="AWS4-HMAC-SHA256 Credential=AKIA************SZUM/20260927/us-east-1/iam/aws4_request, SignedHeaders=amz-sdk-invocation-id;amz-sdk-request;content-length;content-type;host;x-amz-date, Signature=*****" http.user_agent="APN/1.0 HashiCorp/1.0 Terraform/1.15.3 (+https://www.terraform.io) terraform-provider-aws/5.100.0 (+https://registry.terraform.io/providers/hashicorp/aws) aws-sdk-go-v2/1.36.3 ua/2.1 os/windows lang/go#1.23.10 md/GOOS#windows md/GOARCH#amd64 api/iam#1.42.0 m/C,n" net.peer.name=iam.amazonaws.com tf_mux_provider="*schema.GRPCProviderServer" tf_req_id=898b263a-524e-9a74-c62d-5c11dfad329a http.request.header.x_amz_date=20260927T222613Z http.request_content_length=81 http.url=https://iam.amazonaws.com/ tf_aws.signing_region="" aws.region=eu-west-1
  http.request.body=
  | Action=ListAttachedRolePolicies&RoleName=sportfolio-dispatcher&Version=2010-05-08
   http.request.header.amz_sdk_invocation_id=b806ce5d-807c-4169-abd3-2a36d7bc14e7 http.request.header.content_type=application/x-www-form-urlencoded rpc.method=ListAttachedRolePolicies rpc.service=IAM rpc.system=aws-api tf_aws.sdk=aws-sdk-go-v2 @module=aws http.method=POST http.request.header.amz_sdk_request="attempt=1; max=25" tf_provider_addr=registry.terraform.io/hashicorp/aws tf_resource_type=aws_iam_role_policy_attachment tf_rpc=ReadResource @caller=github.com/hashicorp/aws-sdk-go-base/v2@v2.0.0-beta.65/logging/tf_logger.go:45 timestamp="2026-09-27T23:26:13.339+0100"
2026-09-27T23:26:13.378+0100 [DEBUG] provider.terraform-provider-aws_v5.100.0_x5.exe: HTTP Request Sent: @module=aws http.method=POST http.request.header.amz_sdk_invocation_id=31dab108-6a24-4248-95ce-7b9d4ed23759 http.request_content_length=152 net.peer.name=secretsmanager.eu-west-1.amazonaws.com rpc.method=GetSecretValue rpc.service="Secrets Manager" tf_rpc=ReadResource aws.region=eu-west-1 http.request.header.content_type=application/x-amz-json-1.1 http.user_agent="APN/1.0 HashiCorp/1.0 Terraform/1.15.3 (+https://www.terraform.io) terraform-provider-aws/5.100.0 (+https://registry.terraform.io/providers/hashicorp/aws) aws-sdk-go-v2/1.36.3 ua/2.1 os/windows lang/go#1.23.10 md/GOOS#windows md/GOARCH#amd64 api/secretsmanager#1.35.5 m/n" tf_aws.signing_region="" @caller=github.com/hashicorp/aws-sdk-go-base/v2@v2.0.0-beta.65/logging/tf_logger.go:45
  http.request.body=
  | {"SecretId":"arn:aws:secretsmanager:eu-west-1:234334047980:secret:sportfolio/rds/db_password-zxHA3w","VersionId":"terraform-20260803165207524200000002"}
   http.request.header.amz_sdk_request="attempt=1; max=25" http.request.header.x_amz_date=20260927T222613Z tf_aws.sdk=aws-sdk-go-v2 tf_provider_addr=registry.terraform.io/hashicorp/aws tf_req_id=311fadde-5e79-caaf-7206-70fd82aa81ee http.request.header.authorization="AWS4-HMAC-SHA256 Credential=AKIA************SZUM/20260927/eu-west-1/secretsmanager/aws4_request, SignedHeaders=amz-sdk-invocation-id;amz-sdk-request;content-length;content-type;host;x-amz-date;x-amz-target, Signature=*****" http.request.header.x_amz_target=secretsmanager.GetSecretValue http.url=https://secretsmanager.eu-west-1.amazonaws.com/ rpc.system=aws-api tf_mux_provider="*schema.GRPCProviderServer" tf_resource_type=aws_secretsmanager_secret_version timestamp="2026-09-27T23:26:13.340+0100"
2026-09-27T23:26:13.399+0100 [DEBUG] provider.terraform-provider-aws_v5.100.0_x5.exe: HTTP Request Sent: @module=aws aws.region=eu-west-1 http.request.header.content_type=application/x-www-form-urlencoded http.request.header.x_amz_date=20260927T222613Z rpc.system=aws-api tf_req_id=4f28b70f-bfcd-bcf1-c804-e481d16f0682 http.method=POST http.request.header.amz_sdk_request="attempt=1; max=25" net.peer.name=sns.eu-west-1.amazonaws.com rpc.service=SNS tf_aws.sdk=aws-sdk-go-v2 tf_aws.signing_region="" tf_mux_provider="*schema.GRPCProviderServer" http.request.header.authorization="AWS4-HMAC-SHA256 Credential=AKIA************SZUM/20260927/eu-west-1/sns/aws4_request, SignedHeaders=amz-sdk-invocation-id;amz-sdk-request;content-length;content-type;host;x-amz-date, Signature=*****" http.request_content_length=169 http.url=https://sns.eu-west-1.amazonaws.com/ http.user_agent="APN/1.0 HashiCorp/1.0 Terraform/1.15.3 (+https://www.terraform.io) terraform-provider-aws/5.100.0 (+https://registry.terraform.io/providers/hashicorp/aws) aws-sdk-go-v2/1.36.3 ua/2.1 os/windows lang/go#1.23.10 md/GOOS#windows md/GOARCH#amd64 api/sns#1.34.5 m/n" rpc.method=GetSubscriptionAttributes tf_resource_type=aws_sns_topic_subscription @caller=github.com/hashicorp/aws-sdk-go-base/v2@v2.0.0-beta.65/logging/tf_logger.go:45
  http.request.body=
  | Action=GetSubscriptionAttributes&SubscriptionArn=arn%3Aaws%3Asns%3Aeu-west-1%3A234334047980%3Asportfolio-alerts%3Aa3bb8130-6917-4096-a768-9a9f93798236&Version=2010-03-31
   http.request.header.amz_sdk_invocation_id=91b48722-22b1-4676-96ce-3a173a007c06 tf_provider_addr=registry.terraform.io/hashicorp/aws tf_rpc=ReadResource timestamp="2026-09-27T23:26:13.399+0100"
2026-09-27T23:26:13.401+0100 [DEBUG] provider.terraform-provider-aws_v5.100.0_x5.exe: HTTP Response Received: tf_req_id=e147c953-aef9-a830-b14b-045aa1585b27 http.response.header.content_type=application/xml http.status_code=404 rpc.service=S3 @caller=github.com/hashicorp/aws-sdk-go-base/v2@v2.0.0-beta.65/logging/tf_logger.go:45 aws.region=eu-west-1
  http.response.body=
  | <?xml version="1.0" encoding="UTF-8"?>
  | <Error><Code>NoSuchWebsiteConfiguration</Code><Message>The specified bucket does not have a website configuration</Message><BucketName>edgar-fitness-progess-photos</BucketName><RequestId>XFHQ5S4E8XN38DT9</RequestId><HostId>gqsh/R4ne2x6d3B0MufSNs8GYSM7mI1Zrqsw2MXHaqdCY3adv4Y/Vz2jPkpOKtlBkycHSDBB7bMEFFOhVJ/oo+Rk6lUDndcY</HostId></Error>
   http.response.header.x_amz_id_2="gqsh/R4ne2x6d3B0MufSNs8GYSM7mI1Zrqsw2MXHaqdCY3adv4Y/Vz2jPkpOKtlBkycHSDBB7bMEFFOhVJ/oo+Rk6lUDndcY" http.response.header.x_amz_request_id=XFHQ5S4E8XN38DT9 rpc.system=aws-api tf_mux_provider="*schema.GRPCProviderServer" @module=aws http.response.header.date="Sun, 27 Sep 2026 22:26:12 GMT" rpc.method=GetBucketWebsite tf_resource_type=aws_s3_bucket tf_rpc=ReadResource http.duration=129 http.response.header.server=AmazonS3 tf_aws.sdk=aws-sdk-go-v2 tf_aws.signing_region="" tf_provider_addr=registry.terraform.io/hashicorp/aws timestamp="2026-09-27T23:26:13.401+0100"
2026-09-27T23:26:13.401+0100 [DEBUG] provider.terraform-provider-aws_v5.100.0_x5.exe: request failed with unretryable error https response error StatusCode: 404, RequestID: XFHQ5S4E8XN38DT9, HostID: gqsh/R4ne2x6d3B0MufSNs8GYSM7mI1Zrqsw2MXHaqdCY3adv4Y/Vz2jPkpOKtlBkycHSDBB7bMEFFOhVJ/oo+Rk6lUDndcY, api error NoSuchWebsiteConfiguration: The specified bucket does not have a website configuration: @module=aws tf_aws.sdk=aws-sdk-go-v2 tf_req_id=e147c953-aef9-a830-b14b-045aa1585b27 tf_rpc=ReadResource rpc.method=GetBucketWebsite rpc.service=S3 tf_mux_provider="*schema.GRPCProviderServer" tf_provider_addr=registry.terraform.io/hashicorp/aws @caller=github.com/hashicorp/aws-sdk-go-base/v2@v2.0.0-beta.65/logging/tf_logger.go:45 aws.region=eu-west-1 rpc.system=aws-api tf_resource_type=aws_s3_bucket timestamp="2026-09-27T23:26:13.401+0100"
2026-09-27T23:26:13.401+0100 [DEBUG] provider.terraform-provider-aws_v5.100.0_x5.exe: [DEBUG] Waiting for state to become: [success]
2026-09-27T23:26:13.404+0100 [DEBUG] provider.terraform-provider-aws_v5.100.0_x5.exe: HTTP Response Received: rpc.method=GetQueueAttributes rpc.system=aws-api tf_resource_type=aws_sqs_queue http.response.header.connection=keep-alive http.response.header.content_type=application/x-amz-json-1.0 messaging.system=AmazonSQS tf_req_id=e78625c8-708b-dfe9-f561-ac1b125d8138 tf_rpc=ReadResource http.response_content_length=452 @caller=github.com/hashicorp/aws-sdk-go-base/v2@v2.0.0-beta.65/logging/tf_logger.go:45 http.response.header.x_amzn_requestid=bb75ca98-c883-56a5-bc57-a9ab52c6e989 tf_aws.sdk=aws-sdk-go-v2 tf_aws.signing_region="" aws.region=eu-west-1 http.status_code=200 net.peer.name=https://sqs.eu-west-1.amazonaws.com/234334047980/health-platform-fatsecret rpc.service=SQS tf_mux_provider="*schema.GRPCProviderServer" tf_provider_addr=registry.terraform.io/hashicorp/aws @module=aws http.duration=141
  http.response.body=
  | {"Attributes":{"QueueArn":"arn:aws:sqs:eu-west-1:234334047980:health-platform-fatsecret","ApproximateNumberOfMessages":"0","ApproximateNumberOfMessagesNotVisible":"0","ApproximateNumberOfMessagesDelayed":"0","CreatedTimestamp":"1788425325","LastModifiedTimestamp":"1788425325","VisibilityTimeout":"30","MaximumMessageSize":"262144","MessageRetentionPeriod":"345600","DelaySeconds":"0","ReceiveMessageWaitTimeSeconds":"0","SqsManagedSseEnabled":"true"}}
   http.response.header.date="Sun, 27 Sep 2026 22:26:13 GMT" timestamp="2026-09-27T23:26:13.404+0100"
2026-09-27T23:26:13.404+0100 [DEBUG] provider.terraform-provider-aws_v5.100.0_x5.exe: HTTP Request Sent: http.request.header.amz_sdk_invocation_id=2c4c1fd4-230c-4df6-b4a7-468fe6cf5517 http.user_agent="APN/1.0 HashiCorp/1.0 Terraform/1.15.3 (+https://www.terraform.io) terraform-provider-aws/5.100.0 (+https://registry.terraform.io/providers/hashicorp/aws) aws-sdk-go-v2/1.36.3 ua/2.1 os/windows lang/go#1.23.10 md/GOOS#windows md/GOARCH#amd64 api/s3#1.80.1 m/n" aws.region=eu-west-1 http.request.body="" http.request.header.authorization="AWS4-HMAC-SHA256 Credential=AKIA************SZUM/20260927/eu-west-1/s3/aws4_request, SignedHeaders=accept-encoding;amz-sdk-invocation-id;amz-sdk-request;host;x-amz-content-sha256;x-amz-date, Signature=*****" http.request.header.x_amz_content_sha256=e3b0c44298fc1c149afbf4c8996fb92427ae41e4649b934ca495991b7852b855 http.request.header.x_amz_date=20260927T222613Z net.peer.name=edgar-fitness-progess-photos.s3.eu-west-1.amazonaws.com rpc.service=S3 @caller=github.com/hashicorp/aws-sdk-go-base/v2@v2.0.0-beta.65/logging/tf_logger.go:45 @module=aws http.request.header.amz_sdk_request="attempt=1; max=25" tf_aws.sdk=aws-sdk-go-v2 tf_aws.signing_region="" tf_mux_provider="*schema.GRPCProviderServer" tf_req_id=e147c953-aef9-a830-b14b-045aa1585b27 tf_resource_type=aws_s3_bucket http.method=GET http.url=https://edgar-fitness-progess-photos.s3.eu-west-1.amazonaws.com/?versioning= rpc.method=GetBucketVersioning rpc.system=aws-api tf_provider_addr=registry.terraform.io/hashicorp/aws tf_rpc=ReadResource http.request.header.accept_encoding=identity timestamp="2026-09-27T23:26:13.404+0100"
2026-09-27T23:26:13.405+0100 [DEBUG] provider.terraform-provider-aws_v5.100.0_x5.exe: HTTP Request Sent: http.method=POST http.request.header.x_amz_date=20260927T222613Z rpc.system=aws-api tf_aws.signing_region="" tf_req_id=e78625c8-708b-dfe9-f561-ac1b125d8138 @caller=github.com/hashicorp/aws-sdk-go-base/v2@v2.0.0-beta.65/logging/tf_logger.go:45 @module=aws http.request_content_length=89 messaging.system=AmazonSQS
  http.request.body=
  | {"QueueUrl":"https://sqs.eu-west-1.amazonaws.com/234334047980/health-platform-fatsecret"}
   http.request.header.authorization="AWS4-HMAC-SHA256 Credential=AKIA************SZUM/20260927/eu-west-1/sqs/aws4_request, SignedHeaders=amz-sdk-invocation-id;amz-sdk-request;content-length;content-type;host;x-amz-date;x-amz-target;x-amzn-query-mode, Signature=*****" rpc.method=ListQueueTags http.request.header.content_type=application/x-amz-json-1.0 http.url=https://sqs.eu-west-1.amazonaws.com/ http.user_agent="APN/1.0 HashiCorp/1.0 Terraform/1.15.3 (+https://www.terraform.io) terraform-provider-aws/5.100.0 (+https://registry.terraform.io/providers/hashicorp/aws) aws-sdk-go-v2/1.36.3 ua/2.1 os/windows lang/go#1.23.10 md/GOOS#windows md/GOARCH#amd64 api/sqs#1.38.6 m/n" tf_provider_addr=registry.terraform.io/hashicorp/aws aws.region=eu-west-1 http.request.header.amz_sdk_invocation_id=e2700870-5c76-42c5-8a1e-d66ab8f7b434 http.request.header.x_amzn_query_mode=true net.peer.name=sqs.eu-west-1.amazonaws.com rpc.service=SQS tf_aws.sdk=aws-sdk-go-v2 tf_resource_type=aws_sqs_queue tf_rpc=ReadResource http.request.header.amz_sdk_request="attempt=1; max=25" http.request.header.x_amz_target=AmazonSQS.ListQueueTags tf_mux_provider="*schema.GRPCProviderServer" timestamp="2026-09-27T23:26:13.405+0100"
2026-09-27T23:26:13.406+0100 [DEBUG] provider.terraform-provider-aws_v5.100.0_x5.exe: HTTP Response Received: aws.region=eu-west-1 http.response.header.date="Sun, 27 Sep 2026 22:26:13 GMT" http.response_content_length=323 rpc.system=aws-api tf_provider_addr=registry.terraform.io/hashicorp/aws http.response.header.x_amzn_requestid=f93292b3-54f9-427d-8bc8-2aef5e9f5856 tf_resource_type=aws_iam_role rpc.method=ListRolePolicies http.duration=129 http.response.header.content_type=text/xml rpc.service=IAM tf_rpc=ReadResource @caller=github.com/hashicorp/aws-sdk-go-base/v2@v2.0.0-beta.65/logging/tf_logger.go:45 @module=aws
  http.response.body=
  | <ListRolePoliciesResponse xmlns="https://iam.amazonaws.com/doc/2010-05-08/">
  |   <ListRolePoliciesResult>
  |     <IsTruncated>false</IsTruncated>
  |     <PolicyNames/>
  |   </ListRolePoliciesResult>
  |   <ResponseMetadata>
  |     <RequestId>f93292b3-54f9-427d-8bc8-2aef5e9f5856</RequestId>
  |   </ResponseMetadata>
  | </ListRolePoliciesResponse>
   http.status_code=200 tf_aws.sdk=aws-sdk-go-v2 tf_aws.signing_region="" tf_mux_provider="*schema.GRPCProviderServer" tf_req_id=84cbb6a4-a4ce-3929-3ce6-fb0767b2704b timestamp="2026-09-27T23:26:13.405+0100"
2026-09-27T23:26:13.406+0100 [DEBUG] provider.terraform-provider-aws_v5.100.0_x5.exe: HTTP Request Sent: http.request_content_length=84 @caller=github.com/hashicorp/aws-sdk-go-base/v2@v2.0.0-beta.65/logging/tf_logger.go:45 http.request.header.amz_sdk_request="attempt=1; max=25" rpc.method=ListAttachedRolePolicies
  http.request.body=
  | Action=ListAttachedRolePolicies&RoleName=sportfolio-ecs-task-role&Version=2010-05-08
   http.user_agent="APN/1.0 HashiCorp/1.0 Terraform/1.15.3 (+https://www.terraform.io) terraform-provider-aws/5.100.0 (+https://registry.terraform.io/providers/hashicorp/aws) aws-sdk-go-v2/1.36.3 ua/2.1 os/windows lang/go#1.23.10 md/GOOS#windows md/GOARCH#amd64 api/iam#1.42.0 m/C,n" tf_aws.sdk=aws-sdk-go-v2 tf_resource_type=aws_iam_role tf_rpc=ReadResource @module=aws aws.region=eu-west-1 http.method=POST http.request.header.authorization="AWS4-HMAC-SHA256 Credential=AKIA************SZUM/20260927/us-east-1/iam/aws4_request, SignedHeaders=amz-sdk-invocation-id;amz-sdk-request;content-length;content-type;host;x-amz-date, Signature=*****" http.url=https://iam.amazonaws.com/ net.peer.name=iam.amazonaws.com rpc.service=IAM http.request.header.amz_sdk_invocation_id=9f833358-17aa-419b-becb-2afba4a98218 rpc.system=aws-api tf_aws.signing_region="" tf_mux_provider="*schema.GRPCProviderServer" tf_provider_addr=registry.terraform.io/hashicorp/aws tf_req_id=84cbb6a4-a4ce-3929-3ce6-fb0767b2704b http.request.header.content_type=application/x-www-form-urlencoded http.request.header.x_amz_date=20260927T222613Z timestamp="2026-09-27T23:26:13.406+0100"
2026-09-27T23:26:13.452+0100 [DEBUG] provider.terraform-provider-aws_v5.100.0_x5.exe: HTTP Response Received: http.duration=73 rpc.service="Secrets Manager" tf_mux_provider="*schema.GRPCProviderServer" tf_req_id=311fadde-5e79-caaf-7206-70fd82aa81ee tf_rpc=ReadResource aws.region=eu-west-1 http.response_content_length=283 tf_aws.signing_region=""
  http.response.body=
  | {"ARN":"arn:aws:secretsmanager:eu-west-1:234334047980:secret:sportfolio/rds/db_password-zxHA3w","CreatedDate":1.785775927015E9,"Name":"sportfolio/rds/db_password","SecretString":"8yM6RTB5r5Cnsx4Zud8q","VersionId":"terraform-20260803165207524200000002","VersionStages":["AWSCURRENT"]}
   http.response.header.date="Sun, 27 Sep 2026 22:26:13 GMT" http.status_code=200 tf_provider_addr=registry.terraform.io/hashicorp/aws tf_resource_type=aws_secretsmanager_secret_version @module=aws http.response.header.content_type=application/x-amz-json-1.1 http.response.header.x_amzn_requestid=028de48d-c611-47d6-9112-30348d122d82 rpc.method=GetSecretValue rpc.system=aws-api tf_aws.sdk=aws-sdk-go-v2 @caller=github.com/hashicorp/aws-sdk-go-base/v2@v2.0.0-beta.65/logging/tf_logger.go:45 timestamp="2026-09-27T23:26:13.452+0100"
2026-09-27T23:26:13.537+0100 [DEBUG] provider.terraform-provider-aws_v5.100.0_x5.exe: HTTP Response Received: aws.region=eu-west-1 http.response.header.x_amzn_requestid=276fa8d5-92e9-5de3-b001-cbe608ac96b6 tf_aws.signing_region="" tf_provider_addr=registry.terraform.io/hashicorp/aws tf_req_id=4f28b70f-bfcd-bcf1-c804-e481d16f0682 http.duration=137
  http.response.body=
  | <GetSubscriptionAttributesResponse xmlns="http://sns.amazonaws.com/doc/2010-03-31/">
  |   <GetSubscriptionAttributesResult>
  |     <Attributes>
  |       <entry>
  |         <key>SubscriptionPrincipal</key>
  |         <value>arn:aws:iam::234334047980:role/github-bootstrap-role</value>
  |       </entry>
  |       <entry>
  |         <key>Owner</key>
  |         <value>234334047980</value>
  |       </entry>
  |       <entry>
  |         <key>RawMessageDelivery</key>
  |         <value>false</value>
  |       </entry>
  |       <entry>
  |         <key>TopicArn</key>
  |         <value>arn:aws:sns:eu-west-1:234334047980:sportfolio-alerts</value>
  |       </entry>
  |       <entry>
  |         <key>Endpoint</key>
  |         <value>mevaed4@gmail.com</value>
  |       </entry>
  |       <entry>
  |         <key>Protocol</key>
  |         <value>email</value>
  |       </entry>
  |       <entry>
  |         <key>PendingConfirmation</key>
  |         <value>true</value>
  |       </entry>
  |       <entry>
  |         <key>ConfirmationWasAuthenticated</key>
  |         <value>false</value>
  |       </entry>
  |       <entry>
  |         <key>SubscriptionArn</key>
  |         <value>arn:aws:sns:eu-west-1:234334047980:sportfolio-alerts:a3bb8130-6917-4096-a768-9a9f93798236</value>
  |       </entry>
  |     </Attributes>
  |   </GetSubscriptionAttributesResult>
  |   <ResponseMetadata>
  |     <RequestId>276fa8d5-92e9-5de3-b001-cbe608ac96b6</RequestId>
  |   </ResponseMetadata>
  | </GetSubscriptionAttributesResponse>
   http.response.header.date="Sun, 27 Sep 2026 22:26:13 GMT" rpc.system=aws-api tf_resource_type=aws_sns_topic_subscription http.response.header.connection=keep-alive http.response.header.content_type=text/xml rpc.service=SNS tf_mux_provider="*schema.GRPCProviderServer" tf_rpc=ReadResource http.response_content_length=1365 rpc.method=GetSubscriptionAttributes tf_aws.sdk=aws-sdk-go-v2 http.status_code=200 @caller=github.com/hashicorp/aws-sdk-go-base/v2@v2.0.0-beta.65/logging/tf_logger.go:45 @module=aws timestamp="2026-09-27T23:26:13.537+0100"
2026-09-27T23:26:13.677+0100 [DEBUG] provider.terraform-provider-aws_v5.100.0_x5.exe: HTTP Response Received: @caller=github.com/hashicorp/aws-sdk-go-base/v2@v2.0.0-beta.65/logging/tf_logger.go:45
  http.response.body=
  | <?xml version="1.0" encoding="UTF-8"?>
  | <VersioningConfiguration xmlns="http://s3.amazonaws.com/doc/2006-03-01/"><Status>Enabled</Status></VersioningConfiguration>
   http.response.header.x_amz_id_2="nfJoJk3qG9pCTc8Cci4mX26o1PaGQk9w33ZI8Ogb/lHANSC+bG5h4E4wxwrbvfqbfRNwDxbTRXYKdtqxhuIxr7R/oNuqnP0L" rpc.method=GetBucketVersioning tf_rpc=ReadResource aws.region=eu-west-1 http.duration=272 http.response.header.server=AmazonS3 http.status_code=200 rpc.service=S3 @module=aws http.response.header.date="Sun, 27 Sep 2026 22:26:14 GMT" http.response.header.x_amz_request_id=XFHRJ2EXH34SM9A2 rpc.system=aws-api tf_aws.signing_region="" tf_resource_type=aws_s3_bucket tf_aws.sdk=aws-sdk-go-v2 tf_mux_provider="*schema.GRPCProviderServer" tf_provider_addr=registry.terraform.io/hashicorp/aws tf_req_id=e147c953-aef9-a830-b14b-045aa1585b27 timestamp="2026-09-27T23:26:13.677+0100"
2026-09-27T23:26:13.677+0100 [DEBUG] provider.terraform-provider-aws_v5.100.0_x5.exe: [DEBUG] Waiting for state to become: [success]
2026-09-27T23:26:13.688+0100 [DEBUG] provider.terraform-provider-aws_v5.100.0_x5.exe: HTTP Response Received: tf_mux_provider="*schema.GRPCProviderServer" tf_rpc=ReadResource @caller=github.com/hashicorp/aws-sdk-go-base/v2@v2.0.0-beta.65/logging/tf_logger.go:45
  http.response.body=
  | <ListAttachedRolePoliciesResponse xmlns="https://iam.amazonaws.com/doc/2010-05-08/">
  |   <ListAttachedRolePoliciesResult>
  |     <IsTruncated>false</IsTruncated>
  |     <AttachedPolicies>
  |       <member>
  |         <PolicyArn>arn:aws:iam::aws:policy/service-role/AWSLambdaVPCAccessExecutionRole</PolicyArn>
  |         <PolicyName>AWSLambdaVPCAccessExecutionRole</PolicyName>
  |       </member>
  |     </AttachedPolicies>
  |   </ListAttachedRolePoliciesResult>
  |   <ResponseMetadata>
  |     <RequestId>9f9eb485-fc66-4069-b17b-297e4d44781a</RequestId>
  |   </ResponseMetadata>
  | </ListAttachedRolePoliciesResponse>
   @module=aws aws.region=eu-west-1 http.duration=348 http.response.header.content_type=text/xml http.response.header.date="Sun, 27 Sep 2026 22:26:13 GMT" http.status_code=200 tf_req_id=898b263a-524e-9a74-c62d-5c11dfad329a http.response_content_length=579 rpc.system=aws-api tf_provider_addr=registry.terraform.io/hashicorp/aws tf_resource_type=aws_iam_role_policy_attachment rpc.method=ListAttachedRolePolicies http.response.header.x_amzn_requestid=9f9eb485-fc66-4069-b17b-297e4d44781a rpc.service=IAM tf_aws.sdk=aws-sdk-go-v2 tf_aws.signing_region="" timestamp="2026-09-27T23:26:13.687+0100"
2026-09-27T23:26:13.688+0100 [DEBUG] provider.terraform-provider-aws_v5.100.0_x5.exe: HTTP Response Received: messaging.system=AmazonSQS rpc.system=aws-api tf_aws.signing_region="" tf_mux_provider="*schema.GRPCProviderServer" http.response.header.date="Sun, 27 Sep 2026 22:26:13 GMT" rpc.service=SQS tf_aws.sdk=aws-sdk-go-v2 tf_rpc=ReadResource http.duration=282 http.response.header.x_amzn_requestid=3a51331f-57e1-56a8-87e3-502ccda4a984 http.status_code=200 net.peer.name=https://sqs.eu-west-1.amazonaws.com/234334047980/health-platform-fatsecret rpc.method=ListQueueTags @module=aws aws.region=eu-west-1 http.response_content_length=84 tf_provider_addr=registry.terraform.io/hashicorp/aws tf_req_id=e78625c8-708b-dfe9-f561-ac1b125d8138 tf_resource_type=aws_sqs_queue @caller=github.com/hashicorp/aws-sdk-go-base/v2@v2.0.0-beta.65/logging/tf_logger.go:45
  http.response.body=
  | {"Tags":{"Project":"sportfolio","Environment":"production","ManagedBy":"terraform"}}
   http.response.header.connection=keep-alive http.response.header.content_type=application/x-amz-json-1.0 timestamp="2026-09-27T23:26:13.688+0100"
2026-09-27T23:26:13.689+0100 [DEBUG] provider.terraform-provider-aws_v5.100.0_x5.exe: HTTP Request Sent:
  http.request.body=
  | Action=DescribeVpcs&Version=2016-11-15&VpcId.1=vpc-0705f0a7ccf33b1ad
   http.request.header.amz_sdk_invocation_id=413a9585-11d4-45ae-8481-e44ced51d3c8 http.url=https://ec2.eu-west-1.amazonaws.com/ http.user_agent="APN/1.0 HashiCorp/1.0 Terraform/1.15.3 (+https://www.terraform.io) terraform-provider-aws/5.100.0 (+https://registry.terraform.io/providers/hashicorp/aws) aws-sdk-go-v2/1.36.3 ua/2.1 os/windows lang/go#1.23.10 md/GOOS#windows md/GOARCH#amd64 api/ec2#1.224.1 m/C,n" rpc.method=DescribeVpcs rpc.service=EC2 rpc.system=aws-api tf_mux_provider="*schema.GRPCProviderServer" aws.region=eu-west-1 tf_aws.sdk=aws-sdk-go-v2 tf_aws.signing_region="" tf_provider_addr=registry.terraform.io/hashicorp/aws tf_resource_type=aws_vpc http.request.header.authorization="AWS4-HMAC-SHA256 Credential=AKIA************SZUM/20260927/eu-west-1/ec2/aws4_request, SignedHeaders=amz-sdk-invocation-id;amz-sdk-request;content-length;content-type;host;x-amz-date, Signature=*****" http.request.header.x_amz_date=20260927T222613Z net.peer.name=ec2.eu-west-1.amazonaws.com tf_req_id=7a8b7b23-d360-e016-5aac-89c5b3d994dd tf_rpc=ReadResource http.request.header.amz_sdk_request="attempt=1; max=25" http.request.header.content_type=application/x-www-form-urlencoded http.request_content_length=68 @caller=github.com/hashicorp/aws-sdk-go-base/v2@v2.0.0-beta.65/logging/tf_logger.go:45 @module=aws http.method=POST timestamp="2026-09-27T23:26:13.689+0100"
2026-09-27T23:26:13.691+0100 [DEBUG] provider.terraform-provider-aws_v5.100.0_x5.exe: HTTP Response Received: rpc.system=aws-api tf_rpc=ReadResource @module=aws rpc.method=ListAttachedRolePolicies tf_aws.signing_region="" tf_req_id=84cbb6a4-a4ce-3929-3ce6-fb0767b2704b aws.region=eu-west-1
  http.response.body=
  | <ListAttachedRolePoliciesResponse xmlns="https://iam.amazonaws.com/doc/2010-05-08/">
  |   <ListAttachedRolePoliciesResult>
  |     <IsTruncated>false</IsTruncated>
  |     <AttachedPolicies>
  |       <member>
  |         <PolicyArn>arn:aws:iam::234334047980:policy/sportfolio-worker-policies</PolicyArn>
  |         <PolicyName>sportfolio-worker-policies</PolicyName>
  |       </member>
  |     </AttachedPolicies>
  |   </ListAttachedRolePoliciesResult>
  |   <ResponseMetadata>
  |     <RequestId>aabdc531-b0cb-40f9-b2bd-0ab92c6ddbcf</RequestId>
  |   </ResponseMetadata>
  | </ListAttachedRolePoliciesResponse>
   http.response_content_length=565 http.status_code=200 tf_mux_provider="*schema.GRPCProviderServer" tf_resource_type=aws_iam_role http.duration=285 http.response.header.date="Sun, 27 Sep 2026 22:26:13 GMT" http.response.header.x_amzn_requestid=aabdc531-b0cb-40f9-b2bd-0ab92c6ddbcf tf_aws.sdk=aws-sdk-go-v2 tf_provider_addr=registry.terraform.io/hashicorp/aws @caller=github.com/hashicorp/aws-sdk-go-base/v2@v2.0.0-beta.65/logging/tf_logger.go:45 http.response.header.content_type=text/xml rpc.service=IAM timestamp="2026-09-27T23:26:13.691+0100"
2026-09-27T23:26:13.695+0100 [WARN]  Provider "registry.terraform.io/hashicorp/aws" produced an invalid plan for module.secrets.aws_secretsmanager_secret_version.db_password, but we are tolerating it because it is using the legacy plugin SDK.
    The following problems may be the cause of any confusing errors from downstream operations:
      - .secret_binary: sensitive planned value for a non-computed attribute
2026-09-27T23:26:13.697+0100 [DEBUG] ReferenceTransformer: "module.budgets.aws_budgets_budget.project_budget" references: []
2026-09-27T23:26:13.699+0100 [WARN]  Provider "registry.terraform.io/hashicorp/aws" produced an invalid plan for module.sqs.aws_sqs_queue.fatsecret, but we are tolerating it because it is using the legacy plugin SDK.
    The following problems may be the cause of any confusing errors from downstream operations:
      - .visibility_timeout_seconds: planned value cty.NumberIntVal(30) for a non-computed attribute
      - .content_based_deduplication: planned value cty.False for a non-computed attribute
      - .max_message_size: planned value cty.NumberIntVal(262144) for a non-computed attribute
      - .message_retention_seconds: planned value cty.NumberIntVal(345600) for a non-computed attribute
      - .receive_wait_time_seconds: planned value cty.NumberIntVal(0) for a non-computed attribute
      - .fifo_queue: planned value cty.False for a non-computed attribute
      - .delay_seconds: planned value cty.NumberIntVal(0) for a non-computed attribute
      - .kms_master_key_id: planned value cty.StringVal("") for a non-computed attribute
2026-09-27T23:26:13.699+0100 [WARN]  Provider "registry.terraform.io/hashicorp/aws" produced an invalid plan for module.sns.aws_sns_topic_subscription.email, but we are tolerating it because it is using the legacy plugin SDK.
    The following problems may be the cause of any confusing errors from downstream operations:
      - .confirmation_timeout_in_minutes: planned value cty.NumberIntVal(1) for a non-computed attribute
      - .raw_message_delivery: planned value cty.False for a non-computed attribute
      - .endpoint_auto_confirms: planned value cty.False for a non-computed attribute
      - .filter_policy: planned value cty.StringVal("") for a non-computed attribute
      - .delivery_policy: planned value cty.StringVal("") for a non-computed attribute
      - .replay_policy: planned value cty.StringVal("") for a non-computed attribute
      - .redrive_policy: planned value cty.StringVal("") for a non-computed attribute
      - .subscription_role_arn: planned value cty.StringVal("") for a non-computed attribute
2026-09-27T23:26:13.702+0100 [DEBUG] ReferenceTransformer: "module.iam.aws_iam_policy.worker_policies" references: []
2026-09-27T23:26:13.702+0100 [DEBUG] ReferenceTransformer: "module.iam.aws_iam_role_policy.dispatcher" references: []
2026-09-27T23:26:13.703+0100 [WARN]  Provider "registry.terraform.io/hashicorp/aws" produced an invalid plan for module.iam.aws_iam_role.ecs_task_role, but we are tolerating it because it is using the legacy plugin SDK.
    The following problems may be the cause of any confusing errors from downstream operations:
      - .max_session_duration: planned value cty.NumberIntVal(3600) for a non-computed attribute
      - .path: planned value cty.StringVal("/") for a non-computed attribute
      - .force_detach_policies: planned value cty.False for a non-computed attribute
      - .description: planned value cty.StringVal("") for a non-computed attribute
      - .permissions_boundary: planned value cty.StringVal("") for a non-computed attribute
2026-09-27T23:26:13.703+0100 [DEBUG] provider.terraform-provider-aws_v5.100.0_x5.exe: [DEBUG] Waiting for state to become: [success]
2026-09-27T23:26:13.736+0100 [DEBUG] provider.terraform-provider-aws_v5.100.0_x5.exe: HTTP Request Sent: http.request.header.amz_sdk_invocation_id=ef776f67-01ce-4fd9-91a7-991435e00b47 http.user_agent="APN/1.0 HashiCorp/1.0 Terraform/1.15.3 (+https://www.terraform.io) terraform-provider-aws/5.100.0 (+https://registry.terraform.io/providers/hashicorp/aws) aws-sdk-go-v2/1.36.3 ua/2.1 os/windows lang/go#1.23.10 md/GOOS#windows md/GOARCH#amd64 api/ecs#1.57.3 m/n" rpc.service=ECS tf_aws.sdk=aws-sdk-go-v2 tf_aws.signing_region="" @module=aws
  http.request.body=
  | {"clusters":["arn:aws:ecs:eu-west-1:234334047980:cluster/sportfolio-cluster"],"include":["TAGS","CONFIGURATIONS","SETTINGS"]}
   http.request.header.authorization="AWS4-HMAC-SHA256 Credential=AKIA************SZUM/20260927/eu-west-1/ecs/aws4_request, SignedHeaders=amz-sdk-invocation-id;amz-sdk-request;content-length;content-type;host;x-amz-date;x-amz-target, Signature=*****" http.request.header.x_amz_date=20260927T222613Z http.url=https://ecs.eu-west-1.amazonaws.com/ rpc.system=aws-api tf_provider_addr=registry.terraform.io/hashicorp/aws tf_resource_type=aws_ecs_cluster http.request.header.x_amz_target=AmazonEC2ContainerServiceV20141113.DescribeClusters rpc.method=DescribeClusters tf_mux_provider="*schema.GRPCProviderServer" tf_req_id=c5acfeed-a5f3-d06e-0a2c-08c9af533884 tf_rpc=ReadResource @caller=github.com/hashicorp/aws-sdk-go-base/v2@v2.0.0-beta.65/logging/tf_logger.go:45 aws.region=eu-west-1 http.method=POST http.request.header.amz_sdk_request="attempt=1; max=25" http.request.header.content_type=application/x-amz-json-1.1 http.request_content_length=125 net.peer.name=ecs.eu-west-1.amazonaws.com timestamp="2026-09-27T23:26:13.736+0100"
2026-09-27T23:26:13.745+0100 [DEBUG] provider.terraform-provider-aws_v5.100.0_x5.exe: HTTP Request Sent: http.method=GET http.request.body="" http.request.header.amz_sdk_request="attempt=1; max=25" http.request.header.authorization="AWS4-HMAC-SHA256 Credential=AKIA************SZUM/20260927/eu-west-1/s3/aws4_request, SignedHeaders=accept-encoding;amz-sdk-invocation-id;amz-sdk-request;host;x-amz-content-sha256;x-amz-date, Signature=*****" rpc.service=S3 tf_resource_type=aws_s3_bucket tf_rpc=ReadResource http.request.header.amz_sdk_invocation_id=b53aad2c-a51a-452b-ac11-2fd9aa9320d6 http.request.header.x_amz_content_sha256=e3b0c44298fc1c149afbf4c8996fb92427ae41e4649b934ca495991b7852b855 net.peer.name=edgar-fitness-progess-photos.s3.eu-west-1.amazonaws.com rpc.method=GetBucketAccelerateConfiguration rpc.system=aws-api tf_aws.signing_region="" tf_mux_provider="*schema.GRPCProviderServer" aws.region=eu-west-1 http.request.header.accept_encoding=identity tf_aws.sdk=aws-sdk-go-v2 tf_provider_addr=registry.terraform.io/hashicorp/aws tf_req_id=e147c953-aef9-a830-b14b-045aa1585b27 @caller=github.com/hashicorp/aws-sdk-go-base/v2@v2.0.0-beta.65/logging/tf_logger.go:45 @module=aws http.request.header.x_amz_date=20260927T222613Z http.url=https://edgar-fitness-progess-photos.s3.eu-west-1.amazonaws.com/?accelerate= http.user_agent="APN/1.0 HashiCorp/1.0 Terraform/1.15.3 (+https://www.terraform.io) terraform-provider-aws/5.100.0 (+https://registry.terraform.io/providers/hashicorp/aws) aws-sdk-go-v2/1.36.3 ua/2.1 os/windows lang/go#1.23.10 md/GOOS#windows md/GOARCH#amd64 api/s3#1.80.1 m/n" timestamp="2026-09-27T23:26:13.745+0100"
2026-09-27T23:26:13.748+0100 [DEBUG] provider.terraform-provider-aws_v5.100.0_x5.exe: [DEBUG] Waiting for state to become: [success]
2026-09-27T23:26:13.748+0100 [DEBUG] provider.terraform-provider-aws_v5.100.0_x5.exe: HTTP Request Sent: http.request_content_length=89 @module=aws http.user_agent="APN/1.0 HashiCorp/1.0 Terraform/1.15.3 (+https://www.terraform.io) terraform-provider-aws/5.100.0 (+https://registry.terraform.io/providers/hashicorp/aws) aws-sdk-go-v2/1.36.3 ua/2.1 os/windows lang/go#1.23.10 md/GOOS#windows md/GOARCH#amd64 api/iam#1.42.0 m/C,n" net.peer.name=iam.amazonaws.com tf_provider_addr=registry.terraform.io/hashicorp/aws tf_req_id=4c0bc7e4-8d6f-4331-413a-275a0304dc48
  http.request.body=
  | Action=ListAttachedRolePolicies&RoleName=sportfolio-ecs-execution-role&Version=2010-05-08
   http.request.header.x_amz_date=20260927T222613Z http.url=https://iam.amazonaws.com/ rpc.system=aws-api tf_mux_provider="*schema.GRPCProviderServer" tf_resource_type=aws_iam_role_policy_attachment tf_rpc=ReadResource http.request.header.content_type=application/x-www-form-urlencoded @caller=github.com/hashicorp/aws-sdk-go-base/v2@v2.0.0-beta.65/logging/tf_logger.go:45 aws.region=eu-west-1 http.request.header.amz_sdk_invocation_id=216c05df-2824-4f98-a243-973049071484 http.request.header.amz_sdk_request="attempt=1; max=25" rpc.method=ListAttachedRolePolicies rpc.service=IAM http.method=POST http.request.header.authorization="AWS4-HMAC-SHA256 Credential=AKIA************SZUM/20260927/us-east-1/iam/aws4_request, SignedHeaders=amz-sdk-invocation-id;amz-sdk-request;content-length;content-type;host;x-amz-date, Signature=*****" tf_aws.sdk=aws-sdk-go-v2 tf_aws.signing_region="" timestamp="2026-09-27T23:26:13.748+0100"
2026-09-27T23:26:13.773+0100 [DEBUG] provider.terraform-provider-aws_v5.100.0_x5.exe: HTTP Request Sent: rpc.system=aws-api tf_mux_provider="*schema.GRPCProviderServer" tf_req_id=63077827-2e25-8fe1-b43a-1d2f6bec5991
  http.request.body=
  | {}
   http.request.header.authorization="AWS4-HMAC-SHA256 Credential=AKIA************SZUM/20260927/eu-west-1/kms/aws4_request, SignedHeaders=amz-sdk-invocation-id;amz-sdk-request;content-length;content-type;host;x-amz-date;x-amz-target, Signature=*****" net.peer.name=kms.eu-west-1.amazonaws.com tf_aws.signing_region="" tf_provider_addr=registry.terraform.io/hashicorp/aws tf_rpc=ReadResource @caller=github.com/hashicorp/aws-sdk-go-base/v2@v2.0.0-beta.65/logging/tf_logger.go:45 @module=aws http.method=POST rpc.service=KMS tf_aws.sdk=aws-sdk-go-v2 aws.region=eu-west-1 http.request.header.content_type=application/x-amz-json-1.1 http.request.header.x_amz_target=TrentService.ListAliases http.request_content_length=2 http.user_agent="APN/1.0 HashiCorp/1.0 Terraform/1.15.3 (+https://www.terraform.io) terraform-provider-aws/5.100.0 (+https://registry.terraform.io/providers/hashicorp/aws) aws-sdk-go-v2/1.36.3 ua/2.1 os/windows lang/go#1.23.10 md/GOOS#windows md/GOARCH#amd64 api/kms#1.40.0 m/C,n" tf_resource_type=aws_kms_alias http.request.header.x_amz_date=20260927T222613Z http.request.header.amz_sdk_invocation_id=8d61556e-766b-42a7-bc19-a9033f0b8b4e http.request.header.amz_sdk_request="attempt=1; max=25" http.url=https://kms.eu-west-1.amazonaws.com/ rpc.method=ListAliases timestamp="2026-09-27T23:26:13.773+0100"
2026-09-27T23:26:13.800+0100 [DEBUG] provider.terraform-provider-aws_v5.100.0_x5.exe: [DEBUG] Waiting for state to become: [success]
2026-09-27T23:26:13.805+0100 [DEBUG] provider.terraform-provider-aws_v5.100.0_x5.exe: HTTP Response Received: http.duration=59 http.response.header.server=AmazonS3 tf_mux_provider="*schema.GRPCProviderServer" tf_req_id=e147c953-aef9-a830-b14b-045aa1585b27 tf_rpc=ReadResource http.response.header.date="Sun, 27 Sep 2026 22:26:14 GMT" http.response.header.x_amz_request_id=XFHW48AJCYQ4CQ1Q rpc.service=S3 tf_aws.sdk=aws-sdk-go-v2 rpc.method=GetBucketAccelerateConfiguration aws.region=eu-west-1
  http.response.body=
  | <?xml version="1.0" encoding="UTF-8"?>
  | <AccelerateConfiguration xmlns="http://s3.amazonaws.com/doc/2006-03-01/"/>
   tf_resource_type=aws_s3_bucket @caller=github.com/hashicorp/aws-sdk-go-base/v2@v2.0.0-beta.65/logging/tf_logger.go:45 http.response.header.x_amz_id_2="TXyON1/BzM1FEvG8WvQXZXwi8WSJvQdxfTpHc+qikksn0ITqW+PD6lTV5pupeQxfTW59RZiU4oDRiL7H16HWStbs93CXzXYM" http.status_code=200 rpc.system=aws-api tf_aws.signing_region="" tf_provider_addr=registry.terraform.io/hashicorp/aws @module=aws timestamp="2026-09-27T23:26:13.805+0100"
2026-09-27T23:26:13.805+0100 [DEBUG] provider.terraform-provider-aws_v5.100.0_x5.exe: [DEBUG] Waiting for state to become: [success]
2026-09-27T23:26:13.806+0100 [DEBUG] provider.terraform-provider-aws_v5.100.0_x5.exe: HTTP Request Sent: http.request.header.x_amz_content_sha256=e3b0c44298fc1c149afbf4c8996fb92427ae41e4649b934ca495991b7852b855 http.request.header.x_amz_date=20260927T222613Z http.url=https://edgar-fitness-progess-photos.s3.eu-west-1.amazonaws.com/?requestPayment= http.user_agent="APN/1.0 HashiCorp/1.0 Terraform/1.15.3 (+https://www.terraform.io) terraform-provider-aws/5.100.0 (+https://registry.terraform.io/providers/hashicorp/aws) aws-sdk-go-v2/1.36.3 ua/2.1 os/windows lang/go#1.23.10 md/GOOS#windows md/GOARCH#amd64 api/s3#1.80.1 m/n" net.peer.name=edgar-fitness-progess-photos.s3.eu-west-1.amazonaws.com tf_aws.signing_region="" aws.region=eu-west-1 http.method=GET tf_aws.sdk=aws-sdk-go-v2 tf_provider_addr=registry.terraform.io/hashicorp/aws tf_resource_type=aws_s3_bucket tf_rpc=ReadResource http.request.header.accept_encoding=identity http.request.header.amz_sdk_invocation_id=9428ff8f-5e78-410b-ac58-0b36da3c6645 http.request.header.amz_sdk_request="attempt=1; max=25" rpc.method=GetBucketRequestPayment rpc.system=aws-api tf_mux_provider="*schema.GRPCProviderServer" tf_req_id=e147c953-aef9-a830-b14b-045aa1585b27 @module=aws http.request.body="" rpc.service=S3 @caller=github.com/hashicorp/aws-sdk-go-base/v2@v2.0.0-beta.65/logging/tf_logger.go:45 http.request.header.authorization="AWS4-HMAC-SHA256 Credential=AKIA************SZUM/20260927/eu-west-1/s3/aws4_request, SignedHeaders=accept-encoding;amz-sdk-invocation-id;amz-sdk-request;host;x-amz-content-sha256;x-amz-date, Signature=*****" timestamp="2026-09-27T23:26:13.806+0100"
2026-09-27T23:26:13.811+0100 [DEBUG] provider.terraform-provider-aws_v5.100.0_x5.exe: HTTP Request Sent: tf_resource_type=aws_eip tf_rpc=ReadResource @caller=github.com/hashicorp/aws-sdk-go-base/v2@v2.0.0-beta.65/logging/tf_logger.go:45 http.request.header.amz_sdk_invocation_id=0aee9d2d-28d3-4508-99a4-617d27a28287 http.request.header.amz_sdk_request="attempt=1; max=25" net.peer.name=ec2.eu-west-1.amazonaws.com tf_aws.sdk=aws-sdk-go-v2 tf_provider_addr=registry.terraform.io/hashicorp/aws tf_req_id=1af56138-d11f-8daf-5e9c-917ddfff44c3 @module=aws aws.region=eu-west-1 http.method=POST
  http.request.body=
  | Action=DescribeAddressesAttribute&AllocationId.1=eipalloc-03155fd73f7ca9787&Attribute=domain-name&Version=2016-11-15
   http.request.header.content_type=application/x-www-form-urlencoded http.request_content_length=116 tf_aws.signing_region="" http.request.header.authorization="AWS4-HMAC-SHA256 Credential=AKIA************SZUM/20260927/eu-west-1/ec2/aws4_request, SignedHeaders=amz-sdk-invocation-id;amz-sdk-request;content-length;content-type;host;x-amz-date, Signature=*****" http.request.header.x_amz_date=20260927T222613Z rpc.system=aws-api tf_mux_provider="*schema.GRPCProviderServer" http.url=https://ec2.eu-west-1.amazonaws.com/ http.user_agent="APN/1.0 HashiCorp/1.0 Terraform/1.15.3 (+https://www.terraform.io) terraform-provider-aws/5.100.0 (+https://registry.terraform.io/providers/hashicorp/aws) aws-sdk-go-v2/1.36.3 ua/2.1 os/windows lang/go#1.23.10 md/GOOS#windows md/GOARCH#amd64 api/ec2#1.224.1 m/C,n" rpc.method=DescribeAddressesAttribute rpc.service=EC2 timestamp="2026-09-27T23:26:13.810+0100"
2026-09-27T23:26:13.813+0100 [DEBUG] provider.terraform-provider-aws_v5.100.0_x5.exe: HTTP Response Received: tf_req_id=7a8b7b23-d360-e016-5aac-89c5b3d994dd http.response.header.x_amzn_requestid=ad0f6e07-9a09-47ea-92d7-0713babf919a @caller=github.com/hashicorp/aws-sdk-go-base/v2@v2.0.0-beta.65/logging/tf_logger.go:45 http.response.header.content_type=text/xml;charset=UTF-8 http.response.header.date="Sun, 27 Sep 2026 22:26:13 GMT" http.response.header.strict_transport_security="max-age=31536000; includeSubDomains" http.response.header.cache_control="no-cache, no-store" http.response_content_length=1710 http.status_code=200 rpc.system=aws-api tf_aws.signing_region="" tf_provider_addr=registry.terraform.io/hashicorp/aws tf_resource_type=aws_vpc http.duration=122 rpc.method=DescribeVpcs rpc.service=EC2 tf_rpc=ReadResource @module=aws aws.region=eu-west-1
  http.response.body=
  | <?xml version="1.0" encoding="UTF-8"?>
  | <DescribeVpcsResponse xmlns="http://ec2.amazonaws.com/doc/2016-11-15/">
  |     <requestId>ad0f6e07-9a09-47ea-92d7-0713babf919a</requestId>
  |     <vpcSet>
  |         <item>
  |             <vpcId>vpc-0705f0a7ccf33b1ad</vpcId>
  |             <ownerId>234334047980</ownerId>
  |             <state>available</state>
  |             <cidrBlock>10.0.0.0/16</cidrBlock>
  |             <cidrBlockAssociationSet>
  |                 <item>
  |                     <cidrBlock>10.0.0.0/16</cidrBlock>
  |                     <associationId>vpc-cidr-assoc-07ba2512bfa831fa2</associationId>
  |                     <cidrBlockState>
  |                         <state>associated</state>
  |                     </cidrBlockState>
  |                 </item>
  |             </cidrBlockAssociationSet>
  |             <dhcpOptionsId>dopt-01d3482d47ac6b150</dhcpOptionsId>
  |             <tagSet>
  |                 <item>
  |                     <key>ManagedBy</key>
  |                     <value>terraform</value>
  |                 </item>
  |                 <item>
  |                     <key>Name</key>
  |                     <value>sportfolio-vpc</value>
  |                 </item>
  |                 <item>
  |                     <key>Project</key>
  |                     <value>sportfolio</value>
  |                 </item>
  |                 <item>
  |                     <key>Environment</key>
  |                     <value>production</value>
  |                 </item>
  |             </tagSet>
  |             <instanceTenancy>default</instanceTenancy>
  |             <isDefault>false</isDefault>
  |             <blockPublicAccessStates>
  |                 <internetGatewayBlockMode>off</internetGatewayBlockMode>
  |             </blockPublicAccessStates>
  |         </item>
  |     </vpcSet>
  | </DescribeVpcsResponse>
   http.response.header.server=AmazonEC2 tf_aws.sdk=aws-sdk-go-v2 tf_mux_provider="*schema.GRPCProviderServer" timestamp="2026-09-27T23:26:13.812+0100"
2026-09-27T23:26:13.821+0100 [DEBUG] provider.terraform-provider-aws_v5.100.0_x5.exe: HTTP Request Sent:
  http.request.body=
  | Action=GetRolePolicy&PolicyName=sportfolio-dispatcher&RoleName=sportfolio-dispatcher&Version=2010-05-08
   http.request.header.content_type=application/x-www-form-urlencoded http.request_content_length=103 http.user_agent="APN/1.0 HashiCorp/1.0 Terraform/1.15.3 (+https://www.terraform.io) terraform-provider-aws/5.100.0 (+https://registry.terraform.io/providers/hashicorp/aws) aws-sdk-go-v2/1.36.3 ua/2.1 os/windows lang/go#1.23.10 md/GOOS#windows md/GOARCH#amd64 api/iam#1.42.0 m/n" rpc.service=IAM @module=aws http.request.header.x_amz_date=20260927T222613Z http.url=https://iam.amazonaws.com/ rpc.system=aws-api tf_aws.sdk=aws-sdk-go-v2 tf_provider_addr=registry.terraform.io/hashicorp/aws http.method=POST http.request.header.amz_sdk_invocation_id=3faa9f2c-bd12-4923-bd63-88b344ec8a50 tf_resource_type=aws_iam_role_policy tf_rpc=ReadResource @caller=github.com/hashicorp/aws-sdk-go-base/v2@v2.0.0-beta.65/logging/tf_logger.go:45 http.request.header.amz_sdk_request="attempt=1; max=25" http.request.header.authorization="AWS4-HMAC-SHA256 Credential=AKIA************SZUM/20260927/us-east-1/iam/aws4_request, SignedHeaders=amz-sdk-invocation-id;amz-sdk-request;content-length;content-type;host;x-amz-date, Signature=*****" net.peer.name=iam.amazonaws.com rpc.method=GetRolePolicy tf_aws.signing_region="" tf_mux_provider="*schema.GRPCProviderServer" tf_req_id=c937996e-1459-a84a-e476-a193d80dfaad aws.region=eu-west-1 timestamp="2026-09-27T23:26:13.821+0100"
2026-09-27T23:26:13.830+0100 [DEBUG] provider.terraform-provider-aws_v5.100.0_x5.exe: HTTP Response Received: http.response_content_length=1829 http.status_code=200 rpc.system=aws-api tf_mux_provider="*schema.GRPCProviderServer" @module=aws http.response.header.content_type=application/x-amz-json-1.1 http.response.header.date="Sun, 27 Sep 2026 22:26:13 GMT" http.response.header.expires=0 rpc.service=KMS tf_aws.signing_region="" tf_provider_addr=registry.terraform.io/hashicorp/aws tf_req_id=63077827-2e25-8fe1-b43a-1d2f6bec5991 @caller=github.com/hashicorp/aws-sdk-go-base/v2@v2.0.0-beta.65/logging/tf_logger.go:45 http.response.header.pragma=no-cache http.response.header.x_amzn_requestid=e7201a55-59d5-49f3-8dcb-0cffc799e5f7 tf_aws.sdk=aws-sdk-go-v2 aws.region=eu-west-1
  http.response.body=
  | {"AliasCount":14,"Aliases":[{"AliasArn":"arn:aws:kms:eu-west-1:234334047980:alias/aws/dynamodb","AliasName":"alias/aws/dynamodb"},{"AliasArn":"arn:aws:kms:eu-west-1:234334047980:alias/aws/ebs","AliasName":"alias/aws/ebs"},{"AliasArn":"arn:aws:kms:eu-west-1:234334047980:alias/aws/elasticfilesystem","AliasName":"alias/aws/elasticfilesystem"},{"AliasArn":"arn:aws:kms:eu-west-1:234334047980:alias/aws/es","AliasName":"alias/aws/es"},{"AliasArn":"arn:aws:kms:eu-west-1:234334047980:alias/aws/glue","AliasName":"alias/aws/glue"},{"AliasArn":"arn:aws:kms:eu-west-1:234334047980:alias/aws/kinesisvideo","AliasName":"alias/aws/kinesisvideo"},{"AliasArn":"arn:aws:kms:eu-west-1:234334047980:alias/aws/lambda","AliasName":"alias/aws/lambda","CreationDate":1.789578108728E9,"LastUpdatedDate":1.789578108728E9,"TargetKeyId":"7318e233-7d7f-438c-b83d-0637908c1047"},{"AliasArn":"arn:aws:kms:eu-west-1:234334047980:alias/aws/rds","AliasName":"alias/aws/rds"},{"AliasArn":"arn:aws:kms:eu-west-1:234334047980:alias/aws/redshift","AliasName":"alias/aws/redshift"},{"AliasArn":"arn:aws:kms:eu-west-1:234334047980:alias/aws/s3","AliasName":"alias/aws/s3"},{"AliasArn":"arn:aws:kms:eu-west-1:234334047980:alias/aws/secretsmanager","AliasName":"alias/aws/secretsmanager","CreationDate":1.781426222934E9,"LastUpdatedDate":1.781426222934E9,"TargetKeyId":"8c39edf0-769b-49b5-9ef0-cd2069fae865"},{"AliasArn":"arn:aws:kms:eu-west-1:234334047980:alias/aws/ssm","AliasName":"alias/aws/ssm"},{"AliasArn":"arn:aws:kms:eu-west-1:234334047980:alias/aws/xray","AliasName":"alias/aws/xray"},{"AliasArn":"arn:aws:kms:eu-west-1:234334047980:alias/health-platform-credentials","AliasName":"alias/health-platform-credentials","CreationDate":1.788426156497E9,"LastUpdatedDate":1.788426156497E9,"TargetKeyId":"da336f01-4686-48a0-8e66-11e56892e7c9"}],"Truncated":false}
   http.response.header.connection=keep-alive rpc.method=ListAliases tf_resource_type=aws_kms_alias tf_rpc=ReadResource http.duration=55 http.response.header.cache_control="no-cache, no-store, must-revalidate, private" timestamp="2026-09-27T23:26:13.830+0100"
2026-09-27T23:26:13.866+0100 [DEBUG] provider.terraform-provider-aws_v5.100.0_x5.exe: HTTP Response Received: http.response.header.server=AmazonS3 tf_mux_provider="*schema.GRPCProviderServer" tf_provider_addr=registry.terraform.io/hashicorp/aws tf_req_id=e147c953-aef9-a830-b14b-045aa1585b27 @caller=github.com/hashicorp/aws-sdk-go-base/v2@v2.0.0-beta.65/logging/tf_logger.go:45 http.response.header.x_amz_request_id=XFHR4HZY5WAE9F55 tf_aws.sdk=aws-sdk-go-v2 tf_rpc=ReadResource http.response.header.x_amz_id_2=psAnRypFe8ap2UBRxxmPkOMJBHk3IOXtaH2YxUji7TsMSJBU/fus4iTa8kEbJrUgBaZPS2gQ5XFxmNNGsiigmGxh6YxR2NRd rpc.method=GetBucketRequestPayment aws.region=eu-west-1
  http.response.body=
  | <?xml version="1.0" encoding="UTF-8"?>
  | <RequestPaymentConfiguration xmlns="http://s3.amazonaws.com/doc/2006-03-01/"><Payer>BucketOwner</Payer></RequestPaymentConfiguration>
   http.response.header.date="Sun, 27 Sep 2026 22:26:14 GMT" rpc.system=aws-api http.status_code=200 rpc.service=S3 tf_aws.signing_region="" tf_resource_type=aws_s3_bucket @module=aws http.duration=58 timestamp="2026-09-27T23:26:13.865+0100"
2026-09-27T23:26:13.866+0100 [DEBUG] provider.terraform-provider-aws_v5.100.0_x5.exe: [DEBUG] Waiting for state to become: [success]
2026-09-27T23:26:13.869+0100 [DEBUG] provider.terraform-provider-aws_v5.100.0_x5.exe: HTTP Response Received: http.response.header.content_type=text/xml http.response.header.date="Sun, 27 Sep 2026 22:26:13 GMT" http.response_content_length=581 tf_aws.signing_region="" tf_rpc=ReadResource @module=aws http.duration=120 rpc.method=ListAttachedRolePolicies rpc.service=IAM tf_aws.sdk=aws-sdk-go-v2 tf_provider_addr=registry.terraform.io/hashicorp/aws http.response.header.x_amzn_requestid=fc8b0996-7c0c-4037-b7ad-5b1f317ef5ee http.status_code=200 rpc.system=aws-api tf_mux_provider="*schema.GRPCProviderServer" tf_resource_type=aws_iam_role_policy_attachment @caller=github.com/hashicorp/aws-sdk-go-base/v2@v2.0.0-beta.65/logging/tf_logger.go:45 aws.region=eu-west-1
  http.response.body=
  | <ListAttachedRolePoliciesResponse xmlns="https://iam.amazonaws.com/doc/2010-05-08/">
  |   <ListAttachedRolePoliciesResult>
  |     <IsTruncated>false</IsTruncated>
  |     <AttachedPolicies>
  |       <member>
  |         <PolicyArn>arn:aws:iam::aws:policy/service-role/AmazonECSTaskExecutionRolePolicy</PolicyArn>
  |         <PolicyName>AmazonECSTaskExecutionRolePolicy</PolicyName>
  |       </member>
  |     </AttachedPolicies>
  |   </ListAttachedRolePoliciesResult>
  |   <ResponseMetadata>
  |     <RequestId>fc8b0996-7c0c-4037-b7ad-5b1f317ef5ee</RequestId>
  |   </ResponseMetadata>
  | </ListAttachedRolePoliciesResponse>
   tf_req_id=4c0bc7e4-8d6f-4331-413a-275a0304dc48 timestamp="2026-09-27T23:26:13.869+0100"
2026-09-27T23:26:13.944+0100 [DEBUG] provider.terraform-provider-aws_v5.100.0_x5.exe: HTTP Request Sent: http.request.header.x_amz_content_sha256=e3b0c44298fc1c149afbf4c8996fb92427ae41e4649b934ca495991b7852b855 net.peer.name=edgar-fitness-progess-photos.s3.eu-west-1.amazonaws.com rpc.service=S3 tf_aws.sdk=aws-sdk-go-v2 tf_aws.signing_region="" http.method=GET http.request.body="" rpc.method=GetBucketLogging tf_provider_addr=registry.terraform.io/hashicorp/aws tf_rpc=ReadResource http.request.header.x_amz_date=20260927T222613Z http.url=https://edgar-fitness-progess-photos.s3.eu-west-1.amazonaws.com/?logging= http.user_agent="APN/1.0 HashiCorp/1.0 Terraform/1.15.3 (+https://www.terraform.io) terraform-provider-aws/5.100.0 (+https://registry.terraform.io/providers/hashicorp/aws) aws-sdk-go-v2/1.36.3 ua/2.1 os/windows lang/go#1.23.10 md/GOOS#windows md/GOARCH#amd64 api/s3#1.80.1 m/n" tf_req_id=e147c953-aef9-a830-b14b-045aa1585b27 @module=aws aws.region=eu-west-1 http.request.header.accept_encoding=identity http.request.header.authorization="AWS4-HMAC-SHA256 Credential=AKIA************SZUM/20260927/eu-west-1/s3/aws4_request, SignedHeaders=accept-encoding;amz-sdk-invocation-id;amz-sdk-request;host;x-amz-content-sha256;x-amz-date, Signature=*****" rpc.system=aws-api tf_mux_provider="*schema.GRPCProviderServer" tf_resource_type=aws_s3_bucket @caller=github.com/hashicorp/aws-sdk-go-base/v2@v2.0.0-beta.65/logging/tf_logger.go:45 http.request.header.amz_sdk_invocation_id=158631ed-8b3c-4ea1-802d-12b3df2aafa4 http.request.header.amz_sdk_request="attempt=1; max=25" timestamp="2026-09-27T23:26:13.944+0100"
2026-09-27T23:26:13.946+0100 [DEBUG] provider.terraform-provider-aws_v5.100.0_x5.exe: HTTP Response Received: tf_rpc=ReadResource http.response.header.content_type=text/xml rpc.service=IAM tf_resource_type=aws_iam_role_policy @caller=github.com/hashicorp/aws-sdk-go-base/v2@v2.0.0-beta.65/logging/tf_logger.go:45 @module=aws
  http.response.body=
  | <GetRolePolicyResponse xmlns="https://iam.amazonaws.com/doc/2010-05-08/">
  |   <GetRolePolicyResult>
  |     <PolicyDocument>%7B%22Version%22%3A%222012-10-17%22%2C%22Statement%22%3A%5B%7B%22Action%22%3A%5B%22sqs%3ASendMessage%22%5D%2C%22Effect%22%3A%22Allow%22%2C%22Resource%22%3A%5B%22arn%3Aaws%3Asqs%3Aeu-west-1%3A234334047980%3Ahealth-platform-google-health%22%2C%22arn%3Aaws%3Asqs%3Aeu-west-1%3A234334047980%3Ahealth-platform-lyfta%22%2C%22arn%3Aaws%3Asqs%3Aeu-west-1%3A234334047980%3Ahealth-platform-fatsecret%22%5D%2C%22Sid%22%3A%22SendIngestionJobs%22%7D%5D%7D</PolicyDocument>
  |     <PolicyName>sportfolio-dispatcher</PolicyName>
  |     <RoleName>sportfolio-dispatcher</RoleName>
  |   </GetRolePolicyResult>
  |   <ResponseMetadata>
  |     <RequestId>d6247125-733e-4291-9270-3d07589fe989</RequestId>
  |   </ResponseMetadata>
  | </GetRolePolicyResponse>
   http.response.header.x_amzn_requestid=d6247125-733e-4291-9270-3d07589fe989 http.response_content_length=833 rpc.system=aws-api aws.region=eu-west-1 http.duration=125 http.response.header.date="Sun, 27 Sep 2026 22:26:13 GMT" tf_aws.sdk=aws-sdk-go-v2 tf_aws.signing_region="" tf_mux_provider="*schema.GRPCProviderServer" tf_provider_addr=registry.terraform.io/hashicorp/aws http.status_code=200 rpc.method=GetRolePolicy tf_req_id=c937996e-1459-a84a-e476-a193d80dfaad timestamp="2026-09-27T23:26:13.946+0100"
2026-09-27T23:26:13.983+0100 [DEBUG] provider.terraform-provider-aws_v5.100.0_x5.exe: HTTP Request Sent: aws.region=eu-west-1 http.method=POST
  http.request.body=
  | Action=GetPolicy&PolicyArn=arn%3Aaws%3Aiam%3A%3A234334047980%3Apolicy%2Fsportfolio-worker-policies&Version=2010-05-08
   http.request.header.amz_sdk_request="attempt=1; max=25" rpc.system=aws-api tf_aws.sdk=aws-sdk-go-v2 tf_aws.signing_region="" @caller=github.com/hashicorp/aws-sdk-go-base/v2@v2.0.0-beta.65/logging/tf_logger.go:45 net.peer.name=iam.amazonaws.com rpc.service=IAM tf_mux_provider="*schema.GRPCProviderServer" tf_provider_addr=registry.terraform.io/hashicorp/aws http.request.header.content_type=application/x-www-form-urlencoded http.request_content_length=117 tf_req_id=cc2f4a1e-e42f-aa75-ff7b-5b29c3ce1872 tf_resource_type=aws_iam_policy tf_rpc=ReadResource @module=aws http.request.header.amz_sdk_invocation_id=ac4c74c6-8064-43f5-8b34-bd54d9d08421 http.request.header.authorization="AWS4-HMAC-SHA256 Credential=AKIA************SZUM/20260927/us-east-1/iam/aws4_request, SignedHeaders=amz-sdk-invocation-id;amz-sdk-request;content-length;content-type;host;x-amz-date, Signature=*****" http.request.header.x_amz_date=20260927T222613Z http.url=https://iam.amazonaws.com/ http.user_agent="APN/1.0 HashiCorp/1.0 Terraform/1.15.3 (+https://www.terraform.io) terraform-provider-aws/5.100.0 (+https://registry.terraform.io/providers/hashicorp/aws) aws-sdk-go-v2/1.36.3 ua/2.1 os/windows lang/go#1.23.10 md/GOOS#windows md/GOARCH#amd64 api/iam#1.42.0 m/n" rpc.method=GetPolicy timestamp="2026-09-27T23:26:13.983+0100"
2026-09-27T23:26:13.990+0100 [DEBUG] provider.terraform-provider-aws_v5.100.0_x5.exe: [DEBUG] Waiting for state to become: [success]
2026-09-27T23:26:14.006+0100 [DEBUG] provider.terraform-provider-aws_v5.100.0_x5.exe: HTTP Response Received: tf_provider_addr=registry.terraform.io/hashicorp/aws tf_rpc=ReadResource
  http.response.body=
  | <?xml version="1.0" encoding="UTF-8"?>
  | 
  | <BucketLoggingStatus xmlns="http://s3.amazonaws.com/doc/2006-03-01/">
  |   <!--<LoggingEnabled><TargetBucket>myLogsBucket</TargetBucket><TargetPrefix>add/this/prefix/to/my/log/files/access_log-</TargetPrefix></LoggingEnabled>-->
  | </BucketLoggingStatus>
   http.response.header.content_type=application/xml rpc.method=GetBucketLogging rpc.system=aws-api @module=aws http.response.header.x_amz_id_2=DDh79b9/8G5RXzHnkrOqjeEsmZMMrDqM2O37IBut60v2Y2BZp9jFohYUU4yBuRJKuTdyMa31d5kLeq3kljK7kJuOdRivtSGE tf_aws.signing_region="" tf_req_id=e147c953-aef9-a830-b14b-045aa1585b27 tf_resource_type=aws_s3_bucket http.status_code=200 @caller=github.com/hashicorp/aws-sdk-go-base/v2@v2.0.0-beta.65/logging/tf_logger.go:45 aws.region=eu-west-1 http.response.header.server=AmazonS3 rpc.service=S3 tf_aws.sdk=aws-sdk-go-v2 http.duration=60 http.response.header.date="Sun, 27 Sep 2026 22:26:14 GMT" http.response.header.x_amz_request_id=XFHZ3BK7JSK5B2CP tf_mux_provider="*schema.GRPCProviderServer" timestamp="2026-09-27T23:26:14.005+0100"
2026-09-27T23:26:14.015+0100 [DEBUG] provider.terraform-provider-aws_v5.100.0_x5.exe: [DEBUG] Waiting for state to become: [success]
2026-09-27T23:26:14.035+0100 [DEBUG] provider.terraform-provider-aws_v5.100.0_x5.exe: HTTP Response Received: rpc.service=ECS tf_aws.sdk=aws-sdk-go-v2 tf_rpc=ReadResource aws.region=eu-west-1 http.duration=298
  http.response.body=
  | {"clusters":[{"activeServicesCount":0,"capacityProviders":[],"clusterArn":"arn:aws:ecs:eu-west-1:234334047980:cluster/sportfolio-cluster","clusterName":"sportfolio-cluster","defaultCapacityProviderStrategy":[],"pendingTasksCount":0,"registeredContainerInstancesCount":0,"runningTasksCount":0,"settings":[{"name":"containerInsights","value":"disabled"}],"statistics":[],"status":"ACTIVE","tags":[{"key":"Project","value":"sportfolio"},{"key":"Environment","value":"production"},{"key":"ManagedBy","value":"terraform"}]}],"failures":[]}
   http.response.header.date="Sun, 27 Sep 2026 22:26:14 GMT" http.response.header.x_amzn_requestid=645e0390-0163-4581-9ff9-1381833ffde4 http.response_content_length=534 tf_mux_provider="*schema.GRPCProviderServer" tf_provider_addr=registry.terraform.io/hashicorp/aws @caller=github.com/hashicorp/aws-sdk-go-base/v2@v2.0.0-beta.65/logging/tf_logger.go:45 http.response.header.content_type=application/x-amz-json-1.1 rpc.system=aws-api @module=aws http.status_code=200 rpc.method=DescribeClusters tf_aws.signing_region="" tf_req_id=c5acfeed-a5f3-d06e-0a2c-08c9af533884 tf_resource_type=aws_ecs_cluster timestamp="2026-09-27T23:26:14.035+0100"
2026-09-27T23:26:14.174+0100 [DEBUG] provider.terraform-provider-aws_v5.100.0_x5.exe: HTTP Request Sent: http.request.header.authorization="AWS4-HMAC-SHA256 Credential=AKIA************SZUM/20260927/eu-west-1/s3/aws4_request, SignedHeaders=accept-encoding;amz-sdk-invocation-id;amz-sdk-request;host;x-amz-content-sha256;x-amz-date, Signature=*****" http.user_agent="APN/1.0 HashiCorp/1.0 Terraform/1.15.3 (+https://www.terraform.io) terraform-provider-aws/5.100.0 (+https://registry.terraform.io/providers/hashicorp/aws) aws-sdk-go-v2/1.36.3 ua/2.1 os/windows lang/go#1.23.10 md/GOOS#windows md/GOARCH#amd64 api/s3#1.80.1 m/n" rpc.system=aws-api tf_mux_provider="*schema.GRPCProviderServer" tf_req_id=e147c953-aef9-a830-b14b-045aa1585b27 @caller=github.com/hashicorp/aws-sdk-go-base/v2@v2.0.0-beta.65/logging/tf_logger.go:45 @module=aws http.method=GET net.peer.name=edgar-fitness-progess-photos.s3.eu-west-1.amazonaws.com rpc.method=GetBucketLifecycleConfiguration rpc.service=S3 tf_aws.sdk=aws-sdk-go-v2 aws.region=eu-west-1 http.request.header.amz_sdk_invocation_id=e2490af3-18a8-4449-b060-39dfb1a18a62 http.request.header.amz_sdk_request="attempt=1; max=25" http.request.header.x_amz_date=20260927T222614Z http.url=https://edgar-fitness-progess-photos.s3.eu-west-1.amazonaws.com/?lifecycle= tf_provider_addr=registry.terraform.io/hashicorp/aws tf_resource_type=aws_s3_bucket http.request.body="" http.request.header.x_amz_content_sha256=e3b0c44298fc1c149afbf4c8996fb92427ae41e4649b934ca495991b7852b855 tf_aws.signing_region="" tf_rpc=ReadResource http.request.header.accept_encoding=identity timestamp="2026-09-27T23:26:14.174+0100"
2026-09-27T23:26:14.175+0100 [DEBUG] provider.terraform-provider-aws_v5.100.0_x5.exe: HTTP Response Received: http.status_code=200 @caller=github.com/hashicorp/aws-sdk-go-base/v2@v2.0.0-beta.65/logging/tf_logger.go:45 http.response.header.content_type=text/xml http.response.header.date="Sun, 27 Sep 2026 22:26:14 GMT" http.response_content_length=789 tf_aws.signing_region=""
  http.response.body=
  | <GetPolicyResponse xmlns="https://iam.amazonaws.com/doc/2010-05-08/">
  |   <GetPolicyResult>
  |     <Policy>
  |       <PermissionsBoundaryUsageCount>0</PermissionsBoundaryUsageCount>
  |       <Path>/</Path>
  |       <UpdateDate>2026-09-27T21:43:25Z</UpdateDate>
  |       <DefaultVersionId>v1</DefaultVersionId>
  |       <PolicyId>ANPA*************ZVUT</PolicyId>
  |       <IsAttachable>true</IsAttachable>
  |       <PolicyName>sportfolio-worker-policies</PolicyName>
  |       <AttachmentCount>1</AttachmentCount>
  |       <Arn>arn:aws:iam::234334047980:policy/sportfolio-worker-policies</Arn>
  |       <Tags/>
  |       <CreateDate>2026-09-27T21:43:25Z</CreateDate>
  |     </Policy>
  |   </GetPolicyResult>
  |   <ResponseMetadata>
  |     <RequestId>420937e0-9d4c-4cb1-9545-547733449b57</RequestId>
  |   </ResponseMetadata>
  | </GetPolicyResponse>
   rpc.method=GetPolicy rpc.system=aws-api tf_resource_type=aws_iam_policy tf_rpc=ReadResource @module=aws aws.region=eu-west-1 tf_provider_addr=registry.terraform.io/hashicorp/aws tf_req_id=cc2f4a1e-e42f-aa75-ff7b-5b29c3ce1872 http.duration=190 http.response.header.x_amzn_requestid=420937e0-9d4c-4cb1-9545-547733449b57 rpc.service=IAM tf_aws.sdk=aws-sdk-go-v2 tf_mux_provider="*schema.GRPCProviderServer" timestamp="2026-09-27T23:26:14.174+0100"
2026-09-27T23:26:14.274+0100 [DEBUG] provider.terraform-provider-aws_v5.100.0_x5.exe: HTTP Response Received: tf_aws.sdk=aws-sdk-go-v2 @caller=github.com/hashicorp/aws-sdk-go-base/v2@v2.0.0-beta.65/logging/tf_logger.go:45 @module=aws aws.region=eu-west-1 http.response.header.cache_control="no-cache, no-store" http.response.header.strict_transport_security="max-age=31536000; includeSubDomains" tf_aws.signing_region="" tf_rpc=ReadResource
  http.response.body=
  | <?xml version="1.0" encoding="UTF-8"?>
  | <DescribeAddressesAttributeResponse xmlns="http://ec2.amazonaws.com/doc/2016-11-15/">
  |     <requestId>bd7606ca-5190-4352-8236-baeed8d32c33</requestId>
  |     <addressSet/>
  | </DescribeAddressesAttributeResponse>
   http.response.header.content_type=text/xml;charset=UTF-8 rpc.service=EC2 tf_mux_provider="*schema.GRPCProviderServer" tf_resource_type=aws_eip http.response.header.vary=accept-encoding http.duration=93 http.response.header.date="Sun, 27 Sep 2026 22:26:13 GMT" rpc.system=aws-api tf_provider_addr=registry.terraform.io/hashicorp/aws tf_req_id=1af56138-d11f-8daf-5e9c-917ddfff44c3 http.response.header.server=AmazonEC2 http.response.header.x_amzn_requestid=bd7606ca-5190-4352-8236-baeed8d32c33 http.status_code=200 rpc.method=DescribeAddressesAttribute timestamp="2026-09-27T23:26:14.274+0100"
2026-09-27T23:26:14.312+0100 [DEBUG] provider.terraform-provider-aws_v5.100.0_x5.exe: HTTP Response Received: aws.region=eu-west-1 http.response.header.server=AmazonS3 tf_mux_provider="*schema.GRPCProviderServer" tf_resource_type=aws_s3_bucket http.duration=137
  http.response.body=
  | <Error><Code>NoSuchLifecycleConfiguration</Code><Message>The lifecycle configuration does not exist</Message><BucketName>edgar-fitness-progess-photos</BucketName><RequestId>4MY4Q43BMSXTC12Q</RequestId><HostId>52qmAjsmdbFokOkF9Q60EmAtwLzDl8iFWeJiNFbkz/E4k0+9KNomms7XfuQh4i644bElY90gLdfH7n7pXdPaSn4XPnK7hUJT</HostId></Error>
   http.response.header.x_amz_id_2="52qmAjsmdbFokOkF9Q60EmAtwLzDl8iFWeJiNFbkz/E4k0+9KNomms7XfuQh4i644bElY90gLdfH7n7pXdPaSn4XPnK7hUJT" rpc.method=GetBucketLifecycleConfiguration tf_aws.sdk=aws-sdk-go-v2 tf_aws.signing_region="" @module=aws http.response.header.content_type=application/xml http.response.header.x_amz_request_id=4MY4Q43BMSXTC12Q http.response_content_length=322 http.status_code=404 rpc.service=S3 tf_provider_addr=registry.terraform.io/hashicorp/aws tf_req_id=e147c953-aef9-a830-b14b-045aa1585b27 @caller=github.com/hashicorp/aws-sdk-go-base/v2@v2.0.0-beta.65/logging/tf_logger.go:45 http.response.header.date="Sun, 27 Sep 2026 22:26:15 GMT" rpc.system=aws-api tf_rpc=ReadResource timestamp="2026-09-27T23:26:14.312+0100"
2026-09-27T23:26:14.312+0100 [DEBUG] provider.terraform-provider-aws_v5.100.0_x5.exe: request failed with unretryable error https response error StatusCode: 404, RequestID: 4MY4Q43BMSXTC12Q, HostID: 52qmAjsmdbFokOkF9Q60EmAtwLzDl8iFWeJiNFbkz/E4k0+9KNomms7XfuQh4i644bElY90gLdfH7n7pXdPaSn4XPnK7hUJT, api error NoSuchLifecycleConfiguration: The lifecycle configuration does not exist: @module=aws rpc.method=GetBucketLifecycleConfiguration rpc.service=S3 tf_req_id=e147c953-aef9-a830-b14b-045aa1585b27 tf_rpc=ReadResource @caller=github.com/hashicorp/aws-sdk-go-base/v2@v2.0.0-beta.65/logging/tf_logger.go:45 aws.region=eu-west-1 rpc.system=aws-api tf_resource_type=aws_s3_bucket tf_aws.sdk=aws-sdk-go-v2 tf_mux_provider="*schema.GRPCProviderServer" tf_provider_addr=registry.terraform.io/hashicorp/aws timestamp="2026-09-27T23:26:14.312+0100"
2026-09-27T23:26:14.312+0100 [DEBUG] provider.terraform-provider-aws_v5.100.0_x5.exe: [DEBUG] Waiting for state to become: [success]
2026-09-27T23:26:14.340+0100 [DEBUG] provider.terraform-provider-aws_v5.100.0_x5.exe: HTTP Request Sent: http.method=GET http.request.header.accept_encoding=identity http.request.header.amz_sdk_invocation_id=156b4b54-9af2-4126-aec0-de664aad52b7 http.request.header.authorization="AWS4-HMAC-SHA256 Credential=AKIA************SZUM/20260927/eu-west-1/s3/aws4_request, SignedHeaders=accept-encoding;amz-sdk-invocation-id;amz-sdk-request;host;x-amz-content-sha256;x-amz-date, Signature=*****" http.request.header.x_amz_content_sha256=e3b0c44298fc1c149afbf4c8996fb92427ae41e4649b934ca495991b7852b855 net.peer.name=edgar-fitness-progess-photos.s3.eu-west-1.amazonaws.com rpc.method=GetBucketReplication rpc.service=S3 rpc.system=aws-api tf_aws.sdk=aws-sdk-go-v2 tf_aws.signing_region="" tf_mux_provider="*schema.GRPCProviderServer" http.request.body="" http.user_agent="APN/1.0 HashiCorp/1.0 Terraform/1.15.3 (+https://www.terraform.io) terraform-provider-aws/5.100.0 (+https://registry.terraform.io/providers/hashicorp/aws) aws-sdk-go-v2/1.36.3 ua/2.1 os/windows lang/go#1.23.10 md/GOOS#windows md/GOARCH#amd64 api/s3#1.80.1 m/n" tf_provider_addr=registry.terraform.io/hashicorp/aws tf_resource_type=aws_s3_bucket tf_rpc=ReadResource http.request.header.amz_sdk_request="attempt=1; max=25" http.url=https://edgar-fitness-progess-photos.s3.eu-west-1.amazonaws.com/?replication= tf_req_id=e147c953-aef9-a830-b14b-045aa1585b27 http.request.header.x_amz_date=20260927T222614Z @caller=github.com/hashicorp/aws-sdk-go-base/v2@v2.0.0-beta.65/logging/tf_logger.go:45 @module=aws aws.region=eu-west-1 timestamp="2026-09-27T23:26:14.340+0100"
2026-09-27T23:26:14.358+0100 [DEBUG] provider.terraform-provider-aws_v5.100.0_x5.exe: [DEBUG] Waiting for state to become: [success]
2026-09-27T23:26:14.379+0100 [DEBUG] provider.terraform-provider-aws_v5.100.0_x5.exe: HTTP Request Sent: rpc.service=IAM rpc.system=aws-api tf_mux_provider="*schema.GRPCProviderServer" tf_provider_addr=registry.terraform.io/hashicorp/aws tf_resource_type=aws_iam_policy tf_rpc=ReadResource @module=aws http.method=POST http.request_content_length=137 http.url=https://iam.amazonaws.com/ http.user_agent="APN/1.0 HashiCorp/1.0 Terraform/1.15.3 (+https://www.terraform.io) terraform-provider-aws/5.100.0 (+https://registry.terraform.io/providers/hashicorp/aws) aws-sdk-go-v2/1.36.3 ua/2.1 os/windows lang/go#1.23.10 md/GOOS#windows md/GOARCH#amd64 api/iam#1.42.0 m/n" rpc.method=GetPolicyVersion @caller=github.com/hashicorp/aws-sdk-go-base/v2@v2.0.0-beta.65/logging/tf_logger.go:45 aws.region=eu-west-1
  http.request.body=
  | Action=GetPolicyVersion&PolicyArn=arn%3Aaws%3Aiam%3A%3A234334047980%3Apolicy%2Fsportfolio-worker-policies&Version=2010-05-08&VersionId=v1
   http.request.header.authorization="AWS4-HMAC-SHA256 Credential=AKIA************SZUM/20260927/us-east-1/iam/aws4_request, SignedHeaders=amz-sdk-invocation-id;amz-sdk-request;content-length;content-type;host;x-amz-date, Signature=*****" http.request.header.x_amz_date=20260927T222614Z tf_aws.sdk=aws-sdk-go-v2 tf_aws.signing_region="" http.request.header.amz_sdk_request="attempt=1; max=25" http.request.header.content_type=application/x-www-form-urlencoded tf_req_id=cc2f4a1e-e42f-aa75-ff7b-5b29c3ce1872 http.request.header.amz_sdk_invocation_id=9d9db982-dbd5-4ea5-a1ee-e741f1946bd1 net.peer.name=iam.amazonaws.com timestamp="2026-09-27T23:26:14.378+0100"
2026-09-27T23:26:14.445+0100 [DEBUG] provider.terraform-provider-aws_v5.100.0_x5.exe: HTTP Response Received: tf_provider_addr=registry.terraform.io/hashicorp/aws http.response.header.server=AmazonS3 http.response.header.x_amz_request_id=4MY92RAW82T6R3BN tf_resource_type=aws_s3_bucket http.response.header.content_type=application/xml rpc.system=aws-api tf_req_id=e147c953-aef9-a830-b14b-045aa1585b27 tf_rpc=ReadResource aws.region=eu-west-1 http.duration=105
  http.response.body=
  | <?xml version="1.0" encoding="UTF-8"?>
  | <Error><Code>ReplicationConfigurationNotFoundError</Code><Message>The replication configuration was not found</Message><BucketName>edgar-fitness-progess-photos</BucketName><RequestId>4MY92RAW82T6R3BN</RequestId><HostId>y4HXaoz9quJWpH6gkNRPKsjKRCoSOydx95VV5C05gZ30y+b64pvScZCVWUVsVQzCc5CHfm4uh+0BCTm88g22SKtSBwBsLTC9</HostId></Error>
   rpc.method=GetBucketReplication rpc.service=S3 tf_aws.signing_region="" tf_mux_provider="*schema.GRPCProviderServer" @caller=github.com/hashicorp/aws-sdk-go-base/v2@v2.0.0-beta.65/logging/tf_logger.go:45 @module=aws http.response.header.date="Sun, 27 Sep 2026 22:26:14 GMT" http.response.header.x_amz_id_2="y4HXaoz9quJWpH6gkNRPKsjKRCoSOydx95VV5C05gZ30y+b64pvScZCVWUVsVQzCc5CHfm4uh+0BCTm88g22SKtSBwBsLTC9" http.status_code=404 tf_aws.sdk=aws-sdk-go-v2 timestamp="2026-09-27T23:26:14.445+0100"
2026-09-27T23:26:14.445+0100 [DEBUG] provider.terraform-provider-aws_v5.100.0_x5.exe: request failed with unretryable error https response error StatusCode: 404, RequestID: 4MY92RAW82T6R3BN, HostID: y4HXaoz9quJWpH6gkNRPKsjKRCoSOydx95VV5C05gZ30y+b64pvScZCVWUVsVQzCc5CHfm4uh+0BCTm88g22SKtSBwBsLTC9, api error ReplicationConfigurationNotFoundError: The replication configuration was not found: rpc.method=GetBucketReplication rpc.system=aws-api tf_mux_provider="*schema.GRPCProviderServer" tf_provider_addr=registry.terraform.io/hashicorp/aws @caller=github.com/hashicorp/aws-sdk-go-base/v2@v2.0.0-beta.65/logging/tf_logger.go:45 tf_aws.sdk=aws-sdk-go-v2 tf_req_id=e147c953-aef9-a830-b14b-045aa1585b27 @module=aws rpc.service=S3 aws.region=eu-west-1 tf_resource_type=aws_s3_bucket tf_rpc=ReadResource timestamp="2026-09-27T23:26:14.445+0100"
2026-09-27T23:26:14.445+0100 [DEBUG] provider.terraform-provider-aws_v5.100.0_x5.exe: [DEBUG] Waiting for state to become: [success]
2026-09-27T23:26:14.453+0100 [DEBUG] provider.terraform-provider-aws_v5.100.0_x5.exe: HTTP Request Sent: http.request.header.amz_sdk_invocation_id=fdfcf6d3-a957-4bdd-ab15-95d924bd991f rpc.method=DescribeVpcAttribute rpc.system=aws-api tf_provider_addr=registry.terraform.io/hashicorp/aws aws.region=eu-west-1 http.request.header.amz_sdk_request="attempt=1; max=25" tf_mux_provider="*schema.GRPCProviderServer" tf_req_id=7a8b7b23-d360-e016-5aac-89c5b3d994dd tf_resource_type=aws_vpc tf_rpc=ReadResource @module=aws http.method=POST
  http.request.body=
  | Action=DescribeVpcAttribute&Attribute=enableDnsHostnames&Version=2016-11-15&VpcId=vpc-0705f0a7ccf33b1ad
   http.request.header.authorization="AWS4-HMAC-SHA256 Credential=AKIA************SZUM/20260927/eu-west-1/ec2/aws4_request, SignedHeaders=amz-sdk-invocation-id;amz-sdk-request;content-length;content-type;host;x-amz-date, Signature=*****" http.user_agent="APN/1.0 HashiCorp/1.0 Terraform/1.15.3 (+https://www.terraform.io) terraform-provider-aws/5.100.0 (+https://registry.terraform.io/providers/hashicorp/aws) aws-sdk-go-v2/1.36.3 ua/2.1 os/windows lang/go#1.23.10 md/GOOS#windows md/GOARCH#amd64 api/ec2#1.224.1 m/n" tf_aws.sdk=aws-sdk-go-v2 tf_aws.signing_region="" @caller=github.com/hashicorp/aws-sdk-go-base/v2@v2.0.0-beta.65/logging/tf_logger.go:45 http.request.header.x_amz_date=20260927T222614Z http.url=https://ec2.eu-west-1.amazonaws.com/ net.peer.name=ec2.eu-west-1.amazonaws.com rpc.service=EC2 http.request.header.content_type=application/x-www-form-urlencoded http.request_content_length=103 timestamp="2026-09-27T23:26:14.453+0100"
2026-09-27T23:26:14.474+0100 [DEBUG] provider.terraform-provider-aws_v5.100.0_x5.exe: HTTP Request Sent: http.request.body="" http.request.header.amz_sdk_request="attempt=1; max=25" rpc.method=GetBucketEncryption rpc.service=S3 rpc.system=aws-api tf_aws.signing_region="" tf_mux_provider="*schema.GRPCProviderServer" tf_provider_addr=registry.terraform.io/hashicorp/aws tf_req_id=e147c953-aef9-a830-b14b-045aa1585b27 tf_resource_type=aws_s3_bucket @module=aws http.request.header.x_amz_date=20260927T222614Z http.url=https://edgar-fitness-progess-photos.s3.eu-west-1.amazonaws.com/?encryption= tf_aws.sdk=aws-sdk-go-v2 tf_rpc=ReadResource aws.region=eu-west-1 http.request.header.accept_encoding=identity http.request.header.amz_sdk_invocation_id=d97bb669-77cf-4710-ae0e-c470968260f0 http.request.header.authorization="AWS4-HMAC-SHA256 Credential=AKIA************SZUM/20260927/eu-west-1/s3/aws4_request, SignedHeaders=accept-encoding;amz-sdk-invocation-id;amz-sdk-request;host;x-amz-content-sha256;x-amz-date, Signature=*****" http.request.header.x_amz_content_sha256=e3b0c44298fc1c149afbf4c8996fb92427ae41e4649b934ca495991b7852b855 http.user_agent="APN/1.0 HashiCorp/1.0 Terraform/1.15.3 (+https://www.terraform.io) terraform-provider-aws/5.100.0 (+https://registry.terraform.io/providers/hashicorp/aws) aws-sdk-go-v2/1.36.3 ua/2.1 os/windows lang/go#1.23.10 md/GOOS#windows md/GOARCH#amd64 api/s3#1.80.1 m/n" net.peer.name=edgar-fitness-progess-photos.s3.eu-west-1.amazonaws.com @caller=github.com/hashicorp/aws-sdk-go-base/v2@v2.0.0-beta.65/logging/tf_logger.go:45 http.method=GET timestamp="2026-09-27T23:26:14.474+0100"
2026-09-27T23:26:14.504+0100 [DEBUG] provider.terraform-provider-aws_v5.100.0_x5.exe: HTTP Response Received: @module=aws aws.region=eu-west-1
  http.response.body=
  | <GetPolicyVersionResponse xmlns="https://iam.amazonaws.com/doc/2010-05-08/">
  |   <GetPolicyVersionResult>
  |     <PolicyVersion>
  |       <VersionId>v1</VersionId>
  |       <IsDefaultVersion>true</IsDefaultVersion>
  |       <Document>%7B%22Statement%22%3A%5B%7B%22Action%22%3A%5B%22sqs%3AReceiveMessage%22%2C%22sqs%3ADeleteMessage%22%2C%22sqs%3AChangeMessageVisibility%22%5D%2C%22Effect%22%3A%22Allow%22%2C%22Resource%22%3A%5B%22arn%3Aaws%3Asqs%3Aeu-west-1%3A234334047980%3Ahealth-platform-google-health%22%2C%22arn%3Aaws%3Asqs%3Aeu-west-1%3A234334047980%3Ahealth-platform-lyfta%22%2C%22arn%3Aaws%3Asqs%3Aeu-west-1%3A234334047980%3Ahealth-platform-fatsecret%22%5D%2C%22Sid%22%3A%22SQSWorkerOperations%22%7D%5D%2C%22Version%22%3A%222012-10-17%22%7D</Document>
  |       <CreateDate>2026-09-27T21:43:25Z</CreateDate>
  |     </PolicyVersion>
  |   </GetPolicyVersionResult>
  |   <ResponseMetadata>
  |     <RequestId>532f1c48-fa98-439c-92f0-24ccc9b26bf1</RequestId>
  |   </ResponseMetadata>
  | </GetPolicyVersionResponse>
   http.response_content_length=981 http.duration=124 http.response.header.content_type=text/xml http.response.header.x_amzn_requestid=532f1c48-fa98-439c-92f0-24ccc9b26bf1 tf_aws.sdk=aws-sdk-go-v2 tf_req_id=cc2f4a1e-e42f-aa75-ff7b-5b29c3ce1872 tf_resource_type=aws_iam_policy http.response.header.date="Sun, 27 Sep 2026 22:26:14 GMT" rpc.method=GetPolicyVersion rpc.system=aws-api tf_mux_provider="*schema.GRPCProviderServer" tf_provider_addr=registry.terraform.io/hashicorp/aws @caller=github.com/hashicorp/aws-sdk-go-base/v2@v2.0.0-beta.65/logging/tf_logger.go:45 http.status_code=200 rpc.service=IAM tf_aws.signing_region="" tf_rpc=ReadResource timestamp="2026-09-27T23:26:14.503+0100"
2026-09-27T23:26:14.540+0100 [DEBUG] provider.terraform-provider-aws_v5.100.0_x5.exe: HTTP Response Received: http.response.header.x_amz_id_2="f24vDCcRnGYC54UWHvQcgbvl/xiGAwg8iJYnKDQPSWELcCArKLva4QP9gh3LpacG3WI/Z59WkmNnWLxfQZjvU93Z7moWU7+z" tf_aws.signing_region="" aws.region=eu-west-1
  http.response.body=
  | <?xml version="1.0" encoding="UTF-8"?>
  | <ServerSideEncryptionConfiguration xmlns="http://s3.amazonaws.com/doc/2006-03-01/"><Rule><BucketKeyEnabled>false</BucketKeyEnabled><ApplyServerSideEncryptionByDefault><SSEAlgorithm>AES256</SSEAlgorithm></ApplyServerSideEncryptionByDefault><BlockedEncryptionTypes><EncryptionType>SSE-C</EncryptionType></BlockedEncryptionTypes></Rule></ServerSideEncryptionConfiguration>
   tf_aws.sdk=aws-sdk-go-v2 tf_mux_provider="*schema.GRPCProviderServer" tf_req_id=e147c953-aef9-a830-b14b-045aa1585b27 tf_rpc=ReadResource @module=aws http.response.header.date="Sun, 27 Sep 2026 22:26:15 GMT" http.response.header.x_amz_request_id=4MY38T5P8MGPAX7C rpc.method=GetBucketEncryption rpc.system=aws-api @caller=github.com/hashicorp/aws-sdk-go-base/v2@v2.0.0-beta.65/logging/tf_logger.go:45 http.duration=65 http.response.header.server=AmazonS3 http.status_code=200 rpc.service=S3 tf_provider_addr=registry.terraform.io/hashicorp/aws tf_resource_type=aws_s3_bucket timestamp="2026-09-27T23:26:14.540+0100"
2026-09-27T23:26:14.560+0100 [DEBUG] provider.terraform-provider-aws_v5.100.0_x5.exe: [DEBUG] Waiting for state to become: [success]
2026-09-27T23:26:14.566+0100 [DEBUG] provider.terraform-provider-aws_v5.100.0_x5.exe: HTTP Response Received: http.response.header.cache_control="no-cache, no-store" http.response.header.content_type=text/xml;charset=UTF-8 http.response.header.strict_transport_security="max-age=31536000; includeSubDomains" http.status_code=200 rpc.system=aws-api tf_aws.sdk=aws-sdk-go-v2 http.duration=112
  http.response.body=
  | <?xml version="1.0" encoding="UTF-8"?>
  | <DescribeVpcAttributeResponse xmlns="http://ec2.amazonaws.com/doc/2016-11-15/">
  |     <requestId>d3a6d8dc-98ee-45ad-9545-615579f3b28c</requestId>
  |     <vpcId>vpc-0705f0a7ccf33b1ad</vpcId>
  |     <enableDnsHostnames>
  |         <value>true</value>
  |     </enableDnsHostnames>
  | </DescribeVpcAttributeResponse>
   http.response.header.x_amzn_requestid=d3a6d8dc-98ee-45ad-9545-615579f3b28c http.response_content_length=335 tf_resource_type=aws_vpc tf_rpc=ReadResource @caller=github.com/hashicorp/aws-sdk-go-base/v2@v2.0.0-beta.65/logging/tf_logger.go:45 http.response.header.date="Sun, 27 Sep 2026 22:26:14 GMT" rpc.service=EC2 tf_mux_provider="*schema.GRPCProviderServer" http.response.header.server=AmazonEC2 rpc.method=DescribeVpcAttribute tf_aws.signing_region="" tf_provider_addr=registry.terraform.io/hashicorp/aws tf_req_id=7a8b7b23-d360-e016-5aac-89c5b3d994dd @module=aws aws.region=eu-west-1 timestamp="2026-09-27T23:26:14.566+0100"
2026-09-27T23:26:14.587+0100 [DEBUG] provider.terraform-provider-aws_v5.100.0_x5.exe: HTTP Request Sent: tf_provider_addr=registry.terraform.io/hashicorp/aws tf_resource_type=aws_s3_bucket http.request.header.accept_encoding=identity http.request.header.amz_sdk_request="attempt=1; max=25" http.request.header.x_amz_date=20260927T222614Z rpc.service=S3 rpc.system=aws-api @caller=github.com/hashicorp/aws-sdk-go-base/v2@v2.0.0-beta.65/logging/tf_logger.go:45 http.request.header.authorization="AWS4-HMAC-SHA256 Credential=AKIA************SZUM/20260927/eu-west-1/s3/aws4_request, SignedHeaders=accept-encoding;amz-sdk-invocation-id;amz-sdk-request;host;x-amz-content-sha256;x-amz-date, Signature=*****" http.request.header.x_amz_content_sha256=e3b0c44298fc1c149afbf4c8996fb92427ae41e4649b934ca495991b7852b855 rpc.method=GetObjectLockConfiguration tf_req_id=e147c953-aef9-a830-b14b-045aa1585b27 tf_rpc=ReadResource @module=aws aws.region=eu-west-1 http.method=GET http.request.header.amz_sdk_invocation_id=a40942a2-16e0-41f0-8e7d-542aad3b6f6e http.url=https://edgar-fitness-progess-photos.s3.eu-west-1.amazonaws.com/?object-lock= http.user_agent="APN/1.0 HashiCorp/1.0 Terraform/1.15.3 (+https://www.terraform.io) terraform-provider-aws/5.100.0 (+https://registry.terraform.io/providers/hashicorp/aws) aws-sdk-go-v2/1.36.3 ua/2.1 os/windows lang/go#1.23.10 md/GOOS#windows md/GOARCH#amd64 api/s3#1.80.1 m/n" net.peer.name=edgar-fitness-progess-photos.s3.eu-west-1.amazonaws.com tf_aws.sdk=aws-sdk-go-v2 http.request.body="" tf_aws.signing_region="" tf_mux_provider="*schema.GRPCProviderServer" timestamp="2026-09-27T23:26:14.586+0100"
2026-09-27T23:26:14.807+0100 [WARN]  Provider "registry.terraform.io/hashicorp/aws" produced an invalid plan for module.iam.aws_iam_policy.worker_policies, but we are tolerating it because it is using the legacy plugin SDK.
    The following problems may be the cause of any confusing errors from downstream operations:
      - .tags: planned value cty.MapValEmpty(cty.String) for a non-computed attribute
      - .description: planned value cty.StringVal("") for a non-computed attribute
      - .path: planned value cty.StringVal("/") for a non-computed attribute
2026-09-27T23:26:14.807+0100 [WARN]  Provider "registry.terraform.io/hashicorp/aws" produced an invalid plan for module.network.aws_eip.nat, but we are tolerating it because it is using the legacy plugin SDK.
    The following problems may be the cause of any confusing errors from downstream operations:
      - .customer_owned_ipv4_pool: planned value cty.StringVal("") for a non-computed attribute
2026-09-27T23:26:14.807+0100 [DEBUG] ReferenceTransformer: "module.iam.aws_iam_role_policy_attachment.attach_logs" references: []
2026-09-27T23:26:14.807+0100 [DEBUG] provider.terraform-provider-aws_v5.100.0_x5.exe: [DEBUG] Waiting for state to become: [success]
2026-09-27T23:26:14.847+0100 [DEBUG] provider.terraform-provider-aws_v5.100.0_x5.exe: HTTP Response Received:
  http.response.body=
  | <?xml version="1.0" encoding="UTF-8"?>
  | <Error><Code>ObjectLockConfigurationNotFoundError</Code><Message>Object Lock configuration does not exist for this bucket</Message><BucketName>edgar-fitness-progess-photos</BucketName><RequestId>4MY9MMF3STR92NBV</RequestId><HostId>Y26S0UvXxtRtaoW9l5S0CFvNfbHJ9tZ5Y0Kjb2DbyO8YA7JbcR90lk/tvSLXOpudEwftwoRz0LJzfWzxlgGGs7EQec9NF83r</HostId></Error>
   http.response.header.server=AmazonS3 http.response.header.x_amz_id_2=Y26S0UvXxtRtaoW9l5S0CFvNfbHJ9tZ5Y0Kjb2DbyO8YA7JbcR90lk/tvSLXOpudEwftwoRz0LJzfWzxlgGGs7EQec9NF83r rpc.system=aws-api tf_rpc=ReadResource @module=aws aws.region=eu-west-1 http.duration=260 http.response.header.content_type=application/xml rpc.method=GetObjectLockConfiguration tf_aws.sdk=aws-sdk-go-v2 tf_aws.signing_region="" http.response.header.date="Sun, 27 Sep 2026 22:26:14 GMT" http.response.header.x_amz_request_id=4MY9MMF3STR92NBV http.status_code=404 rpc.service=S3 tf_mux_provider="*schema.GRPCProviderServer" tf_provider_addr=registry.terraform.io/hashicorp/aws tf_req_id=e147c953-aef9-a830-b14b-045aa1585b27 @caller=github.com/hashicorp/aws-sdk-go-base/v2@v2.0.0-beta.65/logging/tf_logger.go:45 tf_resource_type=aws_s3_bucket timestamp="2026-09-27T23:26:14.847+0100"
2026-09-27T23:26:14.848+0100 [DEBUG] provider.terraform-provider-aws_v5.100.0_x5.exe: request failed with unretryable error https response error StatusCode: 404, RequestID: 4MY9MMF3STR92NBV, HostID: Y26S0UvXxtRtaoW9l5S0CFvNfbHJ9tZ5Y0Kjb2DbyO8YA7JbcR90lk/tvSLXOpudEwftwoRz0LJzfWzxlgGGs7EQec9NF83r, api error ObjectLockConfigurationNotFoundError: Object Lock configuration does not exist for this bucket: tf_req_id=e147c953-aef9-a830-b14b-045aa1585b27 tf_resource_type=aws_s3_bucket tf_rpc=ReadResource rpc.method=GetObjectLockConfiguration @caller=github.com/hashicorp/aws-sdk-go-base/v2@v2.0.0-beta.65/logging/tf_logger.go:45 @module=aws aws.region=eu-west-1 rpc.service=S3 rpc.system=aws-api tf_aws.sdk=aws-sdk-go-v2 tf_mux_provider="*schema.GRPCProviderServer" tf_provider_addr=registry.terraform.io/hashicorp/aws timestamp="2026-09-27T23:26:14.847+0100"
2026-09-27T23:26:14.848+0100 [DEBUG] provider.terraform-provider-aws_v5.100.0_x5.exe: HTTP Request Sent: http.request.header.amz_sdk_invocation_id=1a0c4d86-6b21-466c-b545-06d01ea7ea7b http.request.header.content_type=application/x-www-form-urlencoded http.request.header.x_amz_date=20260927T222614Z http.request_content_length=101 http.user_agent="APN/1.0 HashiCorp/1.0 Terraform/1.15.3 (+https://www.terraform.io) terraform-provider-aws/5.100.0 (+https://registry.terraform.io/providers/hashicorp/aws) aws-sdk-go-v2/1.36.3 ua/2.1 os/windows lang/go#1.23.10 md/GOOS#windows md/GOARCH#amd64 api/ec2#1.224.1 m/n" rpc.method=DescribeVpcAttribute @caller=github.com/hashicorp/aws-sdk-go-base/v2@v2.0.0-beta.65/logging/tf_logger.go:45 http.method=POST http.request.header.authorization="AWS4-HMAC-SHA256 Credential=AKIA************SZUM/20260927/eu-west-1/ec2/aws4_request, SignedHeaders=amz-sdk-invocation-id;amz-sdk-request;content-length;content-type;host;x-amz-date, Signature=*****" http.url=https://ec2.eu-west-1.amazonaws.com/ rpc.service=EC2 tf_aws.sdk=aws-sdk-go-v2 tf_resource_type=aws_vpc tf_rpc=ReadResource
  http.request.body=
  | Action=DescribeVpcAttribute&Attribute=enableDnsSupport&Version=2016-11-15&VpcId=vpc-0705f0a7ccf33b1ad
   tf_aws.signing_region="" tf_provider_addr=registry.terraform.io/hashicorp/aws tf_req_id=7a8b7b23-d360-e016-5aac-89c5b3d994dd aws.region=eu-west-1 http.request.header.amz_sdk_request="attempt=1; max=25" net.peer.name=ec2.eu-west-1.amazonaws.com rpc.system=aws-api tf_mux_provider="*schema.GRPCProviderServer" @module=aws timestamp="2026-09-27T23:26:14.848+0100"
2026-09-27T23:26:14.987+0100 [DEBUG] provider.terraform-provider-aws_v5.100.0_x5.exe: HTTP Response Received: http.response.header.content_type=text/xml;charset=UTF-8 http.response.header.date="Sun, 27 Sep 2026 22:26:14 GMT" http.response.header.x_amzn_requestid=c215422f-14da-4278-9b41-096f8ecd0631 rpc.service=EC2 http.response.header.strict_transport_security="max-age=31536000; includeSubDomains" http.response_content_length=331 rpc.method=DescribeVpcAttribute rpc.system=aws-api tf_aws.sdk=aws-sdk-go-v2 tf_mux_provider="*schema.GRPCProviderServer" tf_provider_addr=registry.terraform.io/hashicorp/aws tf_aws.signing_region="" tf_resource_type=aws_vpc aws.region=eu-west-1
  http.response.body=
  | <?xml version="1.0" encoding="UTF-8"?>
  | <DescribeVpcAttributeResponse xmlns="http://ec2.amazonaws.com/doc/2016-11-15/">
  |     <requestId>c215422f-14da-4278-9b41-096f8ecd0631</requestId>
  |     <vpcId>vpc-0705f0a7ccf33b1ad</vpcId>
  |     <enableDnsSupport>
  |         <value>true</value>
  |     </enableDnsSupport>
  | </DescribeVpcAttributeResponse>
   http.response.header.cache_control="no-cache, no-store" http.response.header.server=AmazonEC2 http.status_code=200 tf_req_id=7a8b7b23-d360-e016-5aac-89c5b3d994dd tf_rpc=ReadResource @caller=github.com/hashicorp/aws-sdk-go-base/v2@v2.0.0-beta.65/logging/tf_logger.go:45 @module=aws http.duration=138 timestamp="2026-09-27T23:26:14.987+0100"
2026-09-27T23:26:14.987+0100 [DEBUG] provider.terraform-provider-aws_v5.100.0_x5.exe: [DEBUG] Waiting for state to become: [success]
2026-09-27T23:26:14.989+0100 [DEBUG] provider.terraform-provider-aws_v5.100.0_x5.exe: HTTP Request Sent: http.request.header.amz_sdk_invocation_id=96480b5c-b615-4b97-9b71-151ac9b41f97 http.request.header.amz_sdk_request="attempt=1; max=25" http.url=https://ec2.eu-west-1.amazonaws.com/ rpc.service=EC2 rpc.system=aws-api http.request.header.content_type=application/x-www-form-urlencoded http.request.header.x_amz_date=20260927T222614Z http.request_content_length=117 http.user_agent="APN/1.0 HashiCorp/1.0 Terraform/1.15.3 (+https://www.terraform.io) terraform-provider-aws/5.100.0 (+https://registry.terraform.io/providers/hashicorp/aws) aws-sdk-go-v2/1.36.3 ua/2.1 os/windows lang/go#1.23.10 md/GOOS#windows md/GOARCH#amd64 api/ec2#1.224.1 m/n" tf_aws.signing_region="" tf_provider_addr=registry.terraform.io/hashicorp/aws @caller=github.com/hashicorp/aws-sdk-go-base/v2@v2.0.0-beta.65/logging/tf_logger.go:45 aws.region=eu-west-1 http.method=POST http.request.header.authorization="AWS4-HMAC-SHA256 Credential=AKIA************SZUM/20260927/eu-west-1/ec2/aws4_request, SignedHeaders=amz-sdk-invocation-id;amz-sdk-request;content-length;content-type;host;x-amz-date, Signature=*****" net.peer.name=ec2.eu-west-1.amazonaws.com tf_mux_provider="*schema.GRPCProviderServer" @module=aws rpc.method=DescribeVpcAttribute tf_aws.sdk=aws-sdk-go-v2 tf_req_id=7a8b7b23-d360-e016-5aac-89c5b3d994dd tf_resource_type=aws_vpc tf_rpc=ReadResource
  http.request.body=
  | Action=DescribeVpcAttribute&Attribute=enableNetworkAddressUsageMetrics&Version=2016-11-15&VpcId=vpc-0705f0a7ccf33b1ad
   timestamp="2026-09-27T23:26:14.989+0100"
2026-09-27T23:26:15.041+0100 [DEBUG] provider.terraform-provider-aws_v5.100.0_x5.exe: [DEBUG] Waiting for state to become: [success]
2026-09-27T23:26:15.042+0100 [DEBUG] provider.terraform-provider-aws_v5.100.0_x5.exe: [DEBUG] Waiting for state to become: [success]
2026-09-27T23:26:15.042+0100 [DEBUG] provider.terraform-provider-aws_v5.100.0_x5.exe: HTTP Request Sent: tf_provider_addr=registry.terraform.io/hashicorp/aws tf_req_id=e7ae37ff-b11d-c91d-53f8-54d0613283c7 aws.region=eu-west-1 http.method=POST rpc.method=ListAttachedRolePolicies rpc.system=aws-api tf_resource_type=aws_iam_role_policy_attachment tf_rpc=ReadResource http.request.header.amz_sdk_invocation_id=9b85d62b-a82d-4c16-86fc-503bc07c3673 http.request.header.amz_sdk_request="attempt=1; max=25" http.request.header.content_type=application/x-www-form-urlencoded http.url=https://iam.amazonaws.com/ net.peer.name=iam.amazonaws.com rpc.service=IAM tf_aws.signing_region=""
  http.request.body=
  | Action=ListAttachedRolePolicies&RoleName=sportfolio-ecs-task-role&Version=2010-05-08
   http.request.header.x_amz_date=20260927T222615Z http.user_agent="APN/1.0 HashiCorp/1.0 Terraform/1.15.3 (+https://www.terraform.io) terraform-provider-aws/5.100.0 (+https://registry.terraform.io/providers/hashicorp/aws) aws-sdk-go-v2/1.36.3 ua/2.1 os/windows lang/go#1.23.10 md/GOOS#windows md/GOARCH#amd64 api/iam#1.42.0 m/C,n" tf_aws.sdk=aws-sdk-go-v2 @caller=github.com/hashicorp/aws-sdk-go-base/v2@v2.0.0-beta.65/logging/tf_logger.go:45 @module=aws http.request.header.authorization="AWS4-HMAC-SHA256 Credential=AKIA************SZUM/20260927/us-east-1/iam/aws4_request, SignedHeaders=amz-sdk-invocation-id;amz-sdk-request;content-length;content-type;host;x-amz-date, Signature=*****" http.request_content_length=84 tf_mux_provider="*schema.GRPCProviderServer" timestamp="2026-09-27T23:26:15.042+0100"
2026-09-27T23:26:15.074+0100 [DEBUG] provider.terraform-provider-aws_v5.100.0_x5.exe: HTTP Request Sent: http.request.header.amz_sdk_invocation_id=ffed4cd8-7674-4c29-8eeb-e4c2e2fa1d6c http.request.header.x_amz_target=AmazonEC2ContainerRegistry_V20150921.DescribeRepositories http.request_content_length=41 rpc.service=ECR tf_aws.sdk=aws-sdk-go-v2 @caller=github.com/hashicorp/aws-sdk-go-base/v2@v2.0.0-beta.65/logging/tf_logger.go:45 @module=aws http.request.header.amz_sdk_request="attempt=1; max=25" net.peer.name=api.ecr.eu-west-1.amazonaws.com tf_resource_type=aws_ecr_repository tf_rpc=ReadResource http.request.header.authorization="AWS4-HMAC-SHA256 Credential=AKIA************SZUM/20260927/eu-west-1/ecr/aws4_request, SignedHeaders=amz-sdk-invocation-id;amz-sdk-request;content-length;content-type;host;x-amz-date;x-amz-target, Signature=*****" http.request.header.content_type=application/x-amz-json-1.1 http.url=https://api.ecr.eu-west-1.amazonaws.com/ http.user_agent="APN/1.0 HashiCorp/1.0 Terraform/1.15.3 (+https://www.terraform.io) terraform-provider-aws/5.100.0 (+https://registry.terraform.io/providers/hashicorp/aws) aws-sdk-go-v2/1.36.3 ua/2.1 os/windows lang/go#1.23.10 md/GOOS#windows md/GOARCH#amd64 api/ecr#1.44.1 m/C,n" rpc.method=DescribeRepositories aws.region=eu-west-1
  http.request.body=
  | {"repositoryNames":["sportfolio-worker"]}
   http.request.header.x_amz_date=20260927T222615Z rpc.system=aws-api tf_aws.signing_region="" tf_mux_provider="*schema.GRPCProviderServer" tf_provider_addr=registry.terraform.io/hashicorp/aws tf_req_id=1de4c063-3d1d-5371-8482-a6f22294d598 http.method=POST timestamp="2026-09-27T23:26:15.073+0100"
2026-09-27T23:26:15.074+0100 [DEBUG] provider.terraform-provider-aws_v5.100.0_x5.exe: HTTP Request Sent: tf_req_id=e147c953-aef9-a830-b14b-045aa1585b27 http.request.header.amz_sdk_request="attempt=1; max=25" http.request.header.x_amz_content_sha256=e3b0c44298fc1c149afbf4c8996fb92427ae41e4649b934ca495991b7852b855 aws.region=eu-west-1 aws.s3.bucket=edgar-fitness-progess-photos http.method=HEAD http.request.header.x_amz_date=20260927T222615Z http.user_agent="APN/1.0 HashiCorp/1.0 Terraform/1.15.3 (+https://www.terraform.io) terraform-provider-aws/5.100.0 (+https://registry.terraform.io/providers/hashicorp/aws) aws-sdk-go-v2/1.36.3 ua/2.1 os/windows lang/go#1.23.10 md/GOOS#windows md/GOARCH#amd64 api/s3#1.80.1 m/n" net.peer.name=edgar-fitness-progess-photos.s3.eu-west-1.amazonaws.com http.request.header.amz_sdk_invocation_id=0625562d-22bf-46f4-bcc7-8fe7063f4910 http.request.header.authorization="AWS4-HMAC-SHA256 Credential=AKIA************SZUM/20260927/eu-west-1/s3/aws4_request, SignedHeaders=accept-encoding;amz-sdk-invocation-id;amz-sdk-request;host;x-amz-content-sha256;x-amz-date, Signature=*****" http.url=https://edgar-fitness-progess-photos.s3.eu-west-1.amazonaws.com/ tf_aws.sdk=aws-sdk-go-v2 tf_aws.signing_region="" tf_mux_provider="*schema.GRPCProviderServer" tf_resource_type=aws_s3_bucket tf_rpc=ReadResource @caller=github.com/hashicorp/aws-sdk-go-base/v2@v2.0.0-beta.65/logging/tf_logger.go:45 @module=aws http.request.body="" rpc.method=HeadBucket rpc.system=aws-api http.request.header.accept_encoding=identity rpc.service=S3 tf_provider_addr=registry.terraform.io/hashicorp/aws timestamp="2026-09-27T23:26:15.074+0100"
2026-09-27T23:26:15.085+0100 [DEBUG] provider.terraform-provider-aws_v5.100.0_x5.exe: HTTP Response Received: @caller=github.com/hashicorp/aws-sdk-go-base/v2@v2.0.0-beta.65/logging/tf_logger.go:45 aws.region=eu-west-1 rpc.service=EC2 rpc.system=aws-api tf_mux_provider="*schema.GRPCProviderServer" tf_req_id=7a8b7b23-d360-e016-5aac-89c5b3d994dd http.duration=95 http.response.header.cache_control="no-cache, no-store" http.response.header.server=AmazonEC2 tf_aws.signing_region="" tf_provider_addr=registry.terraform.io/hashicorp/aws tf_resource_type=aws_vpc @module=aws http.response.header.date="Sun, 27 Sep 2026 22:26:15 GMT" http.response.header.strict_transport_security="max-age=31536000; includeSubDomains" http.response.header.x_amzn_requestid=ad2b836c-e45e-4684-9069-879d0983c303 http.response_content_length=364 http.status_code=200 tf_aws.sdk=aws-sdk-go-v2 tf_rpc=ReadResource
  http.response.body=
  | <?xml version="1.0" encoding="UTF-8"?>
  | <DescribeVpcAttributeResponse xmlns="http://ec2.amazonaws.com/doc/2016-11-15/">
  |     <requestId>ad2b836c-e45e-4684-9069-879d0983c303</requestId>
  |     <vpcId>vpc-0705f0a7ccf33b1ad</vpcId>
  |     <enableNetworkAddressUsageMetrics>
  |         <value>false</value>
  |     </enableNetworkAddressUsageMetrics>
  | </DescribeVpcAttributeResponse>
   http.response.header.content_type=text/xml;charset=UTF-8 rpc.method=DescribeVpcAttribute timestamp="2026-09-27T23:26:15.085+0100"
2026-09-27T23:26:15.132+0100 [DEBUG] provider.terraform-provider-aws_v5.100.0_x5.exe: HTTP Response Received: http.response.header.content_type=application/xml rpc.system=aws-api tf_aws.signing_region="" http.duration=57 http.status_code=200 rpc.service=S3 tf_aws.sdk=aws-sdk-go-v2 tf_req_id=e147c953-aef9-a830-b14b-045aa1585b27 tf_rpc=ReadResource http.response.header.date="Sun, 27 Sep 2026 22:26:16 GMT" http.response.header.x_amz_access_point_alias=false @caller=github.com/hashicorp/aws-sdk-go-base/v2@v2.0.0-beta.65/logging/tf_logger.go:45 aws.region=eu-west-1 aws.s3.bucket=edgar-fitness-progess-photos http.response.body="" http.response.header.x_amz_bucket_region=eu-west-1 http.response.header.x_amz_bucket_arn=arn:aws:s3:::edgar-fitness-progess-photos http.response.header.x_amz_id_2="fYCgPdCQXBC7CB9yLGBaEPAdSqBWdjtQjFcIBEBOok6XPC+kdHywNVtol7PkMMy6FiIC3QkeGqMZxumUouXH2Sqg+OJ1hsHQ" http.response.header.x_amz_request_id=2B74PK6PYRGDQTQY rpc.method=HeadBucket tf_mux_provider="*schema.GRPCProviderServer" tf_provider_addr=registry.terraform.io/hashicorp/aws tf_resource_type=aws_s3_bucket http.response.header.server=AmazonS3 @module=aws timestamp="2026-09-27T23:26:15.131+0100"
2026-09-27T23:26:15.163+0100 [DEBUG] provider.terraform-provider-aws_v5.100.0_x5.exe: HTTP Response Received: http.response.header.x_amzn_requestid=0f330114-dead-47af-ae31-d791d04cc323 rpc.system=aws-api tf_aws.sdk=aws-sdk-go-v2 @caller=github.com/hashicorp/aws-sdk-go-base/v2@v2.0.0-beta.65/logging/tf_logger.go:45 aws.region=eu-west-1 http.duration=119 rpc.method=ListAttachedRolePolicies rpc.service=IAM tf_aws.signing_region="" tf_resource_type=aws_iam_role_policy_attachment @module=aws http.response.header.content_type=text/xml http.response_content_length=565 http.status_code=200 tf_mux_provider="*schema.GRPCProviderServer" tf_provider_addr=registry.terraform.io/hashicorp/aws tf_req_id=e7ae37ff-b11d-c91d-53f8-54d0613283c7 tf_rpc=ReadResource
  http.response.body=
  | <ListAttachedRolePoliciesResponse xmlns="https://iam.amazonaws.com/doc/2010-05-08/">
  |   <ListAttachedRolePoliciesResult>
  |     <IsTruncated>false</IsTruncated>
  |     <AttachedPolicies>
  |       <member>
  |         <PolicyArn>arn:aws:iam::234334047980:policy/sportfolio-worker-policies</PolicyArn>
  |         <PolicyName>sportfolio-worker-policies</PolicyName>
  |       </member>
  |     </AttachedPolicies>
  |   </ListAttachedRolePoliciesResult>
  |   <ResponseMetadata>
  |     <RequestId>0f330114-dead-47af-ae31-d791d04cc323</RequestId>
  |   </ResponseMetadata>
  | </ListAttachedRolePoliciesResponse>
   http.response.header.date="Sun, 27 Sep 2026 22:26:15 GMT" timestamp="2026-09-27T23:26:15.162+0100"
2026-09-27T23:26:15.167+0100 [DEBUG] provider.terraform-provider-aws_v5.100.0_x5.exe: HTTP Request Sent: http.url=https://edgar-fitness-progess-photos.s3.eu-west-1.amazonaws.com/?tagging= http.user_agent="APN/1.0 HashiCorp/1.0 Terraform/1.15.3 (+https://www.terraform.io) terraform-provider-aws/5.100.0 (+https://registry.terraform.io/providers/hashicorp/aws) aws-sdk-go-v2/1.36.3 ua/2.1 os/windows lang/go#1.23.10 md/GOOS#windows md/GOARCH#amd64 api/s3#1.80.1 m/n" tf_aws.sdk=aws-sdk-go-v2 tf_aws.signing_region="" tf_mux_provider="*schema.GRPCProviderServer" net.peer.name=edgar-fitness-progess-photos.s3.eu-west-1.amazonaws.com rpc.method=GetBucketTagging rpc.service=S3 rpc.system=aws-api tf_resource_type=aws_s3_bucket tf_rpc=ReadResource aws.region=eu-west-1 http.request.header.amz_sdk_invocation_id=46fdd53b-c2d9-4ec7-ac5a-e3d07d832785 http.request.header.amz_sdk_request="attempt=1; max=25" http.request.header.x_amz_date=20260927T222615Z tf_provider_addr=registry.terraform.io/hashicorp/aws tf_req_id=e147c953-aef9-a830-b14b-045aa1585b27 http.request.header.x_amz_content_sha256=e3b0c44298fc1c149afbf4c8996fb92427ae41e4649b934ca495991b7852b855 @caller=github.com/hashicorp/aws-sdk-go-base/v2@v2.0.0-beta.65/logging/tf_logger.go:45 @module=aws http.method=GET http.request.body="" http.request.header.accept_encoding=identity http.request.header.authorization="AWS4-HMAC-SHA256 Credential=AKIA************SZUM/20260927/eu-west-1/s3/aws4_request, SignedHeaders=accept-encoding;amz-sdk-invocation-id;amz-sdk-request;host;x-amz-content-sha256;x-amz-date, Signature=*****" timestamp="2026-09-27T23:26:15.167+0100"
2026-09-27T23:26:15.236+0100 [DEBUG] provider.terraform-provider-aws_v5.100.0_x5.exe: HTTP Response Received: http.status_code=200 tf_provider_addr=registry.terraform.io/hashicorp/aws http.response.header.x_amz_request_id=2B79DGRHQJDVS07B @caller=github.com/hashicorp/aws-sdk-go-base/v2@v2.0.0-beta.65/logging/tf_logger.go:45 http.duration=67
  http.response.body=
  | <?xml version="1.0" encoding="UTF-8"?>
  | <Tagging xmlns="http://s3.amazonaws.com/doc/2006-03-01/"><TagSet><Tag><Key>Project</Key><Value>sportfolio</Value></Tag><Tag><Key>Environment</Key><Value>production</Value></Tag><Tag><Key>ManagedBy</Key><Value>terraform</Value></Tag></TagSet></Tagging>
   http.response.header.date="Sun, 27 Sep 2026 22:26:16 GMT" aws.region=eu-west-1 rpc.system=aws-api tf_aws.sdk=aws-sdk-go-v2 tf_aws.signing_region="" tf_req_id=e147c953-aef9-a830-b14b-045aa1585b27 tf_resource_type=aws_s3_bucket http.response.header.x_amz_id_2="awzAKXdFUPdd+t7x/isF4TwFUS8oy4GNdS+d9V5gvBo0CeUwLPFc2+o1WsDo4uWrD3c1EUTjbkiQrpolVnoilQi/wXncFvgi" rpc.method=GetBucketTagging @module=aws http.response.header.server=AmazonS3 rpc.service=S3 tf_mux_provider="*schema.GRPCProviderServer" tf_rpc=ReadResource timestamp="2026-09-27T23:26:15.236+0100"
2026-09-27T23:26:15.309+0100 [WARN]  Provider "registry.terraform.io/hashicorp/aws" produced an invalid plan for module.progress_photo_s3.aws_s3_bucket.progress_photos, but we are tolerating it because it is using the legacy plugin SDK.
    The following problems may be the cause of any confusing errors from downstream operations:
      - .server_side_encryption_configuration: block count in plan (1) disagrees with count in config (0)
      - .versioning: block count in plan (1) disagrees with count in config (0)
2026-09-27T23:26:15.310+0100 [DEBUG] ReferenceTransformer: "module.progress_photo_s3.aws_s3_bucket_public_access_block.progress_photos" references: []
2026-09-27T23:26:15.310+0100 [DEBUG] ReferenceTransformer: "module.progress_photo_s3.aws_s3_bucket_versioning.progress_photos" references: []
2026-09-27T23:26:15.312+0100 [DEBUG] provider.terraform-provider-aws_v5.100.0_x5.exe: [DEBUG] Waiting for state to become: [Enabled Suspended Disabled]
2026-09-27T23:26:15.342+0100 [DEBUG] provider.terraform-provider-aws_v5.100.0_x5.exe: HTTP Request Sent: rpc.method=DescribeNetworkAcls rpc.system=aws-api @caller=github.com/hashicorp/aws-sdk-go-base/v2@v2.0.0-beta.65/logging/tf_logger.go:45 aws.region=eu-west-1 http.request.header.content_type=application/x-www-form-urlencoded http.user_agent="APN/1.0 HashiCorp/1.0 Terraform/1.15.3 (+https://www.terraform.io) terraform-provider-aws/5.100.0 (+https://registry.terraform.io/providers/hashicorp/aws) aws-sdk-go-v2/1.36.3 ua/2.1 os/windows lang/go#1.23.10 md/GOOS#windows md/GOARCH#amd64 api/ec2#1.224.1 m/C,n" tf_aws.sdk=aws-sdk-go-v2 tf_aws.signing_region="" tf_mux_provider="*schema.GRPCProviderServer" @module=aws http.method=POST
  http.request.body=
  | Action=DescribeNetworkAcls&Filter.1.Name=default&Filter.1.Value.1=true&Filter.2.Name=vpc-id&Filter.2.Value.1=vpc-0705f0a7ccf33b1ad&Version=2016-11-15
   net.peer.name=ec2.eu-west-1.amazonaws.com rpc.service=EC2 tf_rpc=ReadResource http.request.header.amz_sdk_invocation_id=429dd3df-d993-4cc4-9187-c14fabeb16e6 tf_provider_addr=registry.terraform.io/hashicorp/aws tf_req_id=7a8b7b23-d360-e016-5aac-89c5b3d994dd tf_resource_type=aws_vpc http.request.header.amz_sdk_request="attempt=1; max=25" http.request.header.authorization="AWS4-HMAC-SHA256 Credential=AKIA************SZUM/20260927/eu-west-1/ec2/aws4_request, SignedHeaders=amz-sdk-invocation-id;amz-sdk-request;content-length;content-type;host;x-amz-date, Signature=*****" http.request.header.x_amz_date=20260927T222615Z http.request_content_length=149 http.url=https://ec2.eu-west-1.amazonaws.com/ timestamp="2026-09-27T23:26:15.342+0100"
2026-09-27T23:26:15.347+0100 [DEBUG] provider.terraform-provider-aws_v5.100.0_x5.exe: HTTP Response Received: tf_aws.sdk=aws-sdk-go-v2 tf_aws.signing_region="" tf_mux_provider="*schema.GRPCProviderServer" tf_rpc=ReadResource @module=aws http.duration=272
  http.response.body=
  | {"repositories":[{"createdAt":1.790453316398E9,"encryptionConfiguration":{"encryptionType":"AES256"},"imageScanningConfiguration":{"scanOnPush":true},"imageTagMutability":"MUTABLE","registryId":"234334047980","repositoryArn":"arn:aws:ecr:eu-west-1:234334047980:repository/sportfolio-worker","repositoryName":"sportfolio-worker","repositoryUri":"234334047980.dkr.ecr.eu-west-1.amazonaws.com/sportfolio-worker"}]}
   http.response.header.date="Sun, 27 Sep 2026 22:26:15 GMT" tf_resource_type=aws_ecr_repository aws.region=eu-west-1 http.response.header.connection=keep-alive http.response.header.x_amzn_requestid=839dc10a-8489-4a28-a2e2-3c8390a6cadb rpc.method=DescribeRepositories tf_req_id=1de4c063-3d1d-5371-8482-a6f22294d598 @caller=github.com/hashicorp/aws-sdk-go-base/v2@v2.0.0-beta.65/logging/tf_logger.go:45 http.response_content_length=411 tf_provider_addr=registry.terraform.io/hashicorp/aws http.response.header.content_type=application/x-amz-json-1.1 http.status_code=200 rpc.service=ECR rpc.system=aws-api timestamp="2026-09-27T23:26:15.347+0100"
2026-09-27T23:26:15.355+0100 [DEBUG] provider.terraform-provider-aws_v5.100.0_x5.exe: HTTP Request Sent: tf_mux_provider="*schema.GRPCProviderServer" tf_provider_addr=registry.terraform.io/hashicorp/aws http.method=GET http.request.header.amz_sdk_request="attempt=1; max=25" rpc.method=GetPublicAccessBlock tf_rpc=ReadResource @caller=github.com/hashicorp/aws-sdk-go-base/v2@v2.0.0-beta.65/logging/tf_logger.go:45 aws.region=eu-west-1 http.request.body="" http.request.header.accept_encoding=identity http.request.header.x_amz_content_sha256=e3b0c44298fc1c149afbf4c8996fb92427ae41e4649b934ca495991b7852b855 http.request.header.x_amz_date=20260927T222615Z net.peer.name=edgar-fitness-progess-photos.s3.eu-west-1.amazonaws.com rpc.system=aws-api http.request.header.amz_sdk_invocation_id=12e89de9-7d5b-418f-bf46-a572d6150956 http.request.header.authorization="AWS4-HMAC-SHA256 Credential=AKIA************SZUM/20260927/eu-west-1/s3/aws4_request, SignedHeaders=accept-encoding;amz-sdk-invocation-id;amz-sdk-request;host;x-amz-content-sha256;x-amz-date, Signature=*****" tf_aws.sdk=aws-sdk-go-v2 tf_aws.signing_region="" tf_req_id=5cb994c5-226b-a4da-1747-f415ac501a20 tf_resource_type=aws_s3_bucket_public_access_block @module=aws http.url=https://edgar-fitness-progess-photos.s3.eu-west-1.amazonaws.com/?publicAccessBlock= http.user_agent="APN/1.0 HashiCorp/1.0 Terraform/1.15.3 (+https://www.terraform.io) terraform-provider-aws/5.100.0 (+https://registry.terraform.io/providers/hashicorp/aws) aws-sdk-go-v2/1.36.3 ua/2.1 os/windows lang/go#1.23.10 md/GOOS#windows md/GOARCH#amd64 api/s3#1.80.1 m/n" rpc.service=S3 timestamp="2026-09-27T23:26:15.355+0100"
2026-09-27T23:26:15.415+0100 [DEBUG] provider.terraform-provider-aws_v5.100.0_x5.exe: HTTP Response Received: http.duration=59 http.response.header.date="Sun, 27 Sep 2026 22:26:16 GMT" http.response.header.server=AmazonS3 http.response.header.x_amz_id_2=BLLida9cZ6bymesSyoMmpG3d5frxuMaFRk//nJY/0UzbQ7WARrVUgtZvrpB0Zf13nZjkGAGZtYEJ95TQjac4PFjhOfb83md5 rpc.method=GetPublicAccessBlock tf_resource_type=aws_s3_bucket_public_access_block @module=aws http.response.header.x_amz_request_id=2B77BJB9ZD1GRCF2 http.status_code=200 rpc.system=aws-api tf_aws.signing_region="" tf_provider_addr=registry.terraform.io/hashicorp/aws tf_req_id=5cb994c5-226b-a4da-1747-f415ac501a20
  http.response.body=
  | <?xml version="1.0" encoding="UTF-8"?>
  | <PublicAccessBlockConfiguration xmlns="http://s3.amazonaws.com/doc/2006-03-01/"><BlockPublicAcls>true</BlockPublicAcls><IgnorePublicAcls>true</IgnorePublicAcls><BlockPublicPolicy>true</BlockPublicPolicy><RestrictPublicBuckets>true</RestrictPublicBuckets></PublicAccessBlockConfiguration>
   rpc.service=S3 tf_mux_provider="*schema.GRPCProviderServer" tf_rpc=ReadResource aws.region=eu-west-1 tf_aws.sdk=aws-sdk-go-v2 @caller=github.com/hashicorp/aws-sdk-go-base/v2@v2.0.0-beta.65/logging/tf_logger.go:45 timestamp="2026-09-27T23:26:15.415+0100"
2026-09-27T23:26:15.445+0100 [DEBUG] provider.terraform-provider-aws_v5.100.0_x5.exe: HTTP Response Received: http.response.header.date="Sun, 27 Sep 2026 22:26:15 GMT" @caller=github.com/hashicorp/aws-sdk-go-base/v2@v2.0.0-beta.65/logging/tf_logger.go:45 @module=aws
  http.response.body=
  | <?xml version="1.0" encoding="UTF-8"?>
  | <DescribeNetworkAclsResponse xmlns="http://ec2.amazonaws.com/doc/2016-11-15/">
  |     <requestId>54cd7a2a-20a2-4e54-aa81-5ad29d23d81b</requestId>
  |     <networkAclSet>
  |         <item>
  |             <networkAclId>acl-0e8b2abc70f0441c0</networkAclId>
  |             <vpcId>vpc-0705f0a7ccf33b1ad</vpcId>
  |             <ownerId>234334047980</ownerId>
  |             <default>true</default>
  |             <entrySet>
  |                 <item>
  |                     <ruleNumber>100</ruleNumber>
  |                     <protocol>-1</protocol>
  |                     <ruleAction>allow</ruleAction>
  |                     <egress>true</egress>
  |                     <cidrBlock>0.0.0.0/0</cidrBlock>
  |                 </item>
  |                 <item>
  |                     <ruleNumber>32767</ruleNumber>
  |                     <protocol>-1</protocol>
  |                     <ruleAction>deny</ruleAction>
  |                     <egress>true</egress>
  |                     <cidrBlock>0.0.0.0/0</cidrBlock>
  |                 </item>
  |                 <item>
  |                     <ruleNumber>100</ruleNumber>
  |                     <protocol>-1</protocol>
  |                     <ruleAction>allow</ruleAction>
  |                     <egress>false</egress>
  |                     <cidrBlock>0.0.0.0/0</cidrBlock>
  |                 </item>
  |                 <item>
  |                     <ruleNumber>32767</ruleNumber>
  |                     <protocol>-1</protocol>
  |                     <ruleAction>deny</ruleAction>
  |                     <egress>false</egress>
  |                     <cidrBlock>0.0.0.0/0</cidrBlock>
  |                 </item>
  |             </entrySet>
  |             <associationSet>
  |                 <item>
  |                     <networkAclAssociationId>aclassoc-009f593b2c420aa2a</networkAclAssociationId>
  |                     <networkAclId>acl-0e8b2abc70f0441c0</networkAclId>
  |                     <subnetId>subnet-051e125a6360c6e78</subnetId>
  |                 </item>
  |                 <item>
  |                     <networkAclAssociationId>aclassoc-011807bfbe60878a7</networkAclAssociationId>
  |                     <networkAclId>acl-0e8b2abc70f0441c0</networkAclId>
  |                     <subnetId>subnet-0fffc66a981a031e4</subnetId>
  |                 </item>
  |                 <item>
  |                     <networkAclAssociationId>aclassoc-0fbe891498a99bbca</networkAclAssociationId>
  |                     <networkAclId>acl-0e8b2abc70f0441c0</networkAclId>
  |                     <subnetId>subnet-01de63012b72c51d4</subnetId>
  |                 </item>
  |             </associationSet>
  |             <tagSet/>
  |         </item>
  |     </networkAclSet>
  | </DescribeNetworkAclsResponse>
   http.response.header.x_amzn_requestid=54cd7a2a-20a2-4e54-aa81-5ad29d23d81b rpc.service=EC2 tf_aws.sdk=aws-sdk-go-v2 http.response.header.strict_transport_security="max-age=31536000; includeSubDomains" rpc.system=aws-api tf_aws.signing_region="" tf_mux_provider="*schema.GRPCProviderServer" tf_resource_type=aws_vpc http.response.header.server=AmazonEC2 aws.region=eu-west-1 http.duration=101 http.response.header.cache_control="no-cache, no-store" http.response.header.content_type=text/xml;charset=UTF-8 http.status_code=200 tf_provider_addr=registry.terraform.io/hashicorp/aws tf_rpc=ReadResource http.response.header.vary=accept-encoding rpc.method=DescribeNetworkAcls tf_req_id=7a8b7b23-d360-e016-5aac-89c5b3d994dd timestamp="2026-09-27T23:26:15.444+0100"
2026-09-27T23:26:15.623+0100 [DEBUG] provider.terraform-provider-aws_v5.100.0_x5.exe: HTTP Request Sent: net.peer.name=api.ecr.eu-west-1.amazonaws.com tf_provider_addr=registry.terraform.io/hashicorp/aws tf_req_id=1de4c063-3d1d-5371-8482-a6f22294d598 tf_resource_type=aws_ecr_repository @module=aws aws.region=eu-west-1 http.request.header.content_type=application/x-amz-json-1.1 http.request.header.x_amz_date=20260927T222615Z http.request.header.x_amz_target=AmazonEC2ContainerRegistry_V20150921.ListTagsForResource http.user_agent="APN/1.0 HashiCorp/1.0 Terraform/1.15.3 (+https://www.terraform.io) terraform-provider-aws/5.100.0 (+https://registry.terraform.io/providers/hashicorp/aws) aws-sdk-go-v2/1.36.3 ua/2.1 os/windows lang/go#1.23.10 md/GOOS#windows md/GOARCH#amd64 api/ecr#1.44.1 m/n" tf_aws.signing_region="" http.method=POST http.request.header.authorization="AWS4-HMAC-SHA256 Credential=AKIA************SZUM/20260927/eu-west-1/ecr/aws4_request, SignedHeaders=amz-sdk-invocation-id;amz-sdk-request;content-length;content-type;host;x-amz-date;x-amz-target, Signature=*****" http.url=https://api.ecr.eu-west-1.amazonaws.com/ rpc.method=ListTagsForResource rpc.system=aws-api
  http.request.body=
  | {"resourceArn":"arn:aws:ecr:eu-west-1:234334047980:repository/sportfolio-worker"}
   http.request.header.amz_sdk_invocation_id=4a5343d6-e622-4d6d-b05f-7b8eec4e3834 http.request_content_length=81 rpc.service=ECR tf_aws.sdk=aws-sdk-go-v2 tf_mux_provider="*schema.GRPCProviderServer" tf_rpc=ReadResource @caller=github.com/hashicorp/aws-sdk-go-base/v2@v2.0.0-beta.65/logging/tf_logger.go:45 http.request.header.amz_sdk_request="attempt=1; max=25" timestamp="2026-09-27T23:26:15.622+0100"
2026-09-27T23:26:15.693+0100 [DEBUG] provider.terraform-provider-aws_v5.100.0_x5.exe: HTTP Response Received: http.response.header.content_type=application/x-amz-json-1.1 http.response.header.date="Sun, 27 Sep 2026 22:26:15 GMT" rpc.method=ListTagsForResource tf_provider_addr=registry.terraform.io/hashicorp/aws tf_resource_type=aws_ecr_repository @caller=github.com/hashicorp/aws-sdk-go-base/v2@v2.0.0-beta.65/logging/tf_logger.go:45 aws.region=eu-west-1
  http.response.body=
  | {"tags":[{"Key":"Project","Value":"sportfolio"},{"Key":"Environment","Value":"production"},{"Key":"ManagedBy","Value":"terraform"}]}
   http.response.header.connection=keep-alive http.response.header.x_amzn_requestid=f7c3dd21-0c70-49b3-9c35-e8258587358f rpc.service=ECR tf_rpc=ReadResource http.duration=69 rpc.system=aws-api tf_mux_provider="*schema.GRPCProviderServer" http.response_content_length=132 http.status_code=200 @module=aws tf_aws.sdk=aws-sdk-go-v2 tf_aws.signing_region="" tf_req_id=1de4c063-3d1d-5371-8482-a6f22294d598 timestamp="2026-09-27T23:26:15.692+0100"
2026-09-27T23:26:15.717+0100 [DEBUG] provider.terraform-provider-aws_v5.100.0_x5.exe: HTTP Request Sent: @module=aws http.request.header.authorization="AWS4-HMAC-SHA256 Credential=AKIA************SZUM/20260927/eu-west-1/ec2/aws4_request, SignedHeaders=amz-sdk-invocation-id;amz-sdk-request;content-length;content-type;host;x-amz-date, Signature=*****" http.request.header.content_type=application/x-www-form-urlencoded http.request_content_length=158 rpc.method=DescribeRouteTables rpc.system=aws-api tf_mux_provider="*schema.GRPCProviderServer" tf_provider_addr=registry.terraform.io/hashicorp/aws aws.region=eu-west-1 http.request.header.amz_sdk_invocation_id=823cc680-2fe8-4775-ab01-f2adb1bf4861 http.request.header.x_amz_date=20260927T222615Z http.user_agent="APN/1.0 HashiCorp/1.0 Terraform/1.15.3 (+https://www.terraform.io) terraform-provider-aws/5.100.0 (+https://registry.terraform.io/providers/hashicorp/aws) aws-sdk-go-v2/1.36.3 ua/2.1 os/windows lang/go#1.23.10 md/GOOS#windows md/GOARCH#amd64 api/ec2#1.224.1 m/C,n" tf_aws.sdk=aws-sdk-go-v2 tf_req_id=7a8b7b23-d360-e016-5aac-89c5b3d994dd tf_resource_type=aws_vpc @caller=github.com/hashicorp/aws-sdk-go-base/v2@v2.0.0-beta.65/logging/tf_logger.go:45 http.method=POST
  http.request.body=
  | Action=DescribeRouteTables&Filter.1.Name=association.main&Filter.1.Value.1=true&Filter.2.Name=vpc-id&Filter.2.Value.1=vpc-0705f0a7ccf33b1ad&Version=2016-11-15
   rpc.service=EC2 tf_aws.signing_region="" http.request.header.amz_sdk_request="attempt=1; max=25" http.url=https://ec2.eu-west-1.amazonaws.com/ net.peer.name=ec2.eu-west-1.amazonaws.com tf_rpc=ReadResource timestamp="2026-09-27T23:26:15.716+0100"
2026-09-27T23:26:15.796+0100 [WARN]  Provider "registry.terraform.io/hashicorp/aws" produced an invalid plan for module.ecr.aws_ecr_repository.health_worker, but we are tolerating it because it is using the legacy plugin SDK.
    The following problems may be the cause of any confusing errors from downstream operations:
      - .encryption_configuration: block count in plan (1) disagrees with count in config (0)
2026-09-27T23:26:15.798+0100 [DEBUG] ReferenceTransformer: "module.ecr.aws_ecr_lifecycle_policy.health_worker" references: []
2026-09-27T23:26:15.803+0100 [DEBUG] ReferenceTransformer: "module.fatsecret_fargate.aws_ecs_task_definition.worker" references: []
2026-09-27T23:26:15.806+0100 [DEBUG] provider.terraform-provider-aws_v5.100.0_x5.exe: [DEBUG] Waiting for state to become: [success]
2026-09-27T23:26:15.810+0100 [DEBUG] provider.terraform-provider-aws_v5.100.0_x5.exe: HTTP Response Received: tf_aws.signing_region="" aws.region=eu-west-1 http.response.header.date="Sun, 27 Sep 2026 22:26:15 GMT" http.response.header.server=AmazonEC2 http.status_code=200 rpc.service=EC2 tf_req_id=7a8b7b23-d360-e016-5aac-89c5b3d994dd @caller=github.com/hashicorp/aws-sdk-go-base/v2@v2.0.0-beta.65/logging/tf_logger.go:45 tf_aws.sdk=aws-sdk-go-v2 tf_mux_provider="*schema.GRPCProviderServer" @module=aws http.duration=92 http.response.header.content_type=text/xml;charset=UTF-8 rpc.method=DescribeRouteTables tf_provider_addr=registry.terraform.io/hashicorp/aws tf_resource_type=aws_vpc tf_rpc=ReadResource
  http.response.body=
  | <?xml version="1.0" encoding="UTF-8"?>
  | <DescribeRouteTablesResponse xmlns="http://ec2.amazonaws.com/doc/2016-11-15/">
  |     <requestId>7b55a400-16fe-4da0-8f0e-8784e2d06bbc</requestId>
  |     <routeTableSet>
  |         <item>
  |             <routeTableId>rtb-0fb820d92262b8be5</routeTableId>
  |             <vpcId>vpc-0705f0a7ccf33b1ad</vpcId>
  |             <ownerId>234334047980</ownerId>
  |             <routeSet>
  |                 <item>
  |                     <destinationCidrBlock>10.0.0.0/16</destinationCidrBlock>
  |                     <gatewayId>local</gatewayId>
  |                     <state>active</state>
  |                     <origin>CreateRouteTable</origin>
  |                 </item>
  |             </routeSet>
  |             <associationSet>
  |                 <item>
  |                     <routeTableAssociationId>rtbassoc-040282b50b7e4fbc9</routeTableAssociationId>
  |                     <routeTableId>rtb-0fb820d92262b8be5</routeTableId>
  |                     <main>true</main>
  |                     <associationState>
  |                         <state>associated</state>
  |                     </associationState>
  |                 </item>
  |             </associationSet>
  |             <propagatingVgwSet/>
  |             <tagSet/>
  |         </item>
  |     </routeTableSet>
  | </DescribeRouteTablesResponse>
   http.response.header.cache_control="no-cache, no-store" http.response.header.strict_transport_security="max-age=31536000; includeSubDomains" http.response.header.x_amzn_requestid=7b55a400-16fe-4da0-8f0e-8784e2d06bbc http.response_content_length=1253 rpc.system=aws-api timestamp="2026-09-27T23:26:15.809+0100"
2026-09-27T23:26:15.866+0100 [DEBUG] provider.terraform-provider-aws_v5.100.0_x5.exe: HTTP Request Sent: http.request.header.x_amz_date=20260927T222615Z http.request.header.x_amz_target=AmazonEC2ContainerRegistry_V20150921.GetLifecyclePolicy @caller=github.com/hashicorp/aws-sdk-go-base/v2@v2.0.0-beta.65/logging/tf_logger.go:45 http.request.header.amz_sdk_invocation_id=240b927b-8682-42f7-a834-a54300c88a40 http.request.header.amz_sdk_request="attempt=1; max=25" http.user_agent="APN/1.0 HashiCorp/1.0 Terraform/1.15.3 (+https://www.terraform.io) terraform-provider-aws/5.100.0 (+https://registry.terraform.io/providers/hashicorp/aws) aws-sdk-go-v2/1.36.3 ua/2.1 os/windows lang/go#1.23.10 md/GOOS#windows md/GOARCH#amd64 api/ecr#1.44.1 m/n" rpc.method=GetLifecyclePolicy rpc.service=ECR tf_aws.signing_region="" http.request.header.content_type=application/x-amz-json-1.1 http.request_content_length=38 http.url=https://api.ecr.eu-west-1.amazonaws.com/ net.peer.name=api.ecr.eu-west-1.amazonaws.com rpc.system=aws-api tf_mux_provider="*schema.GRPCProviderServer" tf_provider_addr=registry.terraform.io/hashicorp/aws tf_resource_type=aws_ecr_lifecycle_policy @module=aws tf_aws.sdk=aws-sdk-go-v2 tf_req_id=53ae348a-1795-5531-e145-e44aaf96ad89 tf_rpc=ReadResource aws.region=eu-west-1 http.method=POST
  http.request.body=
  | {"repositoryName":"sportfolio-worker"}
   http.request.header.authorization="AWS4-HMAC-SHA256 Credential=AKIA************SZUM/20260927/eu-west-1/ecr/aws4_request, SignedHeaders=amz-sdk-invocation-id;amz-sdk-request;content-length;content-type;host;x-amz-date;x-amz-target, Signature=*****" timestamp="2026-09-27T23:26:15.865+0100"
2026-09-27T23:26:15.950+0100 [DEBUG] provider.terraform-provider-aws_v5.100.0_x5.exe: HTTP Request Sent: @caller=github.com/hashicorp/aws-sdk-go-base/v2@v2.0.0-beta.65/logging/tf_logger.go:45 @module=aws http.method=POST http.request.header.amz_sdk_invocation_id=570881ac-666e-43b3-a354-f3e0fa5fd674 rpc.system=aws-api
  http.request.body=
  | Action=DescribeSecurityGroups&Filter.1.Name=group-name&Filter.1.Value.1=default&Filter.2.Name=vpc-id&Filter.2.Value.1=vpc-0705f0a7ccf33b1ad&Version=2016-11-15
   http.request_content_length=158 http.url=https://ec2.eu-west-1.amazonaws.com/ http.user_agent="APN/1.0 HashiCorp/1.0 Terraform/1.15.3 (+https://www.terraform.io) terraform-provider-aws/5.100.0 (+https://registry.terraform.io/providers/hashicorp/aws) aws-sdk-go-v2/1.36.3 ua/2.1 os/windows lang/go#1.23.10 md/GOOS#windows md/GOARCH#amd64 api/ec2#1.224.1 m/C,n" tf_provider_addr=registry.terraform.io/hashicorp/aws tf_rpc=ReadResource http.request.header.authorization="AWS4-HMAC-SHA256 Credential=AKIA************SZUM/20260927/eu-west-1/ec2/aws4_request, SignedHeaders=amz-sdk-invocation-id;amz-sdk-request;content-length;content-type;host;x-amz-date, Signature=*****" http.request.header.content_type=application/x-www-form-urlencoded http.request.header.x_amz_date=20260927T222615Z aws.region=eu-west-1 rpc.method=DescribeSecurityGroups rpc.service=EC2 tf_mux_provider="*schema.GRPCProviderServer" net.peer.name=ec2.eu-west-1.amazonaws.com tf_aws.sdk=aws-sdk-go-v2 tf_aws.signing_region="" tf_req_id=7a8b7b23-d360-e016-5aac-89c5b3d994dd tf_resource_type=aws_vpc http.request.header.amz_sdk_request="attempt=1; max=25" timestamp="2026-09-27T23:26:15.949+0100"
2026-09-27T23:26:15.971+0100 [DEBUG] provider.terraform-provider-aws_v5.100.0_x5.exe: HTTP Response Received: http.duration=105 http.response.header.x_amzn_requestid=2f14b20f-8848-4777-9cb5-de8c598e308b rpc.service=ECR @caller=github.com/hashicorp/aws-sdk-go-base/v2@v2.0.0-beta.65/logging/tf_logger.go:45 http.response.header.content_type=application/x-amz-json-1.1 tf_provider_addr=registry.terraform.io/hashicorp/aws @module=aws http.response.header.connection=keep-alive http.response.header.date="Sun, 27 Sep 2026 22:26:15 GMT" http.status_code=200 tf_aws.signing_region="" tf_mux_provider="*schema.GRPCProviderServer" tf_resource_type=aws_ecr_lifecycle_policy tf_rpc=ReadResource aws.region=eu-west-1
  http.response.body=
  | {"lastEvaluatedAt":1.790517913571E9,"lifecyclePolicyText":"{\"rules\":[{\"rulePriority\":1,\"description\":\"Keep last 20 images\",\"selection\":{\"tagStatus\":\"any\",\"countType\":\"imageCountMoreThan\",\"countNumber\":20},\"action\":{\"type\":\"expire\"}}]}","registryId":"234334047980","repositoryName":"sportfolio-worker"}
   http.response_content_length=327 rpc.method=GetLifecyclePolicy rpc.system=aws-api tf_aws.sdk=aws-sdk-go-v2 tf_req_id=53ae348a-1795-5531-e145-e44aaf96ad89 timestamp="2026-09-27T23:26:15.971+0100"
2026-09-27T23:26:15.986+0100 [DEBUG] provider.terraform-provider-aws_v5.100.0_x5.exe: HTTP Request Sent: http.method=POST
  http.request.body=
  | {"include":["TAGS"],"taskDefinition":"arn:aws:ecs:eu-west-1:234334047980:task-definition/sportfolio-fatsecret:3"}
   http.request.header.authorization="AWS4-HMAC-SHA256 Credential=AKIA************SZUM/20260927/eu-west-1/ecs/aws4_request, SignedHeaders=amz-sdk-invocation-id;amz-sdk-request;content-length;content-type;host;x-amz-date;x-amz-target, Signature=*****" tf_aws.signing_region="" tf_req_id=83774169-63d4-7965-a0fc-dd3486ce3716 @caller=github.com/hashicorp/aws-sdk-go-base/v2@v2.0.0-beta.65/logging/tf_logger.go:45 http.request.header.amz_sdk_invocation_id=8ba7ac08-f003-4e38-a455-da4054a6a13e rpc.service=ECS tf_mux_provider="*schema.GRPCProviderServer" tf_rpc=ReadResource http.request.header.content_type=application/x-amz-json-1.1 aws.region=eu-west-1 http.request.header.amz_sdk_request="attempt=1; max=25" http.request_content_length=113 net.peer.name=ecs.eu-west-1.amazonaws.com rpc.method=DescribeTaskDefinition rpc.system=aws-api @module=aws http.request.header.x_amz_target=AmazonEC2ContainerServiceV20141113.DescribeTaskDefinition http.url=https://ecs.eu-west-1.amazonaws.com/ http.user_agent="APN/1.0 HashiCorp/1.0 Terraform/1.15.3 (+https://www.terraform.io) terraform-provider-aws/5.100.0 (+https://registry.terraform.io/providers/hashicorp/aws) aws-sdk-go-v2/1.36.3 ua/2.1 os/windows lang/go#1.23.10 md/GOOS#windows md/GOARCH#amd64 api/ecs#1.57.3 m/n" tf_aws.sdk=aws-sdk-go-v2 tf_provider_addr=registry.terraform.io/hashicorp/aws tf_resource_type=aws_ecs_task_definition http.request.header.x_amz_date=20260927T222615Z timestamp="2026-09-27T23:26:15.985+0100"
2026-09-27T23:26:16.135+0100 [DEBUG] provider.terraform-provider-aws_v5.100.0_x5.exe: HTTP Response Received: tf_mux_provider="*schema.GRPCProviderServer" tf_provider_addr=registry.terraform.io/hashicorp/aws tf_resource_type=aws_vpc @caller=github.com/hashicorp/aws-sdk-go-base/v2@v2.0.0-beta.65/logging/tf_logger.go:45 http.response.header.cache_control="no-cache, no-store" http.response.header.date="Sun, 27 Sep 2026 22:26:16 GMT" http.response.header.server=AmazonEC2 tf_req_id=7a8b7b23-d360-e016-5aac-89c5b3d994dd @module=aws
  http.response.body=
  | <?xml version="1.0" encoding="UTF-8"?>
  | <DescribeSecurityGroupsResponse xmlns="http://ec2.amazonaws.com/doc/2016-11-15/">
  |     <requestId>434383c5-08b5-404e-8f7e-f349438582ef</requestId>
  |     <securityGroupInfo>
  |         <item>
  |             <ownerId>234334047980</ownerId>
  |             <groupId>sg-0d419e5005a4bc894</groupId>
  |             <groupName>default</groupName>
  |             <groupDescription>default VPC security group</groupDescription>
  |             <vpcId>vpc-0705f0a7ccf33b1ad</vpcId>
  |             <ipPermissions>
  |                 <item>
  |                     <ipProtocol>-1</ipProtocol>
  |                     <groups>
  |                         <item>
  |                             <userId>234334047980</userId>
  |                             <groupId>sg-0d419e5005a4bc894</groupId>
  |                         </item>
  |                     </groups>
  |                     <ipRanges/>
  |                     <ipv6Ranges/>
  |                     <prefixListIds/>
  |                 </item>
  |             </ipPermissions>
  |             <ipPermissionsEgress>
  |                 <item>
  |                     <ipProtocol>-1</ipProtocol>
  |                     <groups/>
  |                     <ipRanges>
  |                         <item>
  |                             <cidrIp>0.0.0.0/0</cidrIp>
  |                         </item>
  |                     </ipRanges>
  |                     <ipv6Ranges/>
  |                     <prefixListIds/>
  |                 </item>
  |             </ipPermissionsEgress>
  |             <securityGroupArn>arn:aws:ec2:eu-west-1:234334047980:security-group/sg-0d419e5005a4bc894</securityGroupArn>
  |         </item>
  |     </securityGroupInfo>
  | </DescribeSecurityGroupsResponse>
   http.response.header.content_type=text/xml;charset=UTF-8 tf_rpc=ReadResource aws.region=eu-west-1 http.duration=184 http.response.header.x_amzn_requestid=434383c5-08b5-404e-8f7e-f349438582ef http.response_content_length=1631 http.status_code=200 rpc.system=aws-api tf_aws.signing_region="" http.response.header.strict_transport_security="max-age=31536000; includeSubDomains" rpc.method=DescribeSecurityGroups rpc.service=EC2 tf_aws.sdk=aws-sdk-go-v2 timestamp="2026-09-27T23:26:16.135+0100"
2026-09-27T23:26:16.284+0100 [WARN]  Provider "registry.terraform.io/hashicorp/aws" produced an invalid plan for module.network.aws_vpc.main, but we are tolerating it because it is using the legacy plugin SDK.
    The following problems may be the cause of any confusing errors from downstream operations:
      - .ipv6_ipam_pool_id: planned value cty.StringVal("") for a non-computed attribute
      - .instance_tenancy: planned value cty.StringVal("default") for a non-computed attribute
      - .assign_generated_ipv6_cidr_block: planned value cty.False for a non-computed attribute
      - .ipv6_netmask_length: planned value cty.NumberIntVal(0) for a non-computed attribute
2026-09-27T23:26:16.286+0100 [DEBUG] ReferenceTransformer: "module.network.aws_security_group.ecs" references: []
2026-09-27T23:26:16.287+0100 [DEBUG] ReferenceTransformer: "module.network.aws_route_table.public" references: []
2026-09-27T23:26:16.290+0100 [DEBUG] ReferenceTransformer: "module.network.aws_security_group.vpc_endpoint" references: []
2026-09-27T23:26:16.292+0100 [DEBUG] ReferenceTransformer: "module.network.aws_route_table.private" references: []
2026-09-27T23:26:16.308+0100 [DEBUG] ReferenceTransformer: "module.network.aws_subnet.private-a" references: []
2026-09-27T23:26:16.309+0100 [DEBUG] ReferenceTransformer: "module.network.aws_security_group.rds" references: []
2026-09-27T23:26:16.311+0100 [DEBUG] ReferenceTransformer: "module.network.aws_internet_gateway.main" references: []
2026-09-27T23:26:16.312+0100 [DEBUG] ReferenceTransformer: "module.network.aws_security_group.lambda" references: []
2026-09-27T23:26:16.314+0100 [DEBUG] ReferenceTransformer: "module.network.aws_subnet.public-a" references: []
2026-09-27T23:26:16.345+0100 [DEBUG] ReferenceTransformer: "module.network.aws_subnet.private-b" references: []
2026-09-27T23:26:16.375+0100 [DEBUG] provider.terraform-provider-aws_v5.100.0_x5.exe: [DEBUG] Waiting for state to become: [success]
2026-09-27T23:26:16.406+0100 [DEBUG] provider.terraform-provider-aws_v5.100.0_x5.exe: HTTP Response Received: rpc.service=ECS rpc.system=aws-api tf_resource_type=aws_ecs_task_definition tf_rpc=ReadResource http.response.header.x_amzn_requestid=74bbd179-a2df-4dfe-9d96-d742a04f0371 http.status_code=200 tf_mux_provider="*schema.GRPCProviderServer" tf_req_id=83774169-63d4-7965-a0fc-dd3486ce3716 @module=aws http.duration=310
  http.response.body=
  | {"tags":[{"key":"Project","value":"sportfolio"},{"key":"Environment","value":"production"},{"key":"ManagedBy","value":"terraform"}],"taskDefinition":{"compatibilities":["EC2","FARGATE","MANAGED_INSTANCES"],"containerDefinitions":[{"cpu":0,"environment":[{"name":"CERT_PATH","value":"/app/ingestion/global-bundle.pem"},{"name":"AWS_REGION","value":"eu-west-1"},{"name":"DATABASE_HOST","value":"sportfolio-db.chygqkmc6tj1.eu-west-1.rds.amazonaws.com"},{"name":"DB_USER","value":"sportfolio_admin"},{"name":"QUEUE_URL","value":"https://sqs.eu-west-1.amazonaws.com/234334047980/health-platform-fatsecret"},{"name":"WORKER_PROVIDER","value":"fatsecret"},{"name":"REDIS_URL","value":""},{"name":"DATABASE_PASSWORD","value":"8yM6RTB5r5Cnsx4Zud8q"}],"essential":true,"image":"234334047980.dkr.ecr.eu-west-1.amazonaws.com/sportfolio-worker","logConfiguration":{"logDriver":"awslogs","options":{"awslogs-group":"/ecs/sportfolio/health-platform-fatsecret-worker-logs","awslogs-region":"eu-west-1","awslogs-stream-prefix":"worker"}},"mountPoints":[],"name":"worker","portMappings":[],"systemControls":[],"volumesFrom":[]}],"cpu":"1024","executionRoleArn":"arn:aws:iam::234334047980:role/sportfolio-ecs-execution-role","family":"sportfolio-fatsecret","memory":"2048","networkMode":"awsvpc","placementConstraints":[],"registeredAt":1.79054702429E9,"registeredBy":"arn:aws:sts::234334047980:assumed-role/github-bootstrap-role/GitHubActions","requiresAttributes":[{"name":"com.amazonaws.ecs.capability.logging-driver.awslogs"},{"name":"ecs.capability.execution-role-awslogs"},{"name":"com.amazonaws.ecs.capability.ecr-auth"},{"name":"com.amazonaws.ecs.capability.docker-remote-api.1.19"},{"name":"com.amazonaws.ecs.capability.task-iam-role"},{"name":"ecs.capability.execution-role-ecr-pull"},{"name":"com.amazonaws.ecs.capability.docker-remote-api.1.18"},{"name":"ecs.capability.task-eni"}],"requiresCompatibilities":["FARGATE"],"revision":3,"status":"ACTIVE","taskDefinitionArn":"arn:aws:ecs:eu-west-1:234334047980:task-definition/sportfolio-fatsecret:3","taskRoleArn":"arn:aws:iam::234334047980:role/sportfolio-ecs-task-role","volumes":[]}}
   http.response.header.content_type=application/x-amz-json-1.1 tf_aws.signing_region="" @caller=github.com/hashicorp/aws-sdk-go-base/v2@v2.0.0-beta.65/logging/tf_logger.go:45 aws.region=eu-west-1 http.response.header.date="Sun, 27 Sep 2026 22:26:16 GMT" http.response_content_length=2126 rpc.method=DescribeTaskDefinition tf_aws.sdk=aws-sdk-go-v2 tf_provider_addr=registry.terraform.io/hashicorp/aws timestamp="2026-09-27T23:26:16.406+0100"
2026-09-27T23:26:16.425+0100 [DEBUG] provider.terraform-provider-aws_v5.100.0_x5.exe: [DEBUG] Waiting for state to become: [success]
2026-09-27T23:26:16.457+0100 [DEBUG] provider.terraform-provider-aws_v5.100.0_x5.exe: HTTP Request Sent: http.request.header.x_amz_date=20260927T222616Z rpc.service=EC2 rpc.system=aws-api tf_req_id=04341eb3-101e-eb41-7705-3760cb1c6a87 @caller=github.com/hashicorp/aws-sdk-go-base/v2@v2.0.0-beta.65/logging/tf_logger.go:45 http.url=https://ec2.eu-west-1.amazonaws.com/ tf_mux_provider="*schema.GRPCProviderServer" tf_provider_addr=registry.terraform.io/hashicorp/aws http.request_content_length=79 @module=aws aws.region=eu-west-1 http.method=POST http.request.header.amz_sdk_invocation_id=f11b85d1-6061-414e-9ae7-d810ef3557af http.request.header.authorization="AWS4-HMAC-SHA256 Credential=AKIA************SZUM/20260927/eu-west-1/ec2/aws4_request, SignedHeaders=amz-sdk-invocation-id;amz-sdk-request;content-length;content-type;host;x-amz-date, Signature=*****" rpc.method=DescribeSecurityGroups http.request.header.amz_sdk_request="attempt=1; max=25" http.request.header.content_type=application/x-www-form-urlencoded http.user_agent="APN/1.0 HashiCorp/1.0 Terraform/1.15.3 (+https://www.terraform.io) terraform-provider-aws/5.100.0 (+https://registry.terraform.io/providers/hashicorp/aws) aws-sdk-go-v2/1.36.3 ua/2.1 os/windows lang/go#1.23.10 md/GOOS#windows md/GOARCH#amd64 api/ec2#1.224.1 m/C,n" net.peer.name=ec2.eu-west-1.amazonaws.com tf_aws.sdk=aws-sdk-go-v2 tf_aws.signing_region="" tf_resource_type=aws_security_group tf_rpc=ReadResource
  http.request.body=
  | Action=DescribeSecurityGroups&GroupId.1=sg-0b688d88bf9f0e287&Version=2016-11-15
   timestamp="2026-09-27T23:26:16.456+0100"
2026-09-27T23:26:16.459+0100 [DEBUG] provider.terraform-provider-aws_v5.100.0_x5.exe: [DEBUG] Waiting for state to become: [success]
2026-09-27T23:26:16.511+0100 [DEBUG] provider.terraform-provider-aws_v5.100.0_x5.exe: [DEBUG] Waiting for state to become: [success]
2026-09-27T23:26:16.522+0100 [DEBUG] provider.terraform-provider-aws_v5.100.0_x5.exe: HTTP Request Sent: tf_aws.sdk=aws-sdk-go-v2 tf_aws.signing_region="" http.request_content_length=92 rpc.system=aws-api tf_mux_provider="*schema.GRPCProviderServer" tf_provider_addr=registry.terraform.io/hashicorp/aws tf_rpc=ReadResource @caller=github.com/hashicorp/aws-sdk-go-base/v2@v2.0.0-beta.65/logging/tf_logger.go:45 http.request.header.authorization="AWS4-HMAC-SHA256 Credential=AKIA************SZUM/20260927/eu-west-1/ec2/aws4_request, SignedHeaders=amz-sdk-invocation-id;amz-sdk-request;content-length;content-type;host;x-amz-date, Signature=*****" http.request.header.content_type=application/x-www-form-urlencoded http.request.header.x_amz_date=20260927T222616Z http.url=https://ec2.eu-west-1.amazonaws.com/ tf_resource_type=aws_internet_gateway aws.region=eu-west-1 http.method=POST
  http.request.body=
  | Action=DescribeInternetGateways&InternetGatewayId.1=igw-07f9383ca67f62c6c&Version=2016-11-15
   http.request.header.amz_sdk_invocation_id=4103f7f3-faca-4e20-beab-54171b5f8a47 rpc.method=DescribeInternetGateways rpc.service=EC2 tf_req_id=b0b27c55-3d06-d81d-08a1-da9657e1ce54 @module=aws http.request.header.amz_sdk_request="attempt=1; max=25" http.user_agent="APN/1.0 HashiCorp/1.0 Terraform/1.15.3 (+https://www.terraform.io) terraform-provider-aws/5.100.0 (+https://registry.terraform.io/providers/hashicorp/aws) aws-sdk-go-v2/1.36.3 ua/2.1 os/windows lang/go#1.23.10 md/GOOS#windows md/GOARCH#amd64 api/ec2#1.224.1 m/C,n" net.peer.name=ec2.eu-west-1.amazonaws.com timestamp="2026-09-27T23:26:16.522+0100"
2026-09-27T23:26:16.692+0100 [DEBUG] provider.terraform-provider-aws_v5.100.0_x5.exe: HTTP Request Sent: http.method=POST
  http.request.body=
  | Action=DescribeSecurityGroups&GroupId.1=sg-0fc2558523c6123bb&Version=2016-11-15
   rpc.method=DescribeSecurityGroups rpc.service=EC2 tf_aws.sdk=aws-sdk-go-v2 tf_aws.signing_region="" @module=aws http.request.header.x_amz_date=20260927T222616Z net.peer.name=ec2.eu-west-1.amazonaws.com tf_provider_addr=registry.terraform.io/hashicorp/aws tf_req_id=01a559a8-2db3-9f9c-973a-6c1d748d3b76 http.request.header.amz_sdk_request="attempt=1; max=25" http.request.header.authorization="AWS4-HMAC-SHA256 Credential=AKIA************SZUM/20260927/eu-west-1/ec2/aws4_request, SignedHeaders=amz-sdk-invocation-id;amz-sdk-request;content-length;content-type;host;x-amz-date, Signature=*****" http.request.header.content_type=application/x-www-form-urlencoded http.request_content_length=79 http.url=https://ec2.eu-west-1.amazonaws.com/ http.user_agent="APN/1.0 HashiCorp/1.0 Terraform/1.15.3 (+https://www.terraform.io) terraform-provider-aws/5.100.0 (+https://registry.terraform.io/providers/hashicorp/aws) aws-sdk-go-v2/1.36.3 ua/2.1 os/windows lang/go#1.23.10 md/GOOS#windows md/GOARCH#amd64 api/ec2#1.224.1 m/C,n" tf_rpc=ReadResource aws.region=eu-west-1 http.request.header.amz_sdk_invocation_id=e0f4cdc4-a455-4903-8da2-b0c5ab3388ee rpc.system=aws-api tf_mux_provider="*schema.GRPCProviderServer" tf_resource_type=aws_security_group @caller=github.com/hashicorp/aws-sdk-go-base/v2@v2.0.0-beta.65/logging/tf_logger.go:45 timestamp="2026-09-27T23:26:16.522+0100"
2026-09-27T23:26:16.693+0100 [DEBUG] provider.terraform-provider-aws_v5.100.0_x5.exe: HTTP Request Sent: @module=aws aws.region=eu-west-1 http.request.header.amz_sdk_invocation_id=8d14f27b-ab59-4d3c-b057-3983291d4fdf http.request.header.amz_sdk_request="attempt=1; max=25" http.url=https://edgar-fitness-progess-photos.s3.eu-west-1.amazonaws.com/?versioning= net.peer.name=edgar-fitness-progess-photos.s3.eu-west-1.amazonaws.com tf_aws.signing_region="" tf_provider_addr=registry.terraform.io/hashicorp/aws @caller=github.com/hashicorp/aws-sdk-go-base/v2@v2.0.0-beta.65/logging/tf_logger.go:45 http.method=GET http.request.header.authorization="AWS4-HMAC-SHA256 Credential=AKIA************SZUM/20260927/eu-west-1/s3/aws4_request, SignedHeaders=accept-encoding;amz-sdk-invocation-id;amz-sdk-request;host;x-amz-content-sha256;x-amz-date, Signature=*****" rpc.system=aws-api tf_req_id=6e014bc5-46ad-01af-f780-8b9a042d07d6 tf_resource_type=aws_s3_bucket_versioning http.request.body="" http.request.header.accept_encoding=identity http.request.header.x_amz_date=20260927T222616Z http.user_agent="APN/1.0 HashiCorp/1.0 Terraform/1.15.3 (+https://www.terraform.io) terraform-provider-aws/5.100.0 (+https://registry.terraform.io/providers/hashicorp/aws) aws-sdk-go-v2/1.36.3 ua/2.1 os/windows lang/go#1.23.10 md/GOOS#windows md/GOARCH#amd64 api/s3#1.80.1 m/n" rpc.service=S3 tf_aws.sdk=aws-sdk-go-v2 tf_mux_provider="*schema.GRPCProviderServer" http.request.header.x_amz_content_sha256=e3b0c44298fc1c149afbf4c8996fb92427ae41e4649b934ca495991b7852b855 rpc.method=GetBucketVersioning tf_rpc=ReadResource timestamp="2026-09-27T23:26:16.523+0100"
2026-09-27T23:26:16.693+0100 [DEBUG] provider.terraform-provider-aws_v5.100.0_x5.exe: HTTP Request Sent: @caller=github.com/hashicorp/aws-sdk-go-base/v2@v2.0.0-beta.65/logging/tf_logger.go:45 @module=aws aws.region=eu-west-1 http.request.header.amz_sdk_invocation_id=4edda80e-fa2d-4712-a87d-f21eeb8f3fd3 http.user_agent="APN/1.0 HashiCorp/1.0 Terraform/1.15.3 (+https://www.terraform.io) terraform-provider-aws/5.100.0 (+https://registry.terraform.io/providers/hashicorp/aws) aws-sdk-go-v2/1.36.3 ua/2.1 os/windows lang/go#1.23.10 md/GOOS#windows md/GOARCH#amd64 api/ec2#1.224.1 m/C,n" net.peer.name=ec2.eu-west-1.amazonaws.com rpc.system=aws-api tf_provider_addr=registry.terraform.io/hashicorp/aws
  http.request.body=
  | Action=DescribeRouteTables&RouteTableId.1=rtb-0b20a7ed58e4ef381&Version=2016-11-15
   http.request.header.content_type=application/x-www-form-urlencoded http.request.header.x_amz_date=20260927T222616Z http.url=https://ec2.eu-west-1.amazonaws.com/ tf_aws.sdk=aws-sdk-go-v2 tf_rpc=ReadResource http.method=POST http.request.header.authorization="AWS4-HMAC-SHA256 Credential=AKIA************SZUM/20260927/eu-west-1/ec2/aws4_request, SignedHeaders=amz-sdk-invocation-id;amz-sdk-request;content-length;content-type;host;x-amz-date, Signature=*****" rpc.method=DescribeRouteTables rpc.service=EC2 tf_aws.signing_region="" tf_mux_provider="*schema.GRPCProviderServer" tf_req_id=2206f37c-fb12-0489-8ef2-707720ad0791 http.request.header.amz_sdk_request="attempt=1; max=25" http.request_content_length=82 tf_resource_type=aws_route_table timestamp="2026-09-27T23:26:16.523+0100"
2026-09-27T23:26:16.693+0100 [DEBUG] provider.terraform-provider-aws_v5.100.0_x5.exe: HTTP Request Sent: @module=aws http.method=POST http.request.header.authorization="AWS4-HMAC-SHA256 Credential=AKIA************SZUM/20260927/eu-west-1/ec2/aws4_request, SignedHeaders=amz-sdk-invocation-id;amz-sdk-request;content-length;content-type;host;x-amz-date, Signature=*****" http.user_agent="APN/1.0 HashiCorp/1.0 Terraform/1.15.3 (+https://www.terraform.io) terraform-provider-aws/5.100.0 (+https://registry.terraform.io/providers/hashicorp/aws) aws-sdk-go-v2/1.36.3 ua/2.1 os/windows lang/go#1.23.10 md/GOOS#windows md/GOARCH#amd64 api/ec2#1.224.1 m/C,n" rpc.service=EC2 tf_aws.signing_region="" aws.region=eu-west-1 http.request.header.amz_sdk_invocation_id=a13bbcf1-21bd-4779-884f-43c9d138bebe http.request_content_length=82 net.peer.name=ec2.eu-west-1.amazonaws.com rpc.method=DescribeRouteTables tf_mux_provider="*schema.GRPCProviderServer" tf_resource_type=aws_route_table http.request.header.x_amz_date=20260927T222616Z @caller=github.com/hashicorp/aws-sdk-go-base/v2@v2.0.0-beta.65/logging/tf_logger.go:45
  http.request.body=
  | Action=DescribeRouteTables&RouteTableId.1=rtb-09171a87c93897a65&Version=2016-11-15
   tf_aws.sdk=aws-sdk-go-v2 tf_provider_addr=registry.terraform.io/hashicorp/aws tf_rpc=ReadResource http.request.header.amz_sdk_request="attempt=1; max=25" http.request.header.content_type=application/x-www-form-urlencoded http.url=https://ec2.eu-west-1.amazonaws.com/ rpc.system=aws-api tf_req_id=769d61c2-e458-f625-6e6b-78b4cce352dd timestamp="2026-09-27T23:26:16.463+0100"
2026-09-27T23:26:16.693+0100 [DEBUG] provider.terraform-provider-aws_v5.100.0_x5.exe: HTTP Request Sent: net.peer.name=ec2.eu-west-1.amazonaws.com http.request_content_length=79 rpc.service=EC2 tf_aws.sdk=aws-sdk-go-v2 tf_aws.signing_region="" tf_mux_provider="*schema.GRPCProviderServer" tf_provider_addr=registry.terraform.io/hashicorp/aws tf_req_id=a4f2d021-a66a-99af-32da-8ad0686995db tf_resource_type=aws_security_group http.request.header.authorization="AWS4-HMAC-SHA256 Credential=AKIA************SZUM/20260927/eu-west-1/ec2/aws4_request, SignedHeaders=amz-sdk-invocation-id;amz-sdk-request;content-length;content-type;host;x-amz-date, Signature=*****" http.request.header.content_type=application/x-www-form-urlencoded rpc.method=DescribeSecurityGroups tf_rpc=ReadResource @caller=github.com/hashicorp/aws-sdk-go-base/v2@v2.0.0-beta.65/logging/tf_logger.go:45
  http.request.body=
  | Action=DescribeSecurityGroups&GroupId.1=sg-0c8d987c287246a75&Version=2016-11-15
   http.request.header.x_amz_date=20260927T222616Z http.user_agent="APN/1.0 HashiCorp/1.0 Terraform/1.15.3 (+https://www.terraform.io) terraform-provider-aws/5.100.0 (+https://registry.terraform.io/providers/hashicorp/aws) aws-sdk-go-v2/1.36.3 ua/2.1 os/windows lang/go#1.23.10 md/GOOS#windows md/GOARCH#amd64 api/ec2#1.224.1 m/C,n" rpc.system=aws-api @module=aws aws.region=eu-west-1 http.method=POST http.request.header.amz_sdk_invocation_id=2e48ea2d-d83b-4f79-8cb5-27e010dbb9bb http.request.header.amz_sdk_request="attempt=1; max=25" http.url=https://ec2.eu-west-1.amazonaws.com/ timestamp="2026-09-27T23:26:16.546+0100"
2026-09-27T23:26:16.693+0100 [DEBUG] provider.terraform-provider-aws_v5.100.0_x5.exe: HTTP Response Received: http.status_code=200 tf_aws.sdk=aws-sdk-go-v2 http.duration=114
  http.response.body=
  | <?xml version="1.0" encoding="UTF-8"?>
  | <DescribeSecurityGroupsResponse xmlns="http://ec2.amazonaws.com/doc/2016-11-15/">
  |     <requestId>c5d71b32-1da7-41ca-83ed-4878177c4770</requestId>
  |     <securityGroupInfo>
  |         <item>
  |             <ownerId>234334047980</ownerId>
  |             <groupId>sg-0b688d88bf9f0e287</groupId>
  |             <groupName>sportfolio-ecs-sg</groupName>
  |             <groupDescription>Security group for ECS ingestion workers</groupDescription>
  |             <vpcId>vpc-0705f0a7ccf33b1ad</vpcId>
  |             <ipPermissions/>
  |             <ipPermissionsEgress>
  |                 <item>
  |                     <ipProtocol>-1</ipProtocol>
  |                     <groups/>
  |                     <ipRanges>
  |                         <item>
  |                             <cidrIp>0.0.0.0/0</cidrIp>
  |                         </item>
  |                     </ipRanges>
  |                     <ipv6Ranges/>
  |                     <prefixListIds/>
  |                 </item>
  |             </ipPermissionsEgress>
  |             <tagSet>
  |                 <item>
  |                     <key>Project</key>
  |                     <value>sportfolio</value>
  |                 </item>
  |                 <item>
  |                     <key>ManagedBy</key>
  |                     <value>terraform</value>
  |                 </item>
  |                 <item>
  |                     <key>Environment</key>
  |                     <value>production</value>
  |                 </item>
  |             </tagSet>
  |             <securityGroupArn>arn:aws:ec2:eu-west-1:234334047980:security-group/sg-0b688d88bf9f0e287</securityGroupArn>
  |         </item>
  |     </securityGroupInfo>
  | </DescribeSecurityGroupsResponse>
   http.response.header.date="Sun, 27 Sep 2026 22:26:16 GMT" http.response_content_length=1625 tf_aws.signing_region="" tf_provider_addr=registry.terraform.io/hashicorp/aws http.response.header.content_type=text/xml;charset=UTF-8 http.response.header.strict_transport_security="max-age=31536000; includeSubDomains" rpc.service=EC2 tf_mux_provider="*schema.GRPCProviderServer" @caller=github.com/hashicorp/aws-sdk-go-base/v2@v2.0.0-beta.65/logging/tf_logger.go:45 aws.region=eu-west-1 http.response.header.server=AmazonEC2 rpc.method=DescribeSecurityGroups rpc.system=aws-api tf_req_id=04341eb3-101e-eb41-7705-3760cb1c6a87 tf_resource_type=aws_security_group tf_rpc=ReadResource @module=aws http.response.header.cache_control="no-cache, no-store" http.response.header.x_amzn_requestid=c5d71b32-1da7-41ca-83ed-4878177c4770 timestamp="2026-09-27T23:26:16.571+0100"
2026-09-27T23:26:16.694+0100 [DEBUG] provider.terraform-provider-aws_v5.100.0_x5.exe: HTTP Response Received: http.response.header.server=AmazonS3 http.response.header.x_amz_id_2="Sks0QkhshE7oqRoqOhMxC9aU5yFfpL11yJpsy84rZSFBgqMbBflAaycA23d3zacE/ORfTrFasIsjAD+JW0zJwC3HmkeJLJKM" tf_aws.signing_region="" tf_provider_addr=registry.terraform.io/hashicorp/aws http.status_code=200 rpc.service=S3 rpc.system=aws-api tf_aws.sdk=aws-sdk-go-v2 tf_mux_provider="*schema.GRPCProviderServer" @module=aws
  http.response.body=
  | <?xml version="1.0" encoding="UTF-8"?>
  | <VersioningConfiguration xmlns="http://s3.amazonaws.com/doc/2006-03-01/"><Status>Enabled</Status></VersioningConfiguration>
   tf_req_id=6e014bc5-46ad-01af-f780-8b9a042d07d6 tf_resource_type=aws_s3_bucket_versioning @caller=github.com/hashicorp/aws-sdk-go-base/v2@v2.0.0-beta.65/logging/tf_logger.go:45 http.response.header.date="Sun, 27 Sep 2026 22:26:17 GMT" http.response.header.x_amz_request_id=2M9BCW3ZYNDRFZ61 rpc.method=GetBucketVersioning tf_rpc=ReadResource aws.region=eu-west-1 http.duration=60 timestamp="2026-09-27T23:26:16.584+0100"
2026-09-27T23:26:16.694+0100 [DEBUG] provider.terraform-provider-aws_v5.100.0_x5.exe: HTTP Response Received: http.response.header.x_amzn_requestid=3cd58b76-c642-4e52-ac30-71cbb510540d http.response_content_length=1204 tf_provider_addr=registry.terraform.io/hashicorp/aws tf_req_id=b0b27c55-3d06-d81d-08a1-da9657e1ce54
  http.response.body=
  | <?xml version="1.0" encoding="UTF-8"?>
  | <DescribeInternetGatewaysResponse xmlns="http://ec2.amazonaws.com/doc/2016-11-15/">
  |     <requestId>3cd58b76-c642-4e52-ac30-71cbb510540d</requestId>
  |     <internetGatewaySet>
  |         <item>
  |             <internetGatewayId>igw-07f9383ca67f62c6c</internetGatewayId>
  |             <ownerId>234334047980</ownerId>
  |             <attachmentSet>
  |                 <item>
  |                     <vpcId>vpc-0705f0a7ccf33b1ad</vpcId>
  |                     <state>available</state>
  |                 </item>
  |             </attachmentSet>
  |             <tagSet>
  |                 <item>
  |                     <key>Name</key>
  |                     <value>sportfolio-igw</value>
  |                 </item>
  |                 <item>
  |                     <key>Project</key>
  |                     <value>sportfolio</value>
  |                 </item>
  |                 <item>
  |                     <key>ManagedBy</key>
  |                     <value>terraform</value>
  |                 </item>
  |                 <item>
  |                     <key>Environment</key>
  |                     <value>production</value>
  |                 </item>
  |             </tagSet>
  |         </item>
  |     </internetGatewaySet>
  | </DescribeInternetGatewaysResponse>
   http.response.header.content_type=text/xml;charset=UTF-8 http.response.header.strict_transport_security="max-age=31536000; includeSubDomains" rpc.system=aws-api tf_aws.sdk=aws-sdk-go-v2 tf_aws.signing_region="" tf_mux_provider="*schema.GRPCProviderServer" @module=aws aws.region=eu-west-1 http.duration=111 http.response.header.date="Sun, 27 Sep 2026 22:26:16 GMT" http.response.header.server=AmazonEC2 tf_resource_type=aws_internet_gateway tf_rpc=ReadResource http.response.header.cache_control="no-cache, no-store" http.status_code=200 rpc.method=DescribeInternetGateways rpc.service=EC2 @caller=github.com/hashicorp/aws-sdk-go-base/v2@v2.0.0-beta.65/logging/tf_logger.go:45 timestamp="2026-09-27T23:26:16.633+0100"
2026-09-27T23:26:16.694+0100 [DEBUG] provider.terraform-provider-aws_v5.100.0_x5.exe: HTTP Request Sent: http.request.header.x_amz_date=20260927T222616Z tf_aws.sdk=aws-sdk-go-v2 tf_aws.signing_region="" tf_mux_provider="*schema.GRPCProviderServer" tf_rpc=ReadResource http.request.header.authorization="AWS4-HMAC-SHA256 Credential=AKIA************SZUM/20260927/eu-west-1/ec2/aws4_request, SignedHeaders=amz-sdk-invocation-id;amz-sdk-request;content-length;content-type;host;x-amz-date, Signature=*****" http.request_content_length=77 @caller=github.com/hashicorp/aws-sdk-go-base/v2@v2.0.0-beta.65/logging/tf_logger.go:45 @module=aws http.method=POST
  http.request.body=
  | Action=DescribeSubnets&SubnetId.1=subnet-051e125a6360c6e78&Version=2016-11-15
   http.user_agent="APN/1.0 HashiCorp/1.0 Terraform/1.15.3 (+https://www.terraform.io) terraform-provider-aws/5.100.0 (+https://registry.terraform.io/providers/hashicorp/aws) aws-sdk-go-v2/1.36.3 ua/2.1 os/windows lang/go#1.23.10 md/GOOS#windows md/GOARCH#amd64 api/ec2#1.224.1 m/C,n" rpc.method=DescribeSubnets rpc.service=EC2 rpc.system=aws-api tf_provider_addr=registry.terraform.io/hashicorp/aws tf_req_id=a0010c49-0565-85c8-130d-2967eb1ffe92 http.request.header.content_type=application/x-www-form-urlencoded aws.region=eu-west-1 http.request.header.amz_sdk_invocation_id=88ff3901-ad28-4976-a972-d65c635f0bfb http.request.header.amz_sdk_request="attempt=1; max=25" http.url=https://ec2.eu-west-1.amazonaws.com/ net.peer.name=ec2.eu-west-1.amazonaws.com tf_resource_type=aws_subnet timestamp="2026-09-27T23:26:16.659+0100"
2026-09-27T23:26:16.694+0100 [DEBUG] provider.terraform-provider-aws_v5.100.0_x5.exe: HTTP Response Received: http.response.header.x_amzn_requestid=19be82b4-4870-429a-a5d2-aea6a034b083 rpc.service=EC2 tf_aws.sdk=aws-sdk-go-v2 http.response.header.date="Sun, 27 Sep 2026 22:26:16 GMT" http.response.header.vary=accept-encoding tf_mux_provider="*schema.GRPCProviderServer" tf_resource_type=aws_security_group tf_rpc=ReadResource http.response.header.cache_control="no-cache, no-store" http.response.header.content_type=text/xml;charset=UTF-8 http.response.header.strict_transport_security="max-age=31536000; includeSubDomains" http.status_code=200 tf_req_id=01a559a8-2db3-9f9c-973a-6c1d748d3b76 http.response.header.server=AmazonEC2 rpc.method=DescribeSecurityGroups rpc.system=aws-api tf_aws.signing_region="" tf_provider_addr=registry.terraform.io/hashicorp/aws @caller=github.com/hashicorp/aws-sdk-go-base/v2@v2.0.0-beta.65/logging/tf_logger.go:45 @module=aws aws.region=eu-west-1 http.duration=157
  http.response.body=
  | <?xml version="1.0" encoding="UTF-8"?>
  | <DescribeSecurityGroupsResponse xmlns="http://ec2.amazonaws.com/doc/2016-11-15/">
  |     <requestId>19be82b4-4870-429a-a5d2-aea6a034b083</requestId>
  |     <securityGroupInfo>
  |         <item>
  |             <ownerId>234334047980</ownerId>
  |             <groupId>sg-0fc2558523c6123bb</groupId>
  |             <groupName>sportfolio-rds-sg</groupName>
  |             <groupDescription>Allow Postgres access from allowed IPs and ECS/Lambda</groupDescription>
  |             <vpcId>vpc-0705f0a7ccf33b1ad</vpcId>
  |             <ipPermissions>
  |                 <item>
  |                     <ipProtocol>tcp</ipProtocol>
  |                     <fromPort>5432</fromPort>
  |                     <toPort>5432</toPort>
  |                     <groups>
  |                         <item>
  |                             <userId>234334047980</userId>
  |                             <groupId>sg-0184e1eb3dcefde41</groupId>
  |                             <description>Postgres from dispatcher Lambda</description>
  |                         </item>
  |                         <item>
  |                             <userId>234334047980</userId>
  |                             <groupId>sg-0b688d88bf9f0e287</groupId>
  |                             <description>Postgres from ECS ingestion workers</description>
  |                         </item>
  |                     </groups>
  |                     <ipRanges>
  |                         <item>
  |                             <cidrIp>196.118.112.98/32</cidrIp>
  |                             <description>Postgres from allowed IPs</description>
  |                         </item>
  |                     </ipRanges>
  |                     <ipv6Ranges/>
  |                     <prefixListIds/>
  |                 </item>
  |             </ipPermissions>
  |             <ipPermissionsEgress>
  |                 <item>
  |                     <ipProtocol>-1</ipProtocol>
  |                     <groups/>
  |                     <ipRanges>
  |                         <item>
  |                             <cidrIp>0.0.0.0/0</cidrIp>
  |                         </item>
  |                     </ipRanges>
  |                     <ipv6Ranges/>
  |                     <prefixListIds/>
  |                 </item>
  |             </ipPermissionsEgress>
  |             <tagSet>
  |                 <item>
  |                     <key>Project</key>
  |                     <value>sportfolio</value>
  |                 </item>
  |                 <item>
  |                     <key>ManagedBy</key>
  |                     <value>terraform</value>
  |                 </item>
  |                 <item>
  |                     <key>Environment</key>
  |                     <value>production</value>
  |                 </item>
  |             </tagSet>
  |             <securityGroupArn>arn:aws:ec2:eu-west-1:234334047980:security-group/sg-0fc2558523c6123bb</securityGroupArn>
  |         </item>
  |     </securityGroupInfo>
  | </DescribeSecurityGroupsResponse>
   timestamp="2026-09-27T23:26:16.680+0100"
2026-09-27T23:26:16.695+0100 [DEBUG] provider.terraform-provider-aws_v5.100.0_x5.exe: [DEBUG] Local rule has more CIDR blocks, continuing (1/0)
2026-09-27T23:26:16.695+0100 [DEBUG] provider.terraform-provider-aws_v5.100.0_x5.exe: [DEBUG] Local rule has more CIDR blocks, continuing (1/0)
2026-09-27T23:26:16.695+0100 [DEBUG] provider.terraform-provider-aws_v5.100.0_x5.exe: [DEBUG] Local rule has more Security Groups, continuing (1/0)
2026-09-27T23:26:16.695+0100 [DEBUG] provider.terraform-provider-aws_v5.100.0_x5.exe: [DEBUG] Local rule has more Security Groups, continuing (1/0)
2026-09-27T23:26:16.695+0100 [DEBUG] provider.terraform-provider-aws_v5.100.0_x5.exe: [DEBUG] Local rule has more Security Groups, continuing (1/0)
2026-09-27T23:26:16.703+0100 [WARN]  Provider "registry.terraform.io/hashicorp/aws" produced an invalid plan for module.network.aws_security_group.ecs, but we are tolerating it because it is using the legacy plugin SDK.
    The following problems may be the cause of any confusing errors from downstream operations:
      - .revoke_rules_on_delete: planned value cty.False for a non-computed attribute
2026-09-27T23:26:16.707+0100 [WARN]  Provider "registry.terraform.io/hashicorp/aws" produced an invalid plan for module.network.aws_security_group.rds, but we are tolerating it because it is using the legacy plugin SDK.
    The following problems may be the cause of any confusing errors from downstream operations:
      - .revoke_rules_on_delete: planned value cty.False for a non-computed attribute
2026-09-27T23:26:16.708+0100 [DEBUG] provider.terraform-provider-aws_v5.100.0_x5.exe: HTTP Request Sent: rpc.service=EC2 rpc.system=aws-api tf_aws.sdk=aws-sdk-go-v2 http.request.header.amz_sdk_invocation_id=b57ff7f7-6497-4ecd-bcc3-bde123e85436 net.peer.name=ec2.eu-west-1.amazonaws.com tf_mux_provider="*schema.GRPCProviderServer" tf_req_id=8e8a6639-4237-3cc7-57bf-2ac161c8c33b aws.region=eu-west-1 http.request.header.amz_sdk_request="attempt=1; max=25" tf_aws.signing_region="" tf_provider_addr=registry.terraform.io/hashicorp/aws tf_resource_type=aws_security_group tf_rpc=ReadResource @caller=github.com/hashicorp/aws-sdk-go-base/v2@v2.0.0-beta.65/logging/tf_logger.go:45 @module=aws http.request.header.authorization="AWS4-HMAC-SHA256 Credential=AKIA************SZUM/20260927/eu-west-1/ec2/aws4_request, SignedHeaders=amz-sdk-invocation-id;amz-sdk-request;content-length;content-type;host;x-amz-date, Signature=*****" http.request.header.x_amz_date=20260927T222616Z http.request_content_length=79 rpc.method=DescribeSecurityGroups http.method=POST
  http.request.body=
  | Action=DescribeSecurityGroups&GroupId.1=sg-0184e1eb3dcefde41&Version=2016-11-15
   http.request.header.content_type=application/x-www-form-urlencoded http.url=https://ec2.eu-west-1.amazonaws.com/ http.user_agent="APN/1.0 HashiCorp/1.0 Terraform/1.15.3 (+https://www.terraform.io) terraform-provider-aws/5.100.0 (+https://registry.terraform.io/providers/hashicorp/aws) aws-sdk-go-v2/1.36.3 ua/2.1 os/windows lang/go#1.23.10 md/GOOS#windows md/GOARCH#amd64 api/ec2#1.224.1 m/C,n" timestamp="2026-09-27T23:26:16.708+0100"
2026-09-27T23:26:16.709+0100 [DEBUG] ReferenceTransformer: "module.network.aws_security_group_rule.rds_from_allowed_ips" references: []
2026-09-27T23:26:16.709+0100 [DEBUG] ReferenceTransformer: "module.network.aws_security_group_rule.rds_from_ecs" references: []
2026-09-27T23:26:16.711+0100 [DEBUG] provider.terraform-provider-aws_v5.100.0_x5.exe: [DEBUG] Waiting for state to become: [success]
2026-09-27T23:26:16.712+0100 [DEBUG] provider.terraform-provider-aws_v5.100.0_x5.exe: HTTP Request Sent: @caller=github.com/hashicorp/aws-sdk-go-base/v2@v2.0.0-beta.65/logging/tf_logger.go:45
  http.request.body=
  | Action=DescribeSubnets&SubnetId.1=subnet-01de63012b72c51d4&Version=2016-11-15
   http.request.header.amz_sdk_request="attempt=1; max=25" http.request.header.content_type=application/x-www-form-urlencoded rpc.service=EC2 tf_mux_provider="*schema.GRPCProviderServer" tf_req_id=8723dc99-5b14-8ea7-7e1d-f91c411a1e01 http.method=POST http.request.header.amz_sdk_invocation_id=f52281bf-60b6-4893-aec7-423c0f730bf3 http.user_agent="APN/1.0 HashiCorp/1.0 Terraform/1.15.3 (+https://www.terraform.io) terraform-provider-aws/5.100.0 (+https://registry.terraform.io/providers/hashicorp/aws) aws-sdk-go-v2/1.36.3 ua/2.1 os/windows lang/go#1.23.10 md/GOOS#windows md/GOARCH#amd64 api/ec2#1.224.1 m/C,n" rpc.method=DescribeSubnets rpc.system=aws-api tf_aws.sdk=aws-sdk-go-v2 tf_aws.signing_region="" @module=aws aws.region=eu-west-1 http.request.header.authorization="AWS4-HMAC-SHA256 Credential=AKIA************SZUM/20260927/eu-west-1/ec2/aws4_request, SignedHeaders=amz-sdk-invocation-id;amz-sdk-request;content-length;content-type;host;x-amz-date, Signature=*****" net.peer.name=ec2.eu-west-1.amazonaws.com tf_provider_addr=registry.terraform.io/hashicorp/aws http.request.header.x_amz_date=20260927T222616Z http.request_content_length=77 http.url=https://ec2.eu-west-1.amazonaws.com/ tf_resource_type=aws_subnet tf_rpc=ReadResource timestamp="2026-09-27T23:26:16.712+0100"
2026-09-27T23:26:16.754+0100 [DEBUG] provider.terraform-provider-aws_v5.100.0_x5.exe: [DEBUG] Waiting for state to become: [success]
2026-09-27T23:26:16.755+0100 [DEBUG] provider.terraform-provider-aws_v5.100.0_x5.exe: HTTP Request Sent: http.url=https://ec2.eu-west-1.amazonaws.com/ rpc.method=DescribeSubnets tf_aws.sdk=aws-sdk-go-v2 tf_aws.signing_region="" tf_resource_type=aws_subnet
  http.request.body=
  | Action=DescribeSubnets&SubnetId.1=subnet-0fffc66a981a031e4&Version=2016-11-15
   http.request.header.amz_sdk_request="attempt=1; max=25" http.user_agent="APN/1.0 HashiCorp/1.0 Terraform/1.15.3 (+https://www.terraform.io) terraform-provider-aws/5.100.0 (+https://registry.terraform.io/providers/hashicorp/aws) aws-sdk-go-v2/1.36.3 ua/2.1 os/windows lang/go#1.23.10 md/GOOS#windows md/GOARCH#amd64 api/ec2#1.224.1 m/C,n" net.peer.name=ec2.eu-west-1.amazonaws.com rpc.service=EC2 tf_mux_provider="*schema.GRPCProviderServer" @caller=github.com/hashicorp/aws-sdk-go-base/v2@v2.0.0-beta.65/logging/tf_logger.go:45 http.method=POST http.request.header.x_amz_date=20260927T222616Z http.request_content_length=77 rpc.system=aws-api tf_provider_addr=registry.terraform.io/hashicorp/aws tf_req_id=14ca5c9d-e301-695f-74f1-bd8e1e65474a aws.region=eu-west-1 http.request.header.authorization="AWS4-HMAC-SHA256 Credential=AKIA************SZUM/20260927/eu-west-1/ec2/aws4_request, SignedHeaders=amz-sdk-invocation-id;amz-sdk-request;content-length;content-type;host;x-amz-date, Signature=*****" tf_rpc=ReadResource @module=aws http.request.header.amz_sdk_invocation_id=fe0853b7-d895-4035-a377-39fae26b54ca http.request.header.content_type=application/x-www-form-urlencoded timestamp="2026-09-27T23:26:16.754+0100"
2026-09-27T23:26:16.792+0100 [DEBUG] provider.terraform-provider-aws_v5.100.0_x5.exe: HTTP Response Received: tf_mux_provider="*schema.GRPCProviderServer" aws.region=eu-west-1 http.response.header.content_type=text/xml;charset=UTF-8 http.response.header.strict_transport_security="max-age=31536000; includeSubDomains" http.response.header.x_amzn_requestid=08b740e7-a582-4296-83b6-6ebf82ef834c rpc.system=aws-api tf_aws.sdk=aws-sdk-go-v2 tf_provider_addr=registry.terraform.io/hashicorp/aws http.status_code=200 rpc.method=DescribeSecurityGroups tf_req_id=a4f2d021-a66a-99af-32da-8ad0686995db
  http.response.body=
  | <?xml version="1.0" encoding="UTF-8"?>
  | <DescribeSecurityGroupsResponse xmlns="http://ec2.amazonaws.com/doc/2016-11-15/">
  |     <requestId>08b740e7-a582-4296-83b6-6ebf82ef834c</requestId>
  |     <securityGroupInfo>
  |         <item>
  |             <ownerId>234334047980</ownerId>
  |             <groupId>sg-0c8d987c287246a75</groupId>
  |             <groupName>sportfolio-vpc-endpoint-sg</groupName>
  |             <groupDescription>Security group for VPC interface endpoints</groupDescription>
  |             <vpcId>vpc-0705f0a7ccf33b1ad</vpcId>
  |             <ipPermissions>
  |                 <item>
  |                     <ipProtocol>tcp</ipProtocol>
  |                     <fromPort>443</fromPort>
  |                     <toPort>443</toPort>
  |                     <groups>
  |                         <item>
  |                             <userId>234334047980</userId>
  |                             <groupId>sg-0184e1eb3dcefde41</groupId>
  |                             <description>HTTPS from dispatcher Lambda</description>
  |                         </item>
  |                         <item>
  |                             <userId>234334047980</userId>
  |                             <groupId>sg-0b688d88bf9f0e287</groupId>
  |                             <description>HTTPS from ECS ingestion workers</description>
  |                         </item>
  |                     </groups>
  |                     <ipRanges/>
  |                     <ipv6Ranges/>
  |                     <prefixListIds/>
  |                 </item>
  |             </ipPermissions>
  |             <ipPermissionsEgress>
  |                 <item>
  |                     <ipProtocol>-1</ipProtocol>
  |                     <groups/>
  |                     <ipRanges>
  |                         <item>
  |                             <cidrIp>0.0.0.0/0</cidrIp>
  |                         </item>
  |                     </ipRanges>
  |                     <ipv6Ranges/>
  |                     <prefixListIds/>
  |                 </item>
  |             </ipPermissionsEgress>
  |             <tagSet>
  |                 <item>
  |                     <key>ManagedBy</key>
  |                     <value>terraform</value>
  |                 </item>
  |                 <item>
  |                     <key>Project</key>
  |                     <value>sportfolio</value>
  |                 </item>
  |                 <item>
  |                     <key>Environment</key>
  |                     <value>production</value>
  |                 </item>
  |             </tagSet>
  |             <securityGroupArn>arn:aws:ec2:eu-west-1:234334047980:security-group/sg-0c8d987c287246a75</securityGroupArn>
  |         </item>
  |     </securityGroupInfo>
  | </DescribeSecurityGroupsResponse>
   http.response.header.server=AmazonEC2 rpc.service=EC2 tf_resource_type=aws_security_group tf_rpc=ReadResource @caller=github.com/hashicorp/aws-sdk-go-base/v2@v2.0.0-beta.65/logging/tf_logger.go:45 @module=aws http.duration=98 http.response.header.cache_control="no-cache, no-store" http.response.header.date="Sun, 27 Sep 2026 22:26:16 GMT" http.response.header.vary=accept-encoding tf_aws.signing_region="" timestamp="2026-09-27T23:26:16.792+0100"
2026-09-27T23:26:16.792+0100 [DEBUG] provider.terraform-provider-aws_v5.100.0_x5.exe: [DEBUG] Local rule has more Security Groups, continuing (1/0)
2026-09-27T23:26:16.795+0100 [DEBUG] provider.terraform-provider-aws_v5.100.0_x5.exe: HTTP Request Sent: tf_resource_type=aws_s3_bucket_versioning @caller=github.com/hashicorp/aws-sdk-go-base/v2@v2.0.0-beta.65/logging/tf_logger.go:45 aws.region=eu-west-1 http.request.header.accept_encoding=identity http.request.header.amz_sdk_request="attempt=1; max=25" http.request.header.x_amz_content_sha256=e3b0c44298fc1c149afbf4c8996fb92427ae41e4649b934ca495991b7852b855 rpc.method=GetBucketVersioning rpc.service=S3 tf_aws.signing_region="" @module=aws http.request.header.x_amz_date=20260927T222616Z http.url=https://edgar-fitness-progess-photos.s3.eu-west-1.amazonaws.com/?versioning= tf_mux_provider="*schema.GRPCProviderServer" http.request.header.amz_sdk_invocation_id=06eb1908-8bed-43ca-ae19-c4416e7db7c2 net.peer.name=edgar-fitness-progess-photos.s3.eu-west-1.amazonaws.com rpc.system=aws-api tf_provider_addr=registry.terraform.io/hashicorp/aws tf_req_id=6e014bc5-46ad-01af-f780-8b9a042d07d6 tf_rpc=ReadResource http.method=GET http.request.body="" http.request.header.authorization="AWS4-HMAC-SHA256 Credential=AKIA************SZUM/20260927/eu-west-1/s3/aws4_request, SignedHeaders=accept-encoding;amz-sdk-invocation-id;amz-sdk-request;host;x-amz-content-sha256;x-amz-date, Signature=*****" http.user_agent="APN/1.0 HashiCorp/1.0 Terraform/1.15.3 (+https://www.terraform.io) terraform-provider-aws/5.100.0 (+https://registry.terraform.io/providers/hashicorp/aws) aws-sdk-go-v2/1.36.3 ua/2.1 os/windows lang/go#1.23.10 md/GOOS#windows md/GOARCH#amd64 api/s3#1.80.1 m/n" tf_aws.sdk=aws-sdk-go-v2 timestamp="2026-09-27T23:26:16.795+0100"
2026-09-27T23:26:16.799+0100 [DEBUG] provider.terraform-provider-aws_v5.100.0_x5.exe: HTTP Response Received: rpc.system=aws-api tf_aws.sdk=aws-sdk-go-v2 tf_aws.signing_region="" tf_mux_provider="*schema.GRPCProviderServer" http.response.header.date="Sun, 27 Sep 2026 22:26:16 GMT" http.response.header.x_amzn_requestid=ede284a5-0bb9-4b47-9286-72f6c63e1ea5 tf_provider_addr=registry.terraform.io/hashicorp/aws tf_req_id=769d61c2-e458-f625-6e6b-78b4cce352dd tf_resource_type=aws_route_table tf_rpc=ReadResource
  http.response.body=
  | <?xml version="1.0" encoding="UTF-8"?>
  | <DescribeRouteTablesResponse xmlns="http://ec2.amazonaws.com/doc/2016-11-15/">
  |     <requestId>ede284a5-0bb9-4b47-9286-72f6c63e1ea5</requestId>
  |     <routeTableSet>
  |         <item>
  |             <routeTableId>rtb-09171a87c93897a65</routeTableId>
  |             <vpcId>vpc-0705f0a7ccf33b1ad</vpcId>
  |             <ownerId>234334047980</ownerId>
  |             <routeSet>
  |                 <item>
  |                     <destinationCidrBlock>10.0.0.0/16</destinationCidrBlock>
  |                     <gatewayId>local</gatewayId>
  |                     <state>active</state>
  |                     <origin>CreateRouteTable</origin>
  |                 </item>
  |                 <item>
  |                     <destinationCidrBlock>0.0.0.0/0</destinationCidrBlock>
  |                     <gatewayId>igw-07f9383ca67f62c6c</gatewayId>
  |                     <state>active</state>
  |                     <origin>CreateRoute</origin>
  |                 </item>
  |             </routeSet>
  |             <associationSet>
  |                 <item>
  |                     <routeTableAssociationId>rtbassoc-0bb0a1b1b1aba1d02</routeTableAssociationId>
  |                     <routeTableId>rtb-09171a87c93897a65</routeTableId>
  |                     <subnetId>subnet-01de63012b72c51d4</subnetId>
  |                     <main>false</main>
  |                     <associationState>
  |                         <state>associated</state>
  |                     </associationState>
  |                 </item>
  |             </associationSet>
  |             <propagatingVgwSet/>
  |             <tagSet>
  |                 <item>
  |                     <key>Environment</key>
  |                     <value>production</value>
  |                 </item>
  |                 <item>
  |                     <key>Name</key>
  |                     <value>sportfolio-public-rt</value>
  |                 </item>
  |                 <item>
  |                     <key>ManagedBy</key>
  |                     <value>terraform</value>
  |                 </item>
  |                 <item>
  |                     <key>Project</key>
  |                     <value>sportfolio</value>
  |                 </item>
  |             </tagSet>
  |         </item>
  |     </routeTableSet>
  | </DescribeRouteTablesResponse>
   http.response.header.cache_control="no-cache, no-store" http.response.header.strict_transport_security="max-age=31536000; includeSubDomains" http.status_code=200 rpc.service=EC2 @caller=github.com/hashicorp/aws-sdk-go-base/v2@v2.0.0-beta.65/logging/tf_logger.go:45 http.response.header.server=AmazonEC2 http.response.header.vary=accept-encoding rpc.method=DescribeRouteTables @module=aws aws.region=eu-west-1 http.duration=105 http.response.header.content_type=text/xml;charset=UTF-8 timestamp="2026-09-27T23:26:16.799+0100"
2026-09-27T23:26:16.807+0100 [DEBUG] ReferenceTransformer: "module.network.aws_route.public_internet" references: []
2026-09-27T23:26:16.810+0100 [DEBUG] provider.terraform-provider-aws_v5.100.0_x5.exe: HTTP Response Received: @caller=github.com/hashicorp/aws-sdk-go-base/v2@v2.0.0-beta.65/logging/tf_logger.go:45 http.response.header.date="Sun, 27 Sep 2026 22:26:16 GMT" rpc.method=DescribeRouteTables tf_req_id=2206f37c-fb12-0489-8ef2-707720ad0791 tf_resource_type=aws_route_table
  http.response.body=
  | <?xml version="1.0" encoding="UTF-8"?>
  | <DescribeRouteTablesResponse xmlns="http://ec2.amazonaws.com/doc/2016-11-15/">
  |     <requestId>694b456a-a0ca-4a4e-add5-48e01d70ae51</requestId>
  |     <routeTableSet>
  |         <item>
  |             <routeTableId>rtb-0b20a7ed58e4ef381</routeTableId>
  |             <vpcId>vpc-0705f0a7ccf33b1ad</vpcId>
  |             <ownerId>234334047980</ownerId>
  |             <routeSet>
  |                 <item>
  |                     <destinationCidrBlock>10.0.0.0/16</destinationCidrBlock>
  |                     <gatewayId>local</gatewayId>
  |                     <state>active</state>
  |                     <origin>CreateRouteTable</origin>
  |                 </item>
  |                 <item>
  |                     <destinationCidrBlock>0.0.0.0/0</destinationCidrBlock>
  |                     <natGatewayId>nat-00ce36001a69a368d</natGatewayId>
  |                     <state>active</state>
  |                     <origin>CreateRoute</origin>
  |                 </item>
  |             </routeSet>
  |             <associationSet>
  |                 <item>
  |                     <routeTableAssociationId>rtbassoc-0d0923b2cba0d0d08</routeTableAssociationId>
  |                     <routeTableId>rtb-0b20a7ed58e4ef381</routeTableId>
  |                     <subnetId>subnet-051e125a6360c6e78</subnetId>
  |                     <main>false</main>
  |                     <associationState>
  |                         <state>associated</state>
  |                     </associationState>
  |                 </item>
  |                 <item>
  |                     <routeTableAssociationId>rtbassoc-05ae22c55f72c0d7f</routeTableAssociationId>
  |                     <routeTableId>rtb-0b20a7ed58e4ef381</routeTableId>
  |                     <subnetId>subnet-0fffc66a981a031e4</subnetId>
  |                     <main>false</main>
  |                     <associationState>
  |                         <state>associated</state>
  |                     </associationState>
  |                 </item>
  |             </associationSet>
  |             <propagatingVgwSet/>
  |             <tagSet>
  |                 <item>
  |                     <key>ManagedBy</key>
  |                     <value>terraform</value>
  |                 </item>
  |                 <item>
  |                     <key>Environment</key>
  |                     <value>production</value>
  |                 </item>
  |                 <item>
  |                     <key>Project</key>
  |                     <value>sportfolio</value>
  |                 </item>
  |                 <item>
  |                     <key>Name</key>
  |                     <value>sportfolio-private-rt</value>
  |                 </item>
  |             </tagSet>
  |         </item>
  |     </routeTableSet>
  | </DescribeRouteTablesResponse>
   http.response.header.cache_control="no-cache, no-store" http.response.header.vary=accept-encoding http.response.header.x_amzn_requestid=694b456a-a0ca-4a4e-add5-48e01d70ae51 rpc.service=EC2 rpc.system=aws-api tf_aws.signing_region="" tf_mux_provider="*schema.GRPCProviderServer" aws.region=eu-west-1 http.response.header.content_type=text/xml;charset=UTF-8 http.response.header.strict_transport_security="max-age=31536000; includeSubDomains" http.status_code=200 tf_provider_addr=registry.terraform.io/hashicorp/aws tf_rpc=ReadResource @module=aws http.duration=115 http.response.header.server=AmazonEC2 tf_aws.sdk=aws-sdk-go-v2 timestamp="2026-09-27T23:26:16.808+0100"
2026-09-27T23:26:16.844+0100 [WARN]  Provider "registry.terraform.io/hashicorp/aws" produced an invalid plan for module.network.aws_security_group.vpc_endpoint, but we are tolerating it because it is using the legacy plugin SDK.
    The following problems may be the cause of any confusing errors from downstream operations:
      - .revoke_rules_on_delete: planned value cty.False for a non-computed attribute
2026-09-27T23:26:16.845+0100 [DEBUG] ReferenceTransformer: "module.network.aws_security_group_rule.vpc_endpoint_from_ecs" references: []
2026-09-27T23:26:16.863+0100 [DEBUG] provider.terraform-provider-aws_v5.100.0_x5.exe: HTTP Response Received: rpc.method=GetBucketVersioning rpc.service=S3 rpc.system=aws-api tf_provider_addr=registry.terraform.io/hashicorp/aws @module=aws http.duration=67 http.response.header.server=AmazonS3 http.response.header.x_amz_id_2="tj1h6n49NcEFvzqhwt0Q/0cNaWkgnqoXtNSP+VgVKHVQPzR1bdkhM2gVUNtq0nmw0b0yDGo/rJ4VpwdtKHCsP3fG7zFM+kZk" tf_mux_provider="*schema.GRPCProviderServer" tf_resource_type=aws_s3_bucket_versioning @caller=github.com/hashicorp/aws-sdk-go-base/v2@v2.0.0-beta.65/logging/tf_logger.go:45 aws.region=eu-west-1 http.response.header.x_amz_request_id=2M91M1Y572A5NW5P http.status_code=200 tf_aws.sdk=aws-sdk-go-v2
  http.response.body=
  | <?xml version="1.0" encoding="UTF-8"?>
  | <VersioningConfiguration xmlns="http://s3.amazonaws.com/doc/2006-03-01/"><Status>Enabled</Status></VersioningConfiguration>
   http.response.header.date="Sun, 27 Sep 2026 22:26:17 GMT" tf_aws.signing_region="" tf_req_id=6e014bc5-46ad-01af-f780-8b9a042d07d6 tf_rpc=ReadResource timestamp="2026-09-27T23:26:16.862+0100"
2026-09-27T23:26:16.864+0100 [DEBUG] provider.terraform-provider-aws_v5.100.0_x5.exe: HTTP Request Sent: tf_aws.sdk=aws-sdk-go-v2 tf_aws.signing_region="" tf_req_id=0ef5bfc8-c1c9-553d-3f57-9a60522f05ad aws.region=eu-west-1 http.method=POST http.request.header.authorization="AWS4-HMAC-SHA256 Credential=AKIA************SZUM/20260927/eu-west-1/ec2/aws4_request, SignedHeaders=amz-sdk-invocation-id;amz-sdk-request;content-length;content-type;host;x-amz-date, Signature=*****" http.request.header.content_type=application/x-www-form-urlencoded rpc.method=DescribeSecurityGroups tf_resource_type=aws_security_group_rule http.request_content_length=79 rpc.system=aws-api tf_mux_provider="*schema.GRPCProviderServer" tf_provider_addr=registry.terraform.io/hashicorp/aws tf_rpc=ReadResource http.request.header.x_amz_date=20260927T222616Z @caller=github.com/hashicorp/aws-sdk-go-base/v2@v2.0.0-beta.65/logging/tf_logger.go:45 @module=aws http.request.header.amz_sdk_request="attempt=1; max=25" http.url=https://ec2.eu-west-1.amazonaws.com/ http.user_agent="APN/1.0 HashiCorp/1.0 Terraform/1.15.3 (+https://www.terraform.io) terraform-provider-aws/5.100.0 (+https://registry.terraform.io/providers/hashicorp/aws) aws-sdk-go-v2/1.36.3 ua/2.1 os/windows lang/go#1.23.10 md/GOOS#windows md/GOARCH#amd64 api/ec2#1.224.1 m/C,n" net.peer.name=ec2.eu-west-1.amazonaws.com rpc.service=EC2
  http.request.body=
  | Action=DescribeSecurityGroups&GroupId.1=sg-0fc2558523c6123bb&Version=2016-11-15
   http.request.header.amz_sdk_invocation_id=ba11a856-a0a3-4839-ab45-555a9f851251 timestamp="2026-09-27T23:26:16.863+0100"
2026-09-27T23:26:16.865+0100 [DEBUG] provider.terraform-provider-aws_v5.100.0_x5.exe: HTTP Request Sent: http.request.header.amz_sdk_request="attempt=1; max=25" rpc.method=DescribeSecurityGroups tf_aws.signing_region="" tf_provider_addr=registry.terraform.io/hashicorp/aws http.request.header.amz_sdk_invocation_id=e30516a1-010c-4572-bd1c-320789b40593 http.request.header.authorization="AWS4-HMAC-SHA256 Credential=AKIA************SZUM/20260927/eu-west-1/ec2/aws4_request, SignedHeaders=amz-sdk-invocation-id;amz-sdk-request;content-length;content-type;host;x-amz-date, Signature=*****" http.request.header.x_amz_date=20260927T222616Z rpc.service=EC2 rpc.system=aws-api tf_aws.sdk=aws-sdk-go-v2 tf_mux_provider="*schema.GRPCProviderServer" @caller=github.com/hashicorp/aws-sdk-go-base/v2@v2.0.0-beta.65/logging/tf_logger.go:45 aws.region=eu-west-1
  http.request.body=
  | Action=DescribeSecurityGroups&GroupId.1=sg-0fc2558523c6123bb&Version=2016-11-15
   http.url=https://ec2.eu-west-1.amazonaws.com/ net.peer.name=ec2.eu-west-1.amazonaws.com tf_resource_type=aws_security_group_rule tf_rpc=ReadResource http.request_content_length=79 @module=aws http.method=POST http.request.header.content_type=application/x-www-form-urlencoded http.user_agent="APN/1.0 HashiCorp/1.0 Terraform/1.15.3 (+https://www.terraform.io) terraform-provider-aws/5.100.0 (+https://registry.terraform.io/providers/hashicorp/aws) aws-sdk-go-v2/1.36.3 ua/2.1 os/windows lang/go#1.23.10 md/GOOS#windows md/GOARCH#amd64 api/ec2#1.224.1 m/C,n" tf_req_id=07c35964-1574-0228-572c-e9fd5dec8e2d timestamp="2026-09-27T23:26:16.865+0100"
2026-09-27T23:26:16.874+0100 [DEBUG] provider.terraform-provider-aws_v5.100.0_x5.exe: [DEBUG] Waiting for state to become: [success]
2026-09-27T23:26:16.876+0100 [DEBUG] provider.terraform-provider-aws_v5.100.0_x5.exe: HTTP Request Sent: http.request.header.amz_sdk_request="attempt=1; max=25" http.request.header.content_type=application/x-www-form-urlencoded http.url=https://ec2.eu-west-1.amazonaws.com/ rpc.method=DescribeRouteTables rpc.system=aws-api tf_req_id=8d76611f-e5b6-6a6f-efb8-28330f6a9421 aws.region=eu-west-1
  http.request.body=
  | Action=DescribeRouteTables&RouteTableId.1=rtb-09171a87c93897a65&Version=2016-11-15
   http.request.header.authorization="AWS4-HMAC-SHA256 Credential=AKIA************SZUM/20260927/eu-west-1/ec2/aws4_request, SignedHeaders=amz-sdk-invocation-id;amz-sdk-request;content-length;content-type;host;x-amz-date, Signature=*****" http.request_content_length=82 tf_provider_addr=registry.terraform.io/hashicorp/aws tf_resource_type=aws_route @caller=github.com/hashicorp/aws-sdk-go-base/v2@v2.0.0-beta.65/logging/tf_logger.go:45 @module=aws http.method=POST http.request.header.amz_sdk_invocation_id=0b6ba818-1366-434a-bcba-875419642bf7 http.request.header.x_amz_date=20260927T222616Z net.peer.name=ec2.eu-west-1.amazonaws.com http.user_agent="APN/1.0 HashiCorp/1.0 Terraform/1.15.3 (+https://www.terraform.io) terraform-provider-aws/5.100.0 (+https://registry.terraform.io/providers/hashicorp/aws) aws-sdk-go-v2/1.36.3 ua/2.1 os/windows lang/go#1.23.10 md/GOOS#windows md/GOARCH#amd64 api/ec2#1.224.1 m/C,n" rpc.service=EC2 tf_aws.sdk=aws-sdk-go-v2 tf_aws.signing_region="" tf_mux_provider="*schema.GRPCProviderServer" tf_rpc=ReadResource timestamp="2026-09-27T23:26:16.876+0100"
2026-09-27T23:26:16.909+0100 [DEBUG] provider.terraform-provider-aws_v5.100.0_x5.exe: HTTP Response Received: tf_req_id=8e8a6639-4237-3cc7-57bf-2ac161c8c33b
  http.response.body=
  | <?xml version="1.0" encoding="UTF-8"?>
  | <DescribeSecurityGroupsResponse xmlns="http://ec2.amazonaws.com/doc/2016-11-15/">
  |     <requestId>d7cd10d9-d66c-431c-9d6c-5bc6e6a97fe7</requestId>
  |     <securityGroupInfo>
  |         <item>
  |             <ownerId>234334047980</ownerId>
  |             <groupId>sg-0184e1eb3dcefde41</groupId>
  |             <groupName>sportfolio-lambda-sg</groupName>
  |             <groupDescription>Security group for dispatcher Lambda</groupDescription>
  |             <vpcId>vpc-0705f0a7ccf33b1ad</vpcId>
  |             <ipPermissions/>
  |             <ipPermissionsEgress>
  |                 <item>
  |                     <ipProtocol>-1</ipProtocol>
  |                     <groups/>
  |                     <ipRanges>
  |                         <item>
  |                             <cidrIp>0.0.0.0/0</cidrIp>
  |                         </item>
  |                     </ipRanges>
  |                     <ipv6Ranges/>
  |                     <prefixListIds/>
  |                 </item>
  |             </ipPermissionsEgress>
  |             <tagSet>
  |                 <item>
  |                     <key>Environment</key>
  |                     <value>production</value>
  |                 </item>
  |                 <item>
  |                     <key>ManagedBy</key>
  |                     <value>terraform</value>
  |                 </item>
  |                 <item>
  |                     <key>Project</key>
  |                     <value>sportfolio</value>
  |                 </item>
  |             </tagSet>
  |             <securityGroupArn>arn:aws:ec2:eu-west-1:234334047980:security-group/sg-0184e1eb3dcefde41</securityGroupArn>
  |         </item>
  |     </securityGroupInfo>
  | </DescribeSecurityGroupsResponse>
   rpc.service=EC2 rpc.system=aws-api tf_mux_provider="*schema.GRPCProviderServer" tf_rpc=ReadResource @caller=github.com/hashicorp/aws-sdk-go-base/v2@v2.0.0-beta.65/logging/tf_logger.go:45 @module=aws http.duration=200 rpc.method=DescribeSecurityGroups tf_aws.signing_region="" tf_resource_type=aws_security_group aws.region=eu-west-1 http.response.header.content_type=text/xml;charset=UTF-8 http.response.header.server=AmazonEC2 http.response.header.strict_transport_security="max-age=31536000; includeSubDomains" http.response.header.x_amzn_requestid=d7cd10d9-d66c-431c-9d6c-5bc6e6a97fe7 http.response.header.cache_control="no-cache, no-store" http.response.header.date="Sun, 27 Sep 2026 22:26:16 GMT" http.response_content_length=1624 http.status_code=200 tf_aws.sdk=aws-sdk-go-v2 tf_provider_addr=registry.terraform.io/hashicorp/aws timestamp="2026-09-27T23:26:16.908+0100"
2026-09-27T23:26:16.914+0100 [WARN]  Provider "registry.terraform.io/hashicorp/aws" produced an invalid plan for module.network.aws_security_group.lambda, but we are tolerating it because it is using the legacy plugin SDK.
    The following problems may be the cause of any confusing errors from downstream operations:
      - .revoke_rules_on_delete: planned value cty.False for a non-computed attribute
2026-09-27T23:26:16.915+0100 [DEBUG] ReferenceTransformer: "module.network.aws_security_group_rule.rds_from_lambda" references: []
2026-09-27T23:26:16.915+0100 [DEBUG] ReferenceTransformer: "module.network.aws_security_group_rule.vpc_endpoint_from_lambda" references: []
2026-09-27T23:26:16.918+0100 [DEBUG] provider.terraform-provider-aws_v5.100.0_x5.exe: HTTP Request Sent: http.request.header.amz_sdk_request="attempt=1; max=25" http.request.header.content_type=application/x-www-form-urlencoded tf_mux_provider="*schema.GRPCProviderServer" @module=aws http.request_content_length=79 http.url=https://ec2.eu-west-1.amazonaws.com/ rpc.system=aws-api tf_provider_addr=registry.terraform.io/hashicorp/aws @caller=github.com/hashicorp/aws-sdk-go-base/v2@v2.0.0-beta.65/logging/tf_logger.go:45 aws.region=eu-west-1 http.method=POST net.peer.name=ec2.eu-west-1.amazonaws.com tf_aws.sdk=aws-sdk-go-v2 tf_aws.signing_region="" tf_req_id=4a14e7a3-208c-d17d-c072-81d33d175766
  http.request.body=
  | Action=DescribeSecurityGroups&GroupId.1=sg-0c8d987c287246a75&Version=2016-11-15
   http.request.header.authorization="AWS4-HMAC-SHA256 Credential=AKIA************SZUM/20260927/eu-west-1/ec2/aws4_request, SignedHeaders=amz-sdk-invocation-id;amz-sdk-request;content-length;content-type;host;x-amz-date, Signature=*****" http.request.header.x_amz_date=20260927T222616Z http.user_agent="APN/1.0 HashiCorp/1.0 Terraform/1.15.3 (+https://www.terraform.io) terraform-provider-aws/5.100.0 (+https://registry.terraform.io/providers/hashicorp/aws) aws-sdk-go-v2/1.36.3 ua/2.1 os/windows lang/go#1.23.10 md/GOOS#windows md/GOARCH#amd64 api/ec2#1.224.1 m/C,n" rpc.method=DescribeSecurityGroups rpc.service=EC2 tf_resource_type=aws_security_group_rule tf_rpc=ReadResource http.request.header.amz_sdk_invocation_id=6680c39a-0527-463b-8a28-d68c52b2cb64 timestamp="2026-09-27T23:26:16.918+0100"
2026-09-27T23:26:16.927+0100 [DEBUG] provider.terraform-provider-aws_v5.100.0_x5.exe: HTTP Response Received: @module=aws
  http.response.body=
  | <?xml version="1.0" encoding="UTF-8"?>
  | <DescribeSubnetsResponse xmlns="http://ec2.amazonaws.com/doc/2016-11-15/">
  |     <requestId>8806c356-fa69-48f0-8795-781db37a78c5</requestId>
  |     <subnetSet>
  |         <item>
  |             <subnetId>subnet-051e125a6360c6e78</subnetId>
  |             <subnetArn>arn:aws:ec2:eu-west-1:234334047980:subnet/subnet-051e125a6360c6e78</subnetArn>
  |             <state>available</state>
  |             <ownerId>234334047980</ownerId>
  |             <vpcId>vpc-0705f0a7ccf33b1ad</vpcId>
  |             <cidrBlock>10.0.2.0/24</cidrBlock>
  |             <ipv6CidrBlockAssociationSet/>
  |             <availableIpAddressCount>247</availableIpAddressCount>
  |             <availabilityZone>eu-west-1a</availabilityZone>
  |             <availabilityZoneId>euw1-az2</availabilityZoneId>
  |             <defaultForAz>false</defaultForAz>
  |             <mapPublicIpOnLaunch>false</mapPublicIpOnLaunch>
  |             <tagSet>
  |                 <item>
  |                     <key>Name</key>
  |                     <value>sportfolio-private-subnet</value>
  |                 </item>
  |                 <item>
  |                     <key>Project</key>
  |                     <value>sportfolio</value>
  |                 </item>
  |                 <item>
  |                     <key>Environment</key>
  |                     <value>production</value>
  |                 </item>
  |                 <item>
  |                     <key>ManagedBy</key>
  |                     <value>terraform</value>
  |                 </item>
  |             </tagSet>
  |             <assignIpv6AddressOnCreation>false</assignIpv6AddressOnCreation>
  |             <mapCustomerOwnedIpOnLaunch>false</mapCustomerOwnedIpOnLaunch>
  |             <privateDnsNameOptionsOnLaunch>
  |                 <hostnameType>ip-name</hostnameType>
  |                 <enableResourceNameDnsARecord>false</enableResourceNameDnsARecord>
  |                 <enableResourceNameDnsAAAARecord>false</enableResourceNameDnsAAAARecord>
  |             </privateDnsNameOptionsOnLaunch>
  |             <ipv6Native>false</ipv6Native>
  |             <enableDns64>false</enableDns64>
  |             <blockPublicAccessStates>
  |                 <internetGatewayBlockMode>off</internetGatewayBlockMode>
  |             </blockPublicAccessStates>
  |         </item>
  |     </subnetSet>
  | </DescribeSubnetsResponse>
   http.response.header.content_type=text/xml;charset=UTF-8 http.response.header.vary=accept-encoding tf_aws.sdk=aws-sdk-go-v2 tf_resource_type=aws_subnet @caller=github.com/hashicorp/aws-sdk-go-base/v2@v2.0.0-beta.65/logging/tf_logger.go:45 aws.region=eu-west-1 http.response.header.cache_control="no-cache, no-store" http.response.header.strict_transport_security="max-age=31536000; includeSubDomains" rpc.method=DescribeSubnets tf_provider_addr=registry.terraform.io/hashicorp/aws http.duration=232 http.response.header.server=AmazonEC2 http.response.header.x_amzn_requestid=8806c356-fa69-48f0-8795-781db37a78c5 tf_aws.signing_region="" tf_mux_provider="*schema.GRPCProviderServer" tf_req_id=a0010c49-0565-85c8-130d-2967eb1ffe92 http.response.header.date="Sun, 27 Sep 2026 22:26:16 GMT" http.status_code=200 rpc.service=EC2 rpc.system=aws-api tf_rpc=ReadResource timestamp="2026-09-27T23:26:16.926+0100"
2026-09-27T23:26:16.952+0100 [DEBUG] provider.terraform-provider-aws_v5.100.0_x5.exe: HTTP Response Received: http.status_code=200 rpc.method=DescribeSubnets rpc.service=EC2 tf_aws.signing_region="" @caller=github.com/hashicorp/aws-sdk-go-base/v2@v2.0.0-beta.65/logging/tf_logger.go:45 @module=aws http.duration=238 http.response.header.cache_control="no-cache, no-store" tf_aws.sdk=aws-sdk-go-v2 tf_provider_addr=registry.terraform.io/hashicorp/aws tf_resource_type=aws_subnet
  http.response.body=
  | <?xml version="1.0" encoding="UTF-8"?>
  | <DescribeSubnetsResponse xmlns="http://ec2.amazonaws.com/doc/2016-11-15/">
  |     <requestId>1b3b7538-1ea5-4073-854c-1f5d405a9020</requestId>
  |     <subnetSet>
  |         <item>
  |             <subnetId>subnet-01de63012b72c51d4</subnetId>
  |             <subnetArn>arn:aws:ec2:eu-west-1:234334047980:subnet/subnet-01de63012b72c51d4</subnetArn>
  |             <state>available</state>
  |             <ownerId>234334047980</ownerId>
  |             <vpcId>vpc-0705f0a7ccf33b1ad</vpcId>
  |             <cidrBlock>10.0.1.0/24</cidrBlock>
  |             <ipv6CidrBlockAssociationSet/>
  |             <availableIpAddressCount>250</availableIpAddressCount>
  |             <availabilityZone>eu-west-1a</availabilityZone>
  |             <availabilityZoneId>euw1-az2</availabilityZoneId>
  |             <defaultForAz>false</defaultForAz>
  |             <mapPublicIpOnLaunch>true</mapPublicIpOnLaunch>
  |             <tagSet>
  |                 <item>
  |                     <key>Environment</key>
  |                     <value>production</value>
  |                 </item>
  |                 <item>
  |                     <key>Name</key>
  |                     <value>sportfolio-public-subnet</value>
  |                 </item>
  |                 <item>
  |                     <key>Project</key>
  |                     <value>sportfolio</value>
  |                 </item>
  |                 <item>
  |                     <key>ManagedBy</key>
  |                     <value>terraform</value>
  |                 </item>
  |             </tagSet>
  |             <assignIpv6AddressOnCreation>false</assignIpv6AddressOnCreation>
  |             <mapCustomerOwnedIpOnLaunch>false</mapCustomerOwnedIpOnLaunch>
  |             <privateDnsNameOptionsOnLaunch>
  |                 <hostnameType>ip-name</hostnameType>
  |                 <enableResourceNameDnsARecord>false</enableResourceNameDnsARecord>
  |                 <enableResourceNameDnsAAAARecord>false</enableResourceNameDnsAAAARecord>
  |             </privateDnsNameOptionsOnLaunch>
  |             <ipv6Native>false</ipv6Native>
  |             <enableDns64>false</enableDns64>
  |             <blockPublicAccessStates>
  |                 <internetGatewayBlockMode>off</internetGatewayBlockMode>
  |             </blockPublicAccessStates>
  |         </item>
  |     </subnetSet>
  | </DescribeSubnetsResponse>
   http.response.header.content_type=text/xml;charset=UTF-8 http.response.header.x_amzn_requestid=1b3b7538-1ea5-4073-854c-1f5d405a9020 rpc.system=aws-api tf_req_id=8723dc99-5b14-8ea7-7e1d-f91c411a1e01 http.response.header.date="Sun, 27 Sep 2026 22:26:16 GMT" tf_mux_provider="*schema.GRPCProviderServer" tf_rpc=ReadResource aws.region=eu-west-1 http.response.header.server=AmazonEC2 http.response.header.strict_transport_security="max-age=31536000; includeSubDomains" http.response.header.vary=accept-encoding timestamp="2026-09-27T23:26:16.950+0100"
2026-09-27T23:26:16.963+0100 [DEBUG] provider.terraform-provider-aws_v5.100.0_x5.exe: HTTP Request Sent: http.user_agent="APN/1.0 HashiCorp/1.0 Terraform/1.15.3 (+https://www.terraform.io) terraform-provider-aws/5.100.0 (+https://registry.terraform.io/providers/hashicorp/aws) aws-sdk-go-v2/1.36.3 ua/2.1 os/windows lang/go#1.23.10 md/GOOS#windows md/GOARCH#amd64 api/s3#1.80.1 m/n" rpc.method=GetBucketVersioning aws.region=eu-west-1 net.peer.name=edgar-fitness-progess-photos.s3.eu-west-1.amazonaws.com rpc.service=S3 rpc.system=aws-api tf_mux_provider="*schema.GRPCProviderServer" tf_req_id=6e014bc5-46ad-01af-f780-8b9a042d07d6 tf_resource_type=aws_s3_bucket_versioning @caller=github.com/hashicorp/aws-sdk-go-base/v2@v2.0.0-beta.65/logging/tf_logger.go:45 http.request.header.accept_encoding=identity http.request.header.authorization="AWS4-HMAC-SHA256 Credential=AKIA************SZUM/20260927/eu-west-1/s3/aws4_request, SignedHeaders=accept-encoding;amz-sdk-invocation-id;amz-sdk-request;host;x-amz-content-sha256;x-amz-date, Signature=*****" http.url=https://edgar-fitness-progess-photos.s3.eu-west-1.amazonaws.com/?versioning= tf_aws.signing_region="" tf_rpc=ReadResource http.request.body="" http.request.header.amz_sdk_invocation_id=673c2a3f-cd55-4543-b133-9df14371b821 http.request.header.x_amz_date=20260927T222616Z tf_aws.sdk=aws-sdk-go-v2 tf_provider_addr=registry.terraform.io/hashicorp/aws http.request.header.x_amz_content_sha256=e3b0c44298fc1c149afbf4c8996fb92427ae41e4649b934ca495991b7852b855 @module=aws http.method=GET http.request.header.amz_sdk_request="attempt=1; max=25" timestamp="2026-09-27T23:26:16.963+0100"
2026-09-27T23:26:16.978+0100 [DEBUG] provider.terraform-provider-aws_v5.100.0_x5.exe: HTTP Response Received: tf_resource_type=aws_security_group_rule tf_rpc=ReadResource @caller=github.com/hashicorp/aws-sdk-go-base/v2@v2.0.0-beta.65/logging/tf_logger.go:45 aws.region=eu-west-1 http.response.header.content_type=text/xml;charset=UTF-8 http.response.header.server=AmazonEC2 rpc.service=EC2 tf_mux_provider="*schema.GRPCProviderServer" @module=aws http.response.header.strict_transport_security="max-age=31536000; includeSubDomains" http.response.header.x_amzn_requestid=ad184569-35a4-47df-b2bf-41371be5a6b6 tf_aws.signing_region="" tf_req_id=07c35964-1574-0228-572c-e9fd5dec8e2d http.response.header.cache_control="no-cache, no-store" http.response.header.vary=accept-encoding http.status_code=200 rpc.method=DescribeSecurityGroups rpc.system=aws-api http.duration=112
  http.response.body=
  | <?xml version="1.0" encoding="UTF-8"?>
  | <DescribeSecurityGroupsResponse xmlns="http://ec2.amazonaws.com/doc/2016-11-15/">
  |     <requestId>ad184569-35a4-47df-b2bf-41371be5a6b6</requestId>
  |     <securityGroupInfo>
  |         <item>
  |             <ownerId>234334047980</ownerId>
  |             <groupId>sg-0fc2558523c6123bb</groupId>
  |             <groupName>sportfolio-rds-sg</groupName>
  |             <groupDescription>Allow Postgres access from allowed IPs and ECS/Lambda</groupDescription>
  |             <vpcId>vpc-0705f0a7ccf33b1ad</vpcId>
  |             <ipPermissions>
  |                 <item>
  |                     <ipProtocol>tcp</ipProtocol>
  |                     <fromPort>5432</fromPort>
  |                     <toPort>5432</toPort>
  |                     <groups>
  |                         <item>
  |                             <userId>234334047980</userId>
  |                             <groupId>sg-0184e1eb3dcefde41</groupId>
  |                             <description>Postgres from dispatcher Lambda</description>
  |                         </item>
  |                         <item>
  |                             <userId>234334047980</userId>
  |                             <groupId>sg-0b688d88bf9f0e287</groupId>
  |                             <description>Postgres from ECS ingestion workers</description>
  |                         </item>
  |                     </groups>
  |                     <ipRanges>
  |                         <item>
  |                             <cidrIp>196.118.112.98/32</cidrIp>
  |                             <description>Postgres from allowed IPs</description>
  |                         </item>
  |                     </ipRanges>
  |                     <ipv6Ranges/>
  |                     <prefixListIds/>
  |                 </item>
  |             </ipPermissions>
  |             <ipPermissionsEgress>
  |                 <item>
  |                     <ipProtocol>-1</ipProtocol>
  |                     <groups/>
  |                     <ipRanges>
  |                         <item>
  |                             <cidrIp>0.0.0.0/0</cidrIp>
  |                         </item>
  |                     </ipRanges>
  |                     <ipv6Ranges/>
  |                     <prefixListIds/>
  |                 </item>
  |             </ipPermissionsEgress>
  |             <tagSet>
  |                 <item>
  |                     <key>Project</key>
  |                     <value>sportfolio</value>
  |                 </item>
  |                 <item>
  |                     <key>ManagedBy</key>
  |                     <value>terraform</value>
  |                 </item>
  |                 <item>
  |                     <key>Environment</key>
  |                     <value>production</value>
  |                 </item>
  |             </tagSet>
  |             <securityGroupArn>arn:aws:ec2:eu-west-1:234334047980:security-group/sg-0fc2558523c6123bb</securityGroupArn>
  |         </item>
  |     </securityGroupInfo>
  | </DescribeSecurityGroupsResponse>
   http.response.header.date="Sun, 27 Sep 2026 22:26:16 GMT" tf_aws.sdk=aws-sdk-go-v2 tf_provider_addr=registry.terraform.io/hashicorp/aws timestamp="2026-09-27T23:26:16.978+0100"
2026-09-27T23:26:16.979+0100 [DEBUG] provider.terraform-provider-aws_v5.100.0_x5.exe: HTTP Request Sent: http.request_content_length=113 tf_aws.sdk=aws-sdk-go-v2 tf_mux_provider="*schema.GRPCProviderServer" tf_provider_addr=registry.terraform.io/hashicorp/aws aws.region=eu-west-1 http.user_agent="APN/1.0 HashiCorp/1.0 Terraform/1.15.3 (+https://www.terraform.io) terraform-provider-aws/5.100.0 (+https://registry.terraform.io/providers/hashicorp/aws) aws-sdk-go-v2/1.36.3 ua/2.1 os/windows lang/go#1.23.10 md/GOOS#windows md/GOARCH#amd64 api/ec2#1.224.1 m/C,n" rpc.method=DescribeSecurityGroupRules tf_req_id=07c35964-1574-0228-572c-e9fd5dec8e2d tf_resource_type=aws_security_group_rule tf_rpc=ReadResource @caller=github.com/hashicorp/aws-sdk-go-base/v2@v2.0.0-beta.65/logging/tf_logger.go:45 @module=aws http.request.header.authorization="AWS4-HMAC-SHA256 Credential=AKIA************SZUM/20260927/eu-west-1/ec2/aws4_request, SignedHeaders=amz-sdk-invocation-id;amz-sdk-request;content-length;content-type;host;x-amz-date, Signature=*****" tf_aws.signing_region="" http.method=POST http.request.header.amz_sdk_invocation_id=5c46071c-ddc8-4822-8d10-323b8af4fc18 http.request.header.content_type=application/x-www-form-urlencoded http.url=https://ec2.eu-west-1.amazonaws.com/ net.peer.name=ec2.eu-west-1.amazonaws.com rpc.service=EC2 rpc.system=aws-api
  http.request.body=
  | Action=DescribeSecurityGroupRules&Filter.1.Name=group-id&Filter.1.Value.1=sg-0fc2558523c6123bb&Version=2016-11-15
   http.request.header.amz_sdk_request="attempt=1; max=25" http.request.header.x_amz_date=20260927T222616Z timestamp="2026-09-27T23:26:16.979+0100"
2026-09-27T23:26:16.980+0100 [DEBUG] provider.terraform-provider-aws_v5.100.0_x5.exe: HTTP Response Received: tf_rpc=ReadResource @module=aws rpc.method=DescribeSecurityGroups rpc.service=EC2 rpc.system=aws-api tf_aws.signing_region="" tf_mux_provider="*schema.GRPCProviderServer" aws.region=eu-west-1 http.response.header.date="Sun, 27 Sep 2026 22:26:16 GMT" http.response.header.server=AmazonEC2 http.response.header.vary=accept-encoding http.response.header.x_amzn_requestid=98d248e3-0adc-4071-87f9-4916e5b8d069 tf_aws.sdk=aws-sdk-go-v2 tf_req_id=0ef5bfc8-c1c9-553d-3f57-9a60522f05ad tf_resource_type=aws_security_group_rule http.response.header.cache_control="no-cache, no-store" http.response.header.content_type=text/xml;charset=UTF-8 http.status_code=200 @caller=github.com/hashicorp/aws-sdk-go-base/v2@v2.0.0-beta.65/logging/tf_logger.go:45 http.duration=116
  http.response.body=
  | <?xml version="1.0" encoding="UTF-8"?>
  | <DescribeSecurityGroupsResponse xmlns="http://ec2.amazonaws.com/doc/2016-11-15/">
  |     <requestId>98d248e3-0adc-4071-87f9-4916e5b8d069</requestId>
  |     <securityGroupInfo>
  |         <item>
  |             <ownerId>234334047980</ownerId>
  |             <groupId>sg-0fc2558523c6123bb</groupId>
  |             <groupName>sportfolio-rds-sg</groupName>
  |             <groupDescription>Allow Postgres access from allowed IPs and ECS/Lambda</groupDescription>
  |             <vpcId>vpc-0705f0a7ccf33b1ad</vpcId>
  |             <ipPermissions>
  |                 <item>
  |                     <ipProtocol>tcp</ipProtocol>
  |                     <fromPort>5432</fromPort>
  |                     <toPort>5432</toPort>
  |                     <groups>
  |                         <item>
  |                             <userId>234334047980</userId>
  |                             <groupId>sg-0184e1eb3dcefde41</groupId>
  |                             <description>Postgres from dispatcher Lambda</description>
  |                         </item>
  |                         <item>
  |                             <userId>234334047980</userId>
  |                             <groupId>sg-0b688d88bf9f0e287</groupId>
  |                             <description>Postgres from ECS ingestion workers</description>
  |                         </item>
  |                     </groups>
  |                     <ipRanges>
  |                         <item>
  |                             <cidrIp>196.118.112.98/32</cidrIp>
  |                             <description>Postgres from allowed IPs</description>
  |                         </item>
  |                     </ipRanges>
  |                     <ipv6Ranges/>
  |                     <prefixListIds/>
  |                 </item>
  |             </ipPermissions>
  |             <ipPermissionsEgress>
  |                 <item>
  |                     <ipProtocol>-1</ipProtocol>
  |                     <groups/>
  |                     <ipRanges>
  |                         <item>
  |                             <cidrIp>0.0.0.0/0</cidrIp>
  |                         </item>
  |                     </ipRanges>
  |                     <ipv6Ranges/>
  |                     <prefixListIds/>
  |                 </item>
  |             </ipPermissionsEgress>
  |             <tagSet>
  |                 <item>
  |                     <key>Project</key>
  |                     <value>sportfolio</value>
  |                 </item>
  |                 <item>
  |                     <key>ManagedBy</key>
  |                     <value>terraform</value>
  |                 </item>
  |                 <item>
  |                     <key>Environment</key>
  |                     <value>production</value>
  |                 </item>
  |             </tagSet>
  |             <securityGroupArn>arn:aws:ec2:eu-west-1:234334047980:security-group/sg-0fc2558523c6123bb</securityGroupArn>
  |         </item>
  |     </securityGroupInfo>
  | </DescribeSecurityGroupsResponse>
   http.response.header.strict_transport_security="max-age=31536000; includeSubDomains" tf_provider_addr=registry.terraform.io/hashicorp/aws timestamp="2026-09-27T23:26:16.979+0100"
2026-09-27T23:26:16.980+0100 [DEBUG] provider.terraform-provider-aws_v5.100.0_x5.exe: HTTP Request Sent: aws.region=eu-west-1 http.method=POST http.request.header.amz_sdk_invocation_id=e203eec3-f3c7-436c-a74e-832632748f31 http.request_content_length=113 tf_provider_addr=registry.terraform.io/hashicorp/aws tf_resource_type=aws_security_group_rule tf_rpc=ReadResource @module=aws http.request.header.authorization="AWS4-HMAC-SHA256 Credential=AKIA************SZUM/20260927/eu-west-1/ec2/aws4_request, SignedHeaders=amz-sdk-invocation-id;amz-sdk-request;content-length;content-type;host;x-amz-date, Signature=*****" http.request.header.content_type=application/x-www-form-urlencoded http.request.header.x_amz_date=20260927T222616Z http.user_agent="APN/1.0 HashiCorp/1.0 Terraform/1.15.3 (+https://www.terraform.io) terraform-provider-aws/5.100.0 (+https://registry.terraform.io/providers/hashicorp/aws) aws-sdk-go-v2/1.36.3 ua/2.1 os/windows lang/go#1.23.10 md/GOOS#windows md/GOARCH#amd64 api/ec2#1.224.1 m/C,n" tf_aws.sdk=aws-sdk-go-v2 tf_req_id=0ef5bfc8-c1c9-553d-3f57-9a60522f05ad http.request.header.amz_sdk_request="attempt=1; max=25" http.url=https://ec2.eu-west-1.amazonaws.com/ net.peer.name=ec2.eu-west-1.amazonaws.com rpc.service=EC2 rpc.system=aws-api tf_aws.signing_region="" tf_mux_provider="*schema.GRPCProviderServer" @caller=github.com/hashicorp/aws-sdk-go-base/v2@v2.0.0-beta.65/logging/tf_logger.go:45
  http.request.body=
  | Action=DescribeSecurityGroupRules&Filter.1.Name=group-id&Filter.1.Value.1=sg-0fc2558523c6123bb&Version=2016-11-15
   rpc.method=DescribeSecurityGroupRules timestamp="2026-09-27T23:26:16.980+0100"
2026-09-27T23:26:16.988+0100 [DEBUG] provider.terraform-provider-aws_v5.100.0_x5.exe: ignoring change of "container_definitions" due to DiffSuppressFunc: tf_req_id=83774169-63d4-7965-a0fc-dd3486ce3716 tf_resource_type=aws_ecs_task_definition @caller=github.com/hashicorp/terraform-plugin-sdk/v2@v2.36.1/helper/schema/schema.go:1698 tf_rpc=ReadResource @module=sdk tf_mux_provider="*schema.GRPCProviderServer" tf_provider_addr=registry.terraform.io/hashicorp/aws timestamp="2026-09-27T23:26:16.988+0100"
2026-09-27T23:26:16.997+0100 [DEBUG] provider.terraform-provider-aws_v5.100.0_x5.exe: HTTP Response Received: http.response.header.strict_transport_security="max-age=31536000; includeSubDomains" http.response.header.vary=accept-encoding rpc.method=DescribeRouteTables tf_aws.signing_region=""
  http.response.body=
  | <?xml version="1.0" encoding="UTF-8"?>
  | <DescribeRouteTablesResponse xmlns="http://ec2.amazonaws.com/doc/2016-11-15/">
  |     <requestId>69b6ea19-682b-4339-bd5e-1df6af4777c9</requestId>
  |     <routeTableSet>
  |         <item>
  |             <routeTableId>rtb-09171a87c93897a65</routeTableId>
  |             <vpcId>vpc-0705f0a7ccf33b1ad</vpcId>
  |             <ownerId>234334047980</ownerId>
  |             <routeSet>
  |                 <item>
  |                     <destinationCidrBlock>10.0.0.0/16</destinationCidrBlock>
  |                     <gatewayId>local</gatewayId>
  |                     <state>active</state>
  |                     <origin>CreateRouteTable</origin>
  |                 </item>
  |                 <item>
  |                     <destinationCidrBlock>0.0.0.0/0</destinationCidrBlock>
  |                     <gatewayId>igw-07f9383ca67f62c6c</gatewayId>
  |                     <state>active</state>
  |                     <origin>CreateRoute</origin>
  |                 </item>
  |             </routeSet>
  |             <associationSet>
  |                 <item>
  |                     <routeTableAssociationId>rtbassoc-0bb0a1b1b1aba1d02</routeTableAssociationId>
  |                     <routeTableId>rtb-09171a87c93897a65</routeTableId>
  |                     <subnetId>subnet-01de63012b72c51d4</subnetId>
  |                     <main>false</main>
  |                     <associationState>
  |                         <state>associated</state>
  |                     </associationState>
  |                 </item>
  |             </associationSet>
  |             <propagatingVgwSet/>
  |             <tagSet>
  |                 <item>
  |                     <key>Environment</key>
  |                     <value>production</value>
  |                 </item>
  |                 <item>
  |                     <key>Name</key>
  |                     <value>sportfolio-public-rt</value>
  |                 </item>
  |                 <item>
  |                     <key>ManagedBy</key>
  |                     <value>terraform</value>
  |                 </item>
  |                 <item>
  |                     <key>Project</key>
  |                     <value>sportfolio</value>
  |                 </item>
  |             </tagSet>
  |         </item>
  |     </routeTableSet>
  | </DescribeRouteTablesResponse>
   http.response.header.server=AmazonEC2 http.status_code=200 rpc.system=aws-api tf_provider_addr=registry.terraform.io/hashicorp/aws tf_rpc=ReadResource @caller=github.com/hashicorp/aws-sdk-go-base/v2@v2.0.0-beta.65/logging/tf_logger.go:45 http.response.header.cache_control="no-cache, no-store" http.response.header.content_type=text/xml;charset=UTF-8 http.response.header.date="Sun, 27 Sep 2026 22:26:16 GMT" http.response.header.x_amzn_requestid=69b6ea19-682b-4339-bd5e-1df6af4777c9 tf_aws.sdk=aws-sdk-go-v2 tf_mux_provider="*schema.GRPCProviderServer" tf_resource_type=aws_route @module=aws rpc.service=EC2 tf_req_id=8d76611f-e5b6-6a6f-efb8-28330f6a9421 aws.region=eu-west-1 http.duration=120 timestamp="2026-09-27T23:26:16.996+0100"
2026-09-27T23:26:17.004+0100 [WARN]  Provider "registry.terraform.io/hashicorp/aws" produced an invalid plan for module.network.aws_route.public_internet, but we are tolerating it because it is using the legacy plugin SDK.
    The following problems may be the cause of any confusing errors from downstream operations:
      - .local_gateway_id: planned value cty.StringVal("") for a non-computed attribute
      - .nat_gateway_id: planned value cty.StringVal("") for a non-computed attribute
      - .vpc_peering_connection_id: planned value cty.StringVal("") for a non-computed attribute
      - .core_network_arn: planned value cty.StringVal("") for a non-computed attribute
      - .egress_only_gateway_id: planned value cty.StringVal("") for a non-computed attribute
      - .transit_gateway_id: planned value cty.StringVal("") for a non-computed attribute
      - .destination_ipv6_cidr_block: planned value cty.StringVal("") for a non-computed attribute
      - .destination_prefix_list_id: planned value cty.StringVal("") for a non-computed attribute
      - .vpc_endpoint_id: planned value cty.StringVal("") for a non-computed attribute
      - .carrier_gateway_id: planned value cty.StringVal("") for a non-computed attribute
2026-09-27T23:26:17.008+0100 [DEBUG] provider.terraform-provider-aws_v5.100.0_x5.exe: HTTP Request Sent: tf_provider_addr=registry.terraform.io/hashicorp/aws tf_resource_type=aws_security_group_rule http.request.header.authorization="AWS4-HMAC-SHA256 Credential=AKIA************SZUM/20260927/eu-west-1/ec2/aws4_request, SignedHeaders=amz-sdk-invocation-id;amz-sdk-request;content-length;content-type;host;x-amz-date, Signature=*****" http.request.header.x_amz_date=20260927T222617Z http.url=https://ec2.eu-west-1.amazonaws.com/ rpc.method=DescribeSecurityGroups rpc.service=EC2 tf_aws.signing_region="" tf_rpc=ReadResource @module=aws http.method=POST
  http.request.body=
  | Action=DescribeSecurityGroups&GroupId.1=sg-0fc2558523c6123bb&Version=2016-11-15
   http.user_agent="APN/1.0 HashiCorp/1.0 Terraform/1.15.3 (+https://www.terraform.io) terraform-provider-aws/5.100.0 (+https://registry.terraform.io/providers/hashicorp/aws) aws-sdk-go-v2/1.36.3 ua/2.1 os/windows lang/go#1.23.10 md/GOOS#windows md/GOARCH#amd64 api/ec2#1.224.1 m/C,n" tf_mux_provider="*schema.GRPCProviderServer" tf_req_id=a21cac57-8eab-48c9-c114-486eab7b4d5c @caller=github.com/hashicorp/aws-sdk-go-base/v2@v2.0.0-beta.65/logging/tf_logger.go:45 aws.region=eu-west-1 http.request.header.amz_sdk_invocation_id=c889810f-c7d6-42eb-b13d-ffd18219d26b http.request.header.amz_sdk_request="attempt=1; max=25" http.request.header.content_type=application/x-www-form-urlencoded http.request_content_length=79 net.peer.name=ec2.eu-west-1.amazonaws.com rpc.system=aws-api tf_aws.sdk=aws-sdk-go-v2 timestamp="2026-09-27T23:26:17.008+0100"
2026-09-27T23:26:17.020+0100 [WARN]  Provider "registry.terraform.io/hashicorp/aws" produced an invalid plan for module.network.aws_subnet.public-a, but we are tolerating it because it is using the legacy plugin SDK.
    The following problems may be the cause of any confusing errors from downstream operations:
      - .ipv6_native: planned value cty.False for a non-computed attribute
      - .assign_ipv6_address_on_creation: planned value cty.False for a non-computed attribute
      - .ipv6_cidr_block: planned value cty.StringVal("") for a non-computed attribute
      - .map_customer_owned_ip_on_launch: planned value cty.False for a non-computed attribute
      - .outpost_arn: planned value cty.StringVal("") for a non-computed attribute
      - .customer_owned_ipv4_pool: planned value cty.StringVal("") for a non-computed attribute
      - .enable_resource_name_dns_a_record_on_launch: planned value cty.False for a non-computed attribute
      - .enable_dns64: planned value cty.False for a non-computed attribute
      - .enable_lni_at_device_index: planned value cty.NumberIntVal(0) for a non-computed attribute
      - .enable_resource_name_dns_aaaa_record_on_launch: planned value cty.False for a non-computed attribute
2026-09-27T23:26:17.021+0100 [WARN]  Provider "registry.terraform.io/hashicorp/aws" produced an invalid plan for module.network.aws_subnet.private-a, but we are tolerating it because it is using the legacy plugin SDK.
    The following problems may be the cause of any confusing errors from downstream operations:
      - .customer_owned_ipv4_pool: planned value cty.StringVal("") for a non-computed attribute
      - .map_public_ip_on_launch: planned value cty.False for a non-computed attribute
      - .enable_resource_name_dns_a_record_on_launch: planned value cty.False for a non-computed attribute
      - .enable_dns64: planned value cty.False for a non-computed attribute
      - .enable_lni_at_device_index: planned value cty.NumberIntVal(0) for a non-computed attribute
      - .enable_resource_name_dns_aaaa_record_on_launch: planned value cty.False for a non-computed attribute
      - .ipv6_native: planned value cty.False for a non-computed attribute
      - .assign_ipv6_address_on_creation: planned value cty.False for a non-computed attribute
      - .ipv6_cidr_block: planned value cty.StringVal("") for a non-computed attribute
      - .map_customer_owned_ip_on_launch: planned value cty.False for a non-computed attribute
      - .outpost_arn: planned value cty.StringVal("") for a non-computed attribute
2026-09-27T23:26:17.021+0100 [DEBUG] ReferenceTransformer: "module.network.aws_route_table_association.private_a" references: []
2026-09-27T23:26:17.021+0100 [DEBUG] ReferenceTransformer: "module.network.aws_vpc_endpoint.sqs" references: []
2026-09-27T23:26:17.021+0100 [DEBUG] ReferenceTransformer: "module.network.aws_nat_gateway.main" references: []
2026-09-27T23:26:17.021+0100 [DEBUG] provider.terraform-provider-aws_v5.100.0_x5.exe: HTTP Response Received: rpc.system=aws-api tf_aws.sdk=aws-sdk-go-v2 tf_provider_addr=registry.terraform.io/hashicorp/aws tf_req_id=14ca5c9d-e301-695f-74f1-bd8e1e65474a tf_resource_type=aws_subnet http.duration=267
  http.response.body=
  | <?xml version="1.0" encoding="UTF-8"?>
  | <DescribeSubnetsResponse xmlns="http://ec2.amazonaws.com/doc/2016-11-15/">
  |     <requestId>e01e2f68-e2a2-479f-be3b-3c50568b9e95</requestId>
  |     <subnetSet>
  |         <item>
  |             <subnetId>subnet-0fffc66a981a031e4</subnetId>
  |             <subnetArn>arn:aws:ec2:eu-west-1:234334047980:subnet/subnet-0fffc66a981a031e4</subnetArn>
  |             <state>available</state>
  |             <ownerId>234334047980</ownerId>
  |             <vpcId>vpc-0705f0a7ccf33b1ad</vpcId>
  |             <cidrBlock>10.0.3.0/24</cidrBlock>
  |             <ipv6CidrBlockAssociationSet/>
  |             <availableIpAddressCount>249</availableIpAddressCount>
  |             <availabilityZone>eu-west-1b</availabilityZone>
  |             <availabilityZoneId>euw1-az3</availabilityZoneId>
  |             <defaultForAz>false</defaultForAz>
  |             <mapPublicIpOnLaunch>false</mapPublicIpOnLaunch>
  |             <tagSet>
  |                 <item>
  |                     <key>Project</key>
  |                     <value>sportfolio</value>
  |                 </item>
  |                 <item>
  |                     <key>Name</key>
  |                     <value>sportfolio-private-subnet</value>
  |                 </item>
  |                 <item>
  |                     <key>Environment</key>
  |                     <value>production</value>
  |                 </item>
  |                 <item>
  |                     <key>ManagedBy</key>
  |                     <value>terraform</value>
  |                 </item>
  |             </tagSet>
  |             <assignIpv6AddressOnCreation>false</assignIpv6AddressOnCreation>
  |             <mapCustomerOwnedIpOnLaunch>false</mapCustomerOwnedIpOnLaunch>
  |             <privateDnsNameOptionsOnLaunch>
  |                 <hostnameType>ip-name</hostnameType>
  |                 <enableResourceNameDnsARecord>false</enableResourceNameDnsARecord>
  |                 <enableResourceNameDnsAAAARecord>false</enableResourceNameDnsAAAARecord>
  |             </privateDnsNameOptionsOnLaunch>
  |             <ipv6Native>false</ipv6Native>
  |             <enableDns64>false</enableDns64>
  |             <blockPublicAccessStates>
  |                 <internetGatewayBlockMode>off</internetGatewayBlockMode>
  |             </blockPublicAccessStates>
  |         </item>
  |     </subnetSet>
  | </DescribeSubnetsResponse>
   tf_aws.signing_region="" tf_mux_provider="*schema.GRPCProviderServer" tf_rpc=ReadResource @caller=github.com/hashicorp/aws-sdk-go-base/v2@v2.0.0-beta.65/logging/tf_logger.go:45 http.response.header.strict_transport_security="max-age=31536000; includeSubDomains" http.status_code=200 @module=aws http.response.header.cache_control="no-cache, no-store" http.response.header.content_type=text/xml;charset=UTF-8 http.response.header.date="Sun, 27 Sep 2026 22:26:16 GMT" http.response.header.server=AmazonEC2 http.response.header.vary=accept-encoding http.response.header.x_amzn_requestid=e01e2f68-e2a2-479f-be3b-3c50568b9e95 aws.region=eu-west-1 rpc.method=DescribeSubnets rpc.service=EC2 timestamp="2026-09-27T23:26:17.021+0100"
2026-09-27T23:26:17.021+0100 [DEBUG] ReferenceTransformer: "module.network.aws_route_table_association.public" references: []
2026-09-27T23:26:17.023+0100 [DEBUG] provider.terraform-provider-aws_v5.100.0_x5.exe: HTTP Response Received: @module=aws tf_aws.signing_region="" http.response.header.x_amz_request_id=2M99MWV9DNJ8YVTP rpc.service=S3 rpc.system=aws-api tf_req_id=6e014bc5-46ad-01af-f780-8b9a042d07d6 http.response.header.x_amz_id_2="wiSWTpb5XR+M0x5CHPQyiKOhWjufuDo6TPDejpjXJIcQZiVAjdzchd7946ymAOi44sOdL4hFlfJE4iEEl56AfwIOGchJXrCt" rpc.method=GetBucketVersioning http.duration=60
  http.response.body=
  | <?xml version="1.0" encoding="UTF-8"?>
  | <VersioningConfiguration xmlns="http://s3.amazonaws.com/doc/2006-03-01/"><Status>Enabled</Status></VersioningConfiguration>
   http.response.header.server=AmazonS3 tf_aws.sdk=aws-sdk-go-v2 tf_mux_provider="*schema.GRPCProviderServer" aws.region=eu-west-1 http.response.header.date="Sun, 27 Sep 2026 22:26:17 GMT" http.status_code=200 tf_provider_addr=registry.terraform.io/hashicorp/aws tf_resource_type=aws_s3_bucket_versioning tf_rpc=ReadResource @caller=github.com/hashicorp/aws-sdk-go-base/v2@v2.0.0-beta.65/logging/tf_logger.go:45 timestamp="2026-09-27T23:26:17.023+0100"
2026-09-27T23:26:17.025+0100 [DEBUG] provider.terraform-provider-aws_v5.100.0_x5.exe: [DEBUG] Waiting for state to become: [success]
2026-09-27T23:26:17.027+0100 [DEBUG] provider.terraform-provider-aws_v5.100.0_x5.exe: HTTP Request Sent: http.request.header.amz_sdk_invocation_id=c91f18b8-7b14-40cc-9866-5ea9b01f3a5c http.request.header.amz_sdk_request="attempt=1; max=25" http.request.header.x_amz_date=20260927T222617Z http.user_agent="APN/1.0 HashiCorp/1.0 Terraform/1.15.3 (+https://www.terraform.io) terraform-provider-aws/5.100.0 (+https://registry.terraform.io/providers/hashicorp/aws) aws-sdk-go-v2/1.36.3 ua/2.1 os/windows lang/go#1.23.10 md/GOOS#windows md/GOARCH#amd64 api/ec2#1.224.1 m/C,n" tf_provider_addr=registry.terraform.io/hashicorp/aws tf_mux_provider="*schema.GRPCProviderServer" tf_resource_type=aws_security_group_rule http.request_content_length=79 @module=aws http.method=POST http.url=https://ec2.eu-west-1.amazonaws.com/ net.peer.name=ec2.eu-west-1.amazonaws.com rpc.method=DescribeSecurityGroups rpc.service=EC2
  http.request.body=
  | Action=DescribeSecurityGroups&GroupId.1=sg-0c8d987c287246a75&Version=2016-11-15
   http.request.header.authorization="AWS4-HMAC-SHA256 Credential=AKIA************SZUM/20260927/eu-west-1/ec2/aws4_request, SignedHeaders=amz-sdk-invocation-id;amz-sdk-request;content-length;content-type;host;x-amz-date, Signature=*****" http.request.header.content_type=application/x-www-form-urlencoded rpc.system=aws-api tf_aws.sdk=aws-sdk-go-v2 tf_aws.signing_region="" tf_req_id=7a7324cb-d8c8-b3c0-12d6-249e306cedd3 tf_rpc=ReadResource @caller=github.com/hashicorp/aws-sdk-go-base/v2@v2.0.0-beta.65/logging/tf_logger.go:45 aws.region=eu-west-1 timestamp="2026-09-27T23:26:17.026+0100"
2026-09-27T23:26:17.027+0100 [DEBUG] provider.terraform-provider-aws_v5.100.0_x5.exe: HTTP Response Received: @module=aws aws.region=eu-west-1
  http.response.body=
  | <?xml version="1.0" encoding="UTF-8"?>
  | <DescribeSecurityGroupsResponse xmlns="http://ec2.amazonaws.com/doc/2016-11-15/">
  |     <requestId>b7e69dd3-d545-469d-8b85-3085c1a073e8</requestId>
  |     <securityGroupInfo>
  |         <item>
  |             <ownerId>234334047980</ownerId>
  |             <groupId>sg-0c8d987c287246a75</groupId>
  |             <groupName>sportfolio-vpc-endpoint-sg</groupName>
  |             <groupDescription>Security group for VPC interface endpoints</groupDescription>
  |             <vpcId>vpc-0705f0a7ccf33b1ad</vpcId>
  |             <ipPermissions>
  |                 <item>
  |                     <ipProtocol>tcp</ipProtocol>
  |                     <fromPort>443</fromPort>
  |                     <toPort>443</toPort>
  |                     <groups>
  |                         <item>
  |                             <userId>234334047980</userId>
  |                             <groupId>sg-0184e1eb3dcefde41</groupId>
  |                             <description>HTTPS from dispatcher Lambda</description>
  |                         </item>
  |                         <item>
  |                             <userId>234334047980</userId>
  |                             <groupId>sg-0b688d88bf9f0e287</groupId>
  |                             <description>HTTPS from ECS ingestion workers</description>
  |                         </item>
  |                     </groups>
  |                     <ipRanges/>
  |                     <ipv6Ranges/>
  |                     <prefixListIds/>
  |                 </item>
  |             </ipPermissions>
  |             <ipPermissionsEgress>
  |                 <item>
  |                     <ipProtocol>-1</ipProtocol>
  |                     <groups/>
  |                     <ipRanges>
  |                         <item>
  |                             <cidrIp>0.0.0.0/0</cidrIp>
  |                         </item>
  |                     </ipRanges>
  |                     <ipv6Ranges/>
  |                     <prefixListIds/>
  |                 </item>
  |             </ipPermissionsEgress>
  |             <tagSet>
  |                 <item>
  |                     <key>ManagedBy</key>
  |                     <value>terraform</value>
  |                 </item>
  |                 <item>
  |                     <key>Project</key>
  |                     <value>sportfolio</value>
  |                 </item>
  |                 <item>
  |                     <key>Environment</key>
  |                     <value>production</value>
  |                 </item>
  |             </tagSet>
  |             <securityGroupArn>arn:aws:ec2:eu-west-1:234334047980:security-group/sg-0c8d987c287246a75</securityGroupArn>
  |         </item>
  |     </securityGroupInfo>
  | </DescribeSecurityGroupsResponse>
   http.response.header.date="Sun, 27 Sep 2026 22:26:17 GMT" http.response.header.server=AmazonEC2 http.status_code=200 rpc.method=DescribeSecurityGroups http.response.header.cache_control="no-cache, no-store" http.response.header.vary=accept-encoding tf_rpc=ReadResource http.duration=107 http.response.header.strict_transport_security="max-age=31536000; includeSubDomains" rpc.service=EC2 tf_aws.signing_region="" tf_mux_provider="*schema.GRPCProviderServer" tf_provider_addr=registry.terraform.io/hashicorp/aws tf_req_id=4a14e7a3-208c-d17d-c072-81d33d175766 @caller=github.com/hashicorp/aws-sdk-go-base/v2@v2.0.0-beta.65/logging/tf_logger.go:45 http.response.header.content_type=text/xml;charset=UTF-8 http.response.header.x_amzn_requestid=b7e69dd3-d545-469d-8b85-3085c1a073e8 rpc.system=aws-api tf_aws.sdk=aws-sdk-go-v2 tf_resource_type=aws_security_group_rule timestamp="2026-09-27T23:26:17.026+0100"
2026-09-27T23:26:17.028+0100 [DEBUG] provider.terraform-provider-aws_v5.100.0_x5.exe: HTTP Request Sent: http.url=https://ec2.eu-west-1.amazonaws.com/ http.user_agent="APN/1.0 HashiCorp/1.0 Terraform/1.15.3 (+https://www.terraform.io) terraform-provider-aws/5.100.0 (+https://registry.terraform.io/providers/hashicorp/aws) aws-sdk-go-v2/1.36.3 ua/2.1 os/windows lang/go#1.23.10 md/GOOS#windows md/GOARCH#amd64 api/ec2#1.224.1 m/C,n" tf_mux_provider="*schema.GRPCProviderServer" tf_provider_addr=registry.terraform.io/hashicorp/aws tf_resource_type=aws_security_group_rule aws.region=eu-west-1
  http.request.body=
  | Action=DescribeSecurityGroupRules&Filter.1.Name=group-id&Filter.1.Value.1=sg-0c8d987c287246a75&Version=2016-11-15
   http.request.header.amz_sdk_invocation_id=a2eb0fa0-2e13-4301-af28-3dc202e92ea0 http.request.header.content_type=application/x-www-form-urlencoded rpc.method=DescribeSecurityGroupRules tf_aws.sdk=aws-sdk-go-v2 @caller=github.com/hashicorp/aws-sdk-go-base/v2@v2.0.0-beta.65/logging/tf_logger.go:45 @module=aws http.request_content_length=113 tf_req_id=4a14e7a3-208c-d17d-c072-81d33d175766 tf_rpc=ReadResource http.request.header.x_amz_date=20260927T222617Z http.method=POST http.request.header.authorization="AWS4-HMAC-SHA256 Credential=AKIA************SZUM/20260927/eu-west-1/ec2/aws4_request, SignedHeaders=amz-sdk-invocation-id;amz-sdk-request;content-length;content-type;host;x-amz-date, Signature=*****" net.peer.name=ec2.eu-west-1.amazonaws.com rpc.service=EC2 rpc.system=aws-api tf_aws.signing_region="" http.request.header.amz_sdk_request="attempt=1; max=25" timestamp="2026-09-27T23:26:17.028+0100"
2026-09-27T23:26:17.030+0100 [WARN]  Provider "registry.terraform.io/hashicorp/aws" produced an invalid plan for module.network.aws_subnet.private-b, but we are tolerating it because it is using the legacy plugin SDK.
    The following problems may be the cause of any confusing errors from downstream operations:
      - .enable_resource_name_dns_a_record_on_launch: planned value cty.False for a non-computed attribute
      - .enable_dns64: planned value cty.False for a non-computed attribute
      - .enable_lni_at_device_index: planned value cty.NumberIntVal(0) for a non-computed attribute
      - .enable_resource_name_dns_aaaa_record_on_launch: planned value cty.False for a non-computed attribute
      - .ipv6_native: planned value cty.False for a non-computed attribute
      - .assign_ipv6_address_on_creation: planned value cty.False for a non-computed attribute
      - .ipv6_cidr_block: planned value cty.StringVal("") for a non-computed attribute
      - .map_customer_owned_ip_on_launch: planned value cty.False for a non-computed attribute
      - .outpost_arn: planned value cty.StringVal("") for a non-computed attribute
      - .customer_owned_ipv4_pool: planned value cty.StringVal("") for a non-computed attribute
      - .map_public_ip_on_launch: planned value cty.False for a non-computed attribute
2026-09-27T23:26:17.031+0100 [WARN]  Provider "registry.terraform.io/hashicorp/aws" produced an invalid plan for module.progress_photo_s3.aws_s3_bucket_versioning.progress_photos, but we are tolerating it because it is using the legacy plugin SDK.
    The following problems may be the cause of any confusing errors from downstream operations:
      - .expected_bucket_owner: planned value cty.StringVal("") for a non-computed attribute
2026-09-27T23:26:17.032+0100 [DEBUG] ReferenceTransformer: "module.network.aws_db_subnet_group.this" references: []
2026-09-27T23:26:17.032+0100 [DEBUG] ReferenceTransformer: "module.network.aws_route_table_association.private_b" references: []
2026-09-27T23:26:17.034+0100 [DEBUG] provider.terraform-provider-aws_v5.100.0_x5.exe: [DEBUG] Waiting for state to become: [success]
2026-09-27T23:26:17.117+0100 [DEBUG] provider.terraform-provider-aws_v5.100.0_x5.exe: HTTP Response Received: tf_resource_type=aws_security_group_rule http.response.header.strict_transport_security="max-age=31536000; includeSubDomains" @module=aws
  http.response.body=
  | <?xml version="1.0" encoding="UTF-8"?>
  | <DescribeSecurityGroupRulesResponse xmlns="http://ec2.amazonaws.com/doc/2016-11-15/">
  |     <requestId>32555625-8a9b-4234-af4b-c9b8367e05fc</requestId>
  |     <securityGroupRuleSet>
  |         <item>
  |             <description>Postgres from ECS ingestion workers</description>
  |             <fromPort>5432</fromPort>
  |             <groupId>sg-0fc2558523c6123bb</groupId>
  |             <groupOwnerId>234334047980</groupOwnerId>
  |             <ipProtocol>tcp</ipProtocol>
  |             <isEgress>false</isEgress>
  |             <referencedGroupInfo>
  |                 <groupId>sg-0b688d88bf9f0e287</groupId>
  |                 <userId>234334047980</userId>
  |             </referencedGroupInfo>
  |             <securityGroupRuleArn>arn:aws:ec2:eu-west-1:234334047980:security-group-rule/sgr-001d1b22fc9b1c2c8</securityGroupRuleArn>
  |             <securityGroupRuleId>sgr-001d1b22fc9b1c2c8</securityGroupRuleId>
  |             <tagSet/>
  |             <toPort>5432</toPort>
  |         </item>
  |         <item>
  |             <description>Postgres from dispatcher Lambda</description>
  |             <fromPort>5432</fromPort>
  |             <groupId>sg-0fc2558523c6123bb</groupId>
  |             <groupOwnerId>234334047980</groupOwnerId>
  |             <ipProtocol>tcp</ipProtocol>
  |             <isEgress>false</isEgress>
  |             <referencedGroupInfo>
  |                 <groupId>sg-0184e1eb3dcefde41</groupId>
  |                 <userId>234334047980</userId>
  |             </referencedGroupInfo>
  |             <securityGroupRuleArn>arn:aws:ec2:eu-west-1:234334047980:security-group-rule/sgr-00fc867580d19535d</securityGroupRuleArn>
  |             <securityGroupRuleId>sgr-00fc867580d19535d</securityGroupRuleId>
  |             <tagSet/>
  |             <toPort>5432</toPort>
  |         </item>
  |         <item>
  |             <cidrIpv4>0.0.0.0/0</cidrIpv4>
  |             <fromPort>-1</fromPort>
  |             <groupId>sg-0fc2558523c6123bb</groupId>
  |             <groupOwnerId>234334047980</groupOwnerId>
  |             <ipProtocol>-1</ipProtocol>
  |             <isEgress>true</isEgress>
  |             <securityGroupRuleArn>arn:aws:ec2:eu-west-1:234334047980:security-group-rule/sgr-069da4882f24be6cb</securityGroupRuleArn>
  |             <securityGroupRuleId>sgr-069da4882f24be6cb</securityGroupRuleId>
  |             <tagSet/>
  |             <toPort>-1</toPort>
  |         </item>
  |         <item>
  |             <cidrIpv4>196.118.112.98/32</cidrIpv4>
  |             <description>Postgres from allowed IPs</description>
  |             <fromPort>5432</fromPort>
  |             <groupId>sg-0fc2558523c6123bb</groupId>
  |             <groupOwnerId>234334047980</groupOwnerId>
  |             <ipProtocol>tcp</ipProtocol>
  |             <isEgress>false</isEgress>
  |             <securityGroupRuleArn>arn:aws:ec2:eu-west-1:234334047980:security-group-rule/sgr-0b387ea19b2f308a4</securityGroupRuleArn>
  |             <securityGroupRuleId>sgr-0b387ea19b2f308a4</securityGroupRuleId>
  |             <tagSet/>
  |             <toPort>5432</toPort>
  |         </item>
  |     </securityGroupRuleSet>
  | </DescribeSecurityGroupRulesResponse>
   http.response.header.server=AmazonEC2 rpc.method=DescribeSecurityGroupRules rpc.service=EC2 tf_req_id=0ef5bfc8-c1c9-553d-3f57-9a60522f05ad @caller=github.com/hashicorp/aws-sdk-go-base/v2@v2.0.0-beta.65/logging/tf_logger.go:45 http.response.header.vary=accept-encoding tf_aws.signing_region="" tf_rpc=ReadResource http.duration=135 http.response.header.cache_control="no-cache, no-store" http.response.header.date="Sun, 27 Sep 2026 22:26:17 GMT" tf_aws.sdk=aws-sdk-go-v2 aws.region=eu-west-1 http.response.header.content_type=text/xml;charset=UTF-8 http.response.header.x_amzn_requestid=32555625-8a9b-4234-af4b-c9b8367e05fc http.status_code=200 rpc.system=aws-api tf_mux_provider="*schema.GRPCProviderServer" tf_provider_addr=registry.terraform.io/hashicorp/aws timestamp="2026-09-27T23:26:17.116+0100"
2026-09-27T23:26:17.120+0100 [DEBUG] provider.terraform-provider-aws_v5.100.0_x5.exe: HTTP Response Received: tf_mux_provider="*schema.GRPCProviderServer" tf_resource_type=aws_security_group_rule http.duration=112 http.response.header.content_type=text/xml;charset=UTF-8 http.response.header.vary=accept-encoding tf_aws.signing_region="" tf_req_id=a21cac57-8eab-48c9-c114-486eab7b4d5c @caller=github.com/hashicorp/aws-sdk-go-base/v2@v2.0.0-beta.65/logging/tf_logger.go:45 http.response.header.server=AmazonEC2 http.status_code=200 rpc.method=DescribeSecurityGroups tf_provider_addr=registry.terraform.io/hashicorp/aws
  http.response.body=
  | <?xml version="1.0" encoding="UTF-8"?>
  | <DescribeSecurityGroupsResponse xmlns="http://ec2.amazonaws.com/doc/2016-11-15/">
  |     <requestId>196e84f5-d241-4eba-acd6-7feaf7c1ce64</requestId>
  |     <securityGroupInfo>
  |         <item>
  |             <ownerId>234334047980</ownerId>
  |             <groupId>sg-0fc2558523c6123bb</groupId>
  |             <groupName>sportfolio-rds-sg</groupName>
  |             <groupDescription>Allow Postgres access from allowed IPs and ECS/Lambda</groupDescription>
  |             <vpcId>vpc-0705f0a7ccf33b1ad</vpcId>
  |             <ipPermissions>
  |                 <item>
  |                     <ipProtocol>tcp</ipProtocol>
  |                     <fromPort>5432</fromPort>
  |                     <toPort>5432</toPort>
  |                     <groups>
  |                         <item>
  |                             <userId>234334047980</userId>
  |                             <groupId>sg-0184e1eb3dcefde41</groupId>
  |                             <description>Postgres from dispatcher Lambda</description>
  |                         </item>
  |                         <item>
  |                             <userId>234334047980</userId>
  |                             <groupId>sg-0b688d88bf9f0e287</groupId>
  |                             <description>Postgres from ECS ingestion workers</description>
  |                         </item>
  |                     </groups>
  |                     <ipRanges>
  |                         <item>
  |                             <cidrIp>196.118.112.98/32</cidrIp>
  |                             <description>Postgres from allowed IPs</description>
  |                         </item>
  |                     </ipRanges>
  |                     <ipv6Ranges/>
  |                     <prefixListIds/>
  |                 </item>
  |             </ipPermissions>
  |             <ipPermissionsEgress>
  |                 <item>
  |                     <ipProtocol>-1</ipProtocol>
  |                     <groups/>
  |                     <ipRanges>
  |                         <item>
  |                             <cidrIp>0.0.0.0/0</cidrIp>
  |                         </item>
  |                     </ipRanges>
  |                     <ipv6Ranges/>
  |                     <prefixListIds/>
  |                 </item>
  |             </ipPermissionsEgress>
  |             <tagSet>
  |                 <item>
  |                     <key>Project</key>
  |                     <value>sportfolio</value>
  |                 </item>
  |                 <item>
  |                     <key>ManagedBy</key>
  |                     <value>terraform</value>
  |                 </item>
  |                 <item>
  |                     <key>Environment</key>
  |                     <value>production</value>
  |                 </item>
  |             </tagSet>
  |             <securityGroupArn>arn:aws:ec2:eu-west-1:234334047980:security-group/sg-0fc2558523c6123bb</securityGroupArn>
  |         </item>
  |     </securityGroupInfo>
  | </DescribeSecurityGroupsResponse>
   http.response.header.cache_control="no-cache, no-store" http.response.header.date="Sun, 27 Sep 2026 22:26:17 GMT" http.response.header.strict_transport_security="max-age=31536000; includeSubDomains" rpc.service=EC2 tf_rpc=ReadResource @module=aws aws.region=eu-west-1 http.response.header.x_amzn_requestid=196e84f5-d241-4eba-acd6-7feaf7c1ce64 rpc.system=aws-api tf_aws.sdk=aws-sdk-go-v2 timestamp="2026-09-27T23:26:17.120+0100"
2026-09-27T23:26:17.120+0100 [DEBUG] provider.terraform-provider-aws_v5.100.0_x5.exe: HTTP Request Sent: http.request.header.amz_sdk_invocation_id=13e4d328-745a-492a-b153-cedc23378bff http.request.header.amz_sdk_request="attempt=1; max=25" http.request.header.content_type=application/x-www-form-urlencoded http.url=https://ec2.eu-west-1.amazonaws.com/ http.user_agent="APN/1.0 HashiCorp/1.0 Terraform/1.15.3 (+https://www.terraform.io) terraform-provider-aws/5.100.0 (+https://registry.terraform.io/providers/hashicorp/aws) aws-sdk-go-v2/1.36.3 ua/2.1 os/windows lang/go#1.23.10 md/GOOS#windows md/GOARCH#amd64 api/ec2#1.224.1 m/C,n" rpc.method=DescribeSecurityGroupRules tf_aws.sdk=aws-sdk-go-v2 aws.region=eu-west-1 http.method=POST
  http.request.body=
  | Action=DescribeSecurityGroupRules&Filter.1.Name=group-id&Filter.1.Value.1=sg-0fc2558523c6123bb&Version=2016-11-15
   net.peer.name=ec2.eu-west-1.amazonaws.com rpc.service=EC2 tf_aws.signing_region="" tf_mux_provider="*schema.GRPCProviderServer" http.request.header.authorization="AWS4-HMAC-SHA256 Credential=AKIA************SZUM/20260927/eu-west-1/ec2/aws4_request, SignedHeaders=amz-sdk-invocation-id;amz-sdk-request;content-length;content-type;host;x-amz-date, Signature=*****" rpc.system=aws-api tf_provider_addr=registry.terraform.io/hashicorp/aws tf_req_id=a21cac57-8eab-48c9-c114-486eab7b4d5c tf_resource_type=aws_security_group_rule tf_rpc=ReadResource @caller=github.com/hashicorp/aws-sdk-go-base/v2@v2.0.0-beta.65/logging/tf_logger.go:45 @module=aws http.request.header.x_amz_date=20260927T222617Z http.request_content_length=113 timestamp="2026-09-27T23:26:17.120+0100"
2026-09-27T23:26:17.121+0100 [DEBUG] provider.terraform-provider-aws_v5.100.0_x5.exe: HTTP Request Sent: @module=aws aws.region=eu-west-1 http.url=https://ec2.eu-west-1.amazonaws.com/ http.user_agent="APN/1.0 HashiCorp/1.0 Terraform/1.15.3 (+https://www.terraform.io) terraform-provider-aws/5.100.0 (+https://registry.terraform.io/providers/hashicorp/aws) aws-sdk-go-v2/1.36.3 ua/2.1 os/windows lang/go#1.23.10 md/GOOS#windows md/GOARCH#amd64 api/ec2#1.224.1 m/C,n" net.peer.name=ec2.eu-west-1.amazonaws.com rpc.system=aws-api tf_mux_provider="*schema.GRPCProviderServer" http.method=POST http.request.header.amz_sdk_invocation_id=816c19be-7f8a-4b36-b9ac-54862b182065 http.request.header.amz_sdk_request="attempt=1; max=25" http.request.header.content_type=application/x-www-form-urlencoded http.request.header.x_amz_date=20260927T222617Z http.request_content_length=142 rpc.method=DescribeRouteTables
  http.request.body=
  | Action=DescribeRouteTables&Filter.1.Name=association.route-table-association-id&Filter.1.Value.1=rtbassoc-0bb0a1b1b1aba1d02&Version=2016-11-15
   http.request.header.authorization="AWS4-HMAC-SHA256 Credential=AKIA************SZUM/20260927/eu-west-1/ec2/aws4_request, SignedHeaders=amz-sdk-invocation-id;amz-sdk-request;content-length;content-type;host;x-amz-date, Signature=*****" rpc.service=EC2 tf_provider_addr=registry.terraform.io/hashicorp/aws @caller=github.com/hashicorp/aws-sdk-go-base/v2@v2.0.0-beta.65/logging/tf_logger.go:45 tf_aws.sdk=aws-sdk-go-v2 tf_aws.signing_region="" tf_req_id=a5ca85ef-509a-032c-15ae-845876c9cc58 tf_resource_type=aws_route_table_association tf_rpc=ReadResource timestamp="2026-09-27T23:26:17.121+0100"
2026-09-27T23:26:17.122+0100 [DEBUG] provider.terraform-provider-aws_v5.100.0_x5.exe: HTTP Request Sent: http.method=POST http.request.header.amz_sdk_invocation_id=55e9d934-25ec-40b1-98a2-29a1bdfe93e0 http.request.header.content_type=application/x-www-form-urlencoded http.request.header.x_amz_date=20260927T222617Z tf_resource_type=aws_route_table_association @caller=github.com/hashicorp/aws-sdk-go-base/v2@v2.0.0-beta.65/logging/tf_logger.go:45
  http.request.body=
  | Action=DescribeRouteTables&Filter.1.Name=association.route-table-association-id&Filter.1.Value.1=rtbassoc-0d0923b2cba0d0d08&Version=2016-11-15
   http.request.header.amz_sdk_request="attempt=1; max=25" http.request.header.authorization="AWS4-HMAC-SHA256 Credential=AKIA************SZUM/20260927/eu-west-1/ec2/aws4_request, SignedHeaders=amz-sdk-invocation-id;amz-sdk-request;content-length;content-type;host;x-amz-date, Signature=*****" http.user_agent="APN/1.0 HashiCorp/1.0 Terraform/1.15.3 (+https://www.terraform.io) terraform-provider-aws/5.100.0 (+https://registry.terraform.io/providers/hashicorp/aws) aws-sdk-go-v2/1.36.3 ua/2.1 os/windows lang/go#1.23.10 md/GOOS#windows md/GOARCH#amd64 api/ec2#1.224.1 m/C,n" rpc.method=DescribeRouteTables rpc.service=EC2 tf_req_id=47b44928-7474-3109-3a39-e259ccdc1962 http.request_content_length=142 aws.region=eu-west-1 http.url=https://ec2.eu-west-1.amazonaws.com/ rpc.system=aws-api tf_mux_provider="*schema.GRPCProviderServer" tf_provider_addr=registry.terraform.io/hashicorp/aws tf_rpc=ReadResource net.peer.name=ec2.eu-west-1.amazonaws.com tf_aws.sdk=aws-sdk-go-v2 tf_aws.signing_region="" @module=aws timestamp="2026-09-27T23:26:17.121+0100"
2026-09-27T23:26:17.123+0100 [DEBUG] provider.terraform-provider-aws_v5.100.0_x5.exe: HTTP Response Received: rpc.service=EC2 rpc.system=aws-api tf_req_id=4a14e7a3-208c-d17d-c072-81d33d175766 aws.region=eu-west-1
  http.response.body=
  | <?xml version="1.0" encoding="UTF-8"?>
  | <DescribeSecurityGroupRulesResponse xmlns="http://ec2.amazonaws.com/doc/2016-11-15/">
  |     <requestId>b0dfb624-d2f2-46fb-b7aa-55d23fff1a0c</requestId>
  |     <securityGroupRuleSet>
  |         <item>
  |             <cidrIpv4>0.0.0.0/0</cidrIpv4>
  |             <fromPort>-1</fromPort>
  |             <groupId>sg-0c8d987c287246a75</groupId>
  |             <groupOwnerId>234334047980</groupOwnerId>
  |             <ipProtocol>-1</ipProtocol>
  |             <isEgress>true</isEgress>
  |             <securityGroupRuleArn>arn:aws:ec2:eu-west-1:234334047980:security-group-rule/sgr-0ded3e86c96becffa</securityGroupRuleArn>
  |             <securityGroupRuleId>sgr-0ded3e86c96becffa</securityGroupRuleId>
  |             <tagSet/>
  |             <toPort>-1</toPort>
  |         </item>
  |         <item>
  |             <description>HTTPS from dispatcher Lambda</description>
  |             <fromPort>443</fromPort>
  |             <groupId>sg-0c8d987c287246a75</groupId>
  |             <groupOwnerId>234334047980</groupOwnerId>
  |             <ipProtocol>tcp</ipProtocol>
  |             <isEgress>false</isEgress>
  |             <referencedGroupInfo>
  |                 <groupId>sg-0184e1eb3dcefde41</groupId>
  |                 <userId>234334047980</userId>
  |             </referencedGroupInfo>
  |             <securityGroupRuleArn>arn:aws:ec2:eu-west-1:234334047980:security-group-rule/sgr-0787a544a54242410</securityGroupRuleArn>
  |             <securityGroupRuleId>sgr-0787a544a54242410</securityGroupRuleId>
  |             <tagSet/>
  |             <toPort>443</toPort>
  |         </item>
  |         <item>
  |             <description>HTTPS from ECS ingestion workers</description>
  |             <fromPort>443</fromPort>
  |             <groupId>sg-0c8d987c287246a75</groupId>
  |             <groupOwnerId>234334047980</groupOwnerId>
  |             <ipProtocol>tcp</ipProtocol>
  |             <isEgress>false</isEgress>
  |             <referencedGroupInfo>
  |                 <groupId>sg-0b688d88bf9f0e287</groupId>
  |                 <userId>234334047980</userId>
  |             </referencedGroupInfo>
  |             <securityGroupRuleArn>arn:aws:ec2:eu-west-1:234334047980:security-group-rule/sgr-0fa0467a96ad592f0</securityGroupRuleArn>
  |             <securityGroupRuleId>sgr-0fa0467a96ad592f0</securityGroupRuleId>
  |             <tagSet/>
  |             <toPort>443</toPort>
  |         </item>
  |     </securityGroupRuleSet>
  | </DescribeSecurityGroupRulesResponse>
   http.response.header.cache_control="no-cache, no-store" tf_provider_addr=registry.terraform.io/hashicorp/aws tf_resource_type=aws_security_group_rule @caller=github.com/hashicorp/aws-sdk-go-base/v2@v2.0.0-beta.65/logging/tf_logger.go:45 http.response.header.vary=accept-encoding http.response.header.x_amzn_requestid=b0dfb624-d2f2-46fb-b7aa-55d23fff1a0c http.status_code=200 tf_aws.sdk=aws-sdk-go-v2 tf_aws.signing_region="" tf_mux_provider="*schema.GRPCProviderServer" tf_rpc=ReadResource @module=aws http.response.header.date="Sun, 27 Sep 2026 22:26:17 GMT" http.duration=94 http.response.header.content_type=text/xml;charset=UTF-8 http.response.header.server=AmazonEC2 http.response.header.strict_transport_security="max-age=31536000; includeSubDomains" rpc.method=DescribeSecurityGroupRules timestamp="2026-09-27T23:26:17.122+0100"
2026-09-27T23:26:17.136+0100 [DEBUG] provider.terraform-provider-aws_v5.100.0_x5.exe: HTTP Response Received: tf_provider_addr=registry.terraform.io/hashicorp/aws tf_req_id=7a7324cb-d8c8-b3c0-12d6-249e306cedd3 tf_rpc=ReadResource @caller=github.com/hashicorp/aws-sdk-go-base/v2@v2.0.0-beta.65/logging/tf_logger.go:45 aws.region=eu-west-1 rpc.system=aws-api tf_resource_type=aws_security_group_rule http.response.header.vary=accept-encoding http.response.header.x_amzn_requestid=a96c1de7-b457-4526-a979-8ef610963778 rpc.method=DescribeSecurityGroups rpc.service=EC2 tf_aws.sdk=aws-sdk-go-v2 http.response.header.strict_transport_security="max-age=31536000; includeSubDomains" http.duration=108
  http.response.body=
  | <?xml version="1.0" encoding="UTF-8"?>
  | <DescribeSecurityGroupsResponse xmlns="http://ec2.amazonaws.com/doc/2016-11-15/">
  |     <requestId>a96c1de7-b457-4526-a979-8ef610963778</requestId>
  |     <securityGroupInfo>
  |         <item>
  |             <ownerId>234334047980</ownerId>
  |             <groupId>sg-0c8d987c287246a75</groupId>
  |             <groupName>sportfolio-vpc-endpoint-sg</groupName>
  |             <groupDescription>Security group for VPC interface endpoints</groupDescription>
  |             <vpcId>vpc-0705f0a7ccf33b1ad</vpcId>
  |             <ipPermissions>
  |                 <item>
  |                     <ipProtocol>tcp</ipProtocol>
  |                     <fromPort>443</fromPort>
  |                     <toPort>443</toPort>
  |                     <groups>
  |                         <item>
  |                             <userId>234334047980</userId>
  |                             <groupId>sg-0184e1eb3dcefde41</groupId>
  |                             <description>HTTPS from dispatcher Lambda</description>
  |                         </item>
  |                         <item>
  |                             <userId>234334047980</userId>
  |                             <groupId>sg-0b688d88bf9f0e287</groupId>
  |                             <description>HTTPS from ECS ingestion workers</description>
  |                         </item>
  |                     </groups>
  |                     <ipRanges/>
  |                     <ipv6Ranges/>
  |                     <prefixListIds/>
  |                 </item>
  |             </ipPermissions>
  |             <ipPermissionsEgress>
  |                 <item>
  |                     <ipProtocol>-1</ipProtocol>
  |                     <groups/>
  |                     <ipRanges>
  |                         <item>
  |                             <cidrIp>0.0.0.0/0</cidrIp>
  |                         </item>
  |                     </ipRanges>
  |                     <ipv6Ranges/>
  |                     <prefixListIds/>
  |                 </item>
  |             </ipPermissionsEgress>
  |             <tagSet>
  |                 <item>
  |                     <key>ManagedBy</key>
  |                     <value>terraform</value>
  |                 </item>
  |                 <item>
  |                     <key>Project</key>
  |                     <value>sportfolio</value>
  |                 </item>
  |                 <item>
  |                     <key>Environment</key>
  |                     <value>production</value>
  |                 </item>
  |             </tagSet>
  |             <securityGroupArn>arn:aws:ec2:eu-west-1:234334047980:security-group/sg-0c8d987c287246a75</securityGroupArn>
  |         </item>
  |     </securityGroupInfo>
  | </DescribeSecurityGroupsResponse>
   http.response.header.content_type=text/xml;charset=UTF-8 http.response.header.date="Sun, 27 Sep 2026 22:26:17 GMT" http.status_code=200 tf_mux_provider="*schema.GRPCProviderServer" @module=aws http.response.header.cache_control="no-cache, no-store" http.response.header.server=AmazonEC2 tf_aws.signing_region="" timestamp="2026-09-27T23:26:17.135+0100"
2026-09-27T23:26:17.136+0100 [DEBUG] provider.terraform-provider-aws_v5.100.0_x5.exe: HTTP Request Sent: http.user_agent="APN/1.0 HashiCorp/1.0 Terraform/1.15.3 (+https://www.terraform.io) terraform-provider-aws/5.100.0 (+https://registry.terraform.io/providers/hashicorp/aws) aws-sdk-go-v2/1.36.3 ua/2.1 os/windows lang/go#1.23.10 md/GOOS#windows md/GOARCH#amd64 api/ec2#1.224.1 m/C,n" rpc.method=DescribeSecurityGroupRules rpc.service=EC2 tf_aws.signing_region="" @caller=github.com/hashicorp/aws-sdk-go-base/v2@v2.0.0-beta.65/logging/tf_logger.go:45 aws.region=eu-west-1 http.request.header.amz_sdk_invocation_id=f9cf7e94-7219-458a-a694-7c1757de0ec6 net.peer.name=ec2.eu-west-1.amazonaws.com tf_mux_provider="*schema.GRPCProviderServer" tf_provider_addr=registry.terraform.io/hashicorp/aws tf_req_id=7a7324cb-d8c8-b3c0-12d6-249e306cedd3
  http.request.body=
  | Action=DescribeSecurityGroupRules&Filter.1.Name=group-id&Filter.1.Value.1=sg-0c8d987c287246a75&Version=2016-11-15
   http.request.header.amz_sdk_request="attempt=1; max=25" http.request.header.authorization="AWS4-HMAC-SHA256 Credential=AKIA************SZUM/20260927/eu-west-1/ec2/aws4_request, SignedHeaders=amz-sdk-invocation-id;amz-sdk-request;content-length;content-type;host;x-amz-date, Signature=*****" rpc.system=aws-api tf_resource_type=aws_security_group_rule @module=aws http.method=POST http.request.header.x_amz_date=20260927T222617Z http.request_content_length=113 tf_aws.sdk=aws-sdk-go-v2 tf_rpc=ReadResource http.request.header.content_type=application/x-www-form-urlencoded http.url=https://ec2.eu-west-1.amazonaws.com/ timestamp="2026-09-27T23:26:17.136+0100"
2026-09-27T23:26:17.137+0100 [DEBUG] provider.terraform-provider-aws_v5.100.0_x5.exe: HTTP Response Received: http.response.header.vary=accept-encoding http.response.header.x_amzn_requestid=28a0e379-5e81-4d9a-8038-ecb721737f08 tf_provider_addr=registry.terraform.io/hashicorp/aws tf_rpc=ReadResource @module=aws http.duration=158
  http.response.body=
  | <?xml version="1.0" encoding="UTF-8"?>
  | <DescribeSecurityGroupRulesResponse xmlns="http://ec2.amazonaws.com/doc/2016-11-15/">
  |     <requestId>28a0e379-5e81-4d9a-8038-ecb721737f08</requestId>
  |     <securityGroupRuleSet>
  |         <item>
  |             <description>Postgres from ECS ingestion workers</description>
  |             <fromPort>5432</fromPort>
  |             <groupId>sg-0fc2558523c6123bb</groupId>
  |             <groupOwnerId>234334047980</groupOwnerId>
  |             <ipProtocol>tcp</ipProtocol>
  |             <isEgress>false</isEgress>
  |             <referencedGroupInfo>
  |                 <groupId>sg-0b688d88bf9f0e287</groupId>
  |                 <userId>234334047980</userId>
  |             </referencedGroupInfo>
  |             <securityGroupRuleArn>arn:aws:ec2:eu-west-1:234334047980:security-group-rule/sgr-001d1b22fc9b1c2c8</securityGroupRuleArn>
  |             <securityGroupRuleId>sgr-001d1b22fc9b1c2c8</securityGroupRuleId>
  |             <tagSet/>
  |             <toPort>5432</toPort>
  |         </item>
  |         <item>
  |             <description>Postgres from dispatcher Lambda</description>
  |             <fromPort>5432</fromPort>
  |             <groupId>sg-0fc2558523c6123bb</groupId>
  |             <groupOwnerId>234334047980</groupOwnerId>
  |             <ipProtocol>tcp</ipProtocol>
  |             <isEgress>false</isEgress>
  |             <referencedGroupInfo>
  |                 <groupId>sg-0184e1eb3dcefde41</groupId>
  |                 <userId>234334047980</userId>
  |             </referencedGroupInfo>
  |             <securityGroupRuleArn>arn:aws:ec2:eu-west-1:234334047980:security-group-rule/sgr-00fc867580d19535d</securityGroupRuleArn>
  |             <securityGroupRuleId>sgr-00fc867580d19535d</securityGroupRuleId>
  |             <tagSet/>
  |             <toPort>5432</toPort>
  |         </item>
  |         <item>
  |             <cidrIpv4>0.0.0.0/0</cidrIpv4>
  |             <fromPort>-1</fromPort>
  |             <groupId>sg-0fc2558523c6123bb</groupId>
  |             <groupOwnerId>234334047980</groupOwnerId>
  |             <ipProtocol>-1</ipProtocol>
  |             <isEgress>true</isEgress>
  |             <securityGroupRuleArn>arn:aws:ec2:eu-west-1:234334047980:security-group-rule/sgr-069da4882f24be6cb</securityGroupRuleArn>
  |             <securityGroupRuleId>sgr-069da4882f24be6cb</securityGroupRuleId>
  |             <tagSet/>
  |             <toPort>-1</toPort>
  |         </item>
  |         <item>
  |             <cidrIpv4>196.118.112.98/32</cidrIpv4>
  |             <description>Postgres from allowed IPs</description>
  |             <fromPort>5432</fromPort>
  |             <groupId>sg-0fc2558523c6123bb</groupId>
  |             <groupOwnerId>234334047980</groupOwnerId>
  |             <ipProtocol>tcp</ipProtocol>
  |             <isEgress>false</isEgress>
  |             <securityGroupRuleArn>arn:aws:ec2:eu-west-1:234334047980:security-group-rule/sgr-0b387ea19b2f308a4</securityGroupRuleArn>
  |             <securityGroupRuleId>sgr-0b387ea19b2f308a4</securityGroupRuleId>
  |             <tagSet/>
  |             <toPort>5432</toPort>
  |         </item>
  |     </securityGroupRuleSet>
  | </DescribeSecurityGroupRulesResponse>
   http.response.header.content_type=text/xml;charset=UTF-8 http.response.header.server=AmazonEC2 tf_req_id=07c35964-1574-0228-572c-e9fd5dec8e2d tf_resource_type=aws_security_group_rule @caller=github.com/hashicorp/aws-sdk-go-base/v2@v2.0.0-beta.65/logging/tf_logger.go:45 aws.region=eu-west-1 http.response.header.date="Sun, 27 Sep 2026 22:26:17 GMT" rpc.method=DescribeSecurityGroupRules rpc.service=EC2 rpc.system=aws-api http.response.header.cache_control="no-cache, no-store" http.status_code=200 tf_aws.sdk=aws-sdk-go-v2 tf_aws.signing_region="" tf_mux_provider="*schema.GRPCProviderServer" http.response.header.strict_transport_security="max-age=31536000; includeSubDomains" timestamp="2026-09-27T23:26:17.137+0100"
2026-09-27T23:26:17.140+0100 [WARN]  Provider "registry.terraform.io/hashicorp/aws" produced an invalid plan for module.network.aws_security_group_rule.vpc_endpoint_from_ecs, but we are tolerating it because it is using the legacy plugin SDK.
    The following problems may be the cause of any confusing errors from downstream operations:
      - .self: planned value cty.False for a non-computed attribute
2026-09-27T23:26:17.141+0100 [WARN]  Provider "registry.terraform.io/hashicorp/aws" produced an invalid plan for module.network.aws_security_group_rule.rds_from_allowed_ips, but we are tolerating it because it is using the legacy plugin SDK.
    The following problems may be the cause of any confusing errors from downstream operations:
      - .self: planned value cty.False for a non-computed attribute
2026-09-27T23:26:17.160+0100 [WARN]  Provider "registry.terraform.io/hashicorp/aws" produced an invalid plan for module.network.aws_security_group_rule.rds_from_ecs, but we are tolerating it because it is using the legacy plugin SDK.
    The following problems may be the cause of any confusing errors from downstream operations:
      - .self: planned value cty.False for a non-computed attribute
2026-09-27T23:26:17.161+0100 [DEBUG] provider.terraform-provider-aws_v5.100.0_x5.exe: [DEBUG] Waiting for state to become: [success]
2026-09-27T23:26:17.162+0100 [DEBUG] provider.terraform-provider-aws_v5.100.0_x5.exe: HTTP Request Sent: @module=aws http.request.header.amz_sdk_invocation_id=439b6572-7822-4522-9c20-086540df1477 http.request.header.x_amz_date=20260927T222617Z rpc.method=DescribeRouteTables tf_aws.signing_region="" tf_mux_provider="*schema.GRPCProviderServer" tf_req_id=cb8918bf-c452-928d-6189-1b9806d8e11e tf_resource_type=aws_route_table_association @caller=github.com/hashicorp/aws-sdk-go-base/v2@v2.0.0-beta.65/logging/tf_logger.go:45 http.method=POST
  http.request.body=
  | Action=DescribeRouteTables&Filter.1.Name=association.route-table-association-id&Filter.1.Value.1=rtbassoc-05ae22c55f72c0d7f&Version=2016-11-15
   http.request.header.amz_sdk_request="attempt=1; max=25" http.user_agent="APN/1.0 HashiCorp/1.0 Terraform/1.15.3 (+https://www.terraform.io) terraform-provider-aws/5.100.0 (+https://registry.terraform.io/providers/hashicorp/aws) aws-sdk-go-v2/1.36.3 ua/2.1 os/windows lang/go#1.23.10 md/GOOS#windows md/GOARCH#amd64 api/ec2#1.224.1 m/C,n" rpc.system=aws-api aws.region=eu-west-1 http.url=https://ec2.eu-west-1.amazonaws.com/ net.peer.name=ec2.eu-west-1.amazonaws.com tf_provider_addr=registry.terraform.io/hashicorp/aws http.request.header.authorization="AWS4-HMAC-SHA256 Credential=AKIA************SZUM/20260927/eu-west-1/ec2/aws4_request, SignedHeaders=amz-sdk-invocation-id;amz-sdk-request;content-length;content-type;host;x-amz-date, Signature=*****" http.request.header.content_type=application/x-www-form-urlencoded http.request_content_length=142 rpc.service=EC2 tf_aws.sdk=aws-sdk-go-v2 tf_rpc=ReadResource timestamp="2026-09-27T23:26:17.162+0100"
2026-09-27T23:26:17.206+0100 [DEBUG] provider.terraform-provider-aws_v5.100.0_x5.exe: HTTP Response Received:
  http.response.body=
  | <?xml version="1.0" encoding="UTF-8"?>
  | <DescribeSecurityGroupRulesResponse xmlns="http://ec2.amazonaws.com/doc/2016-11-15/">
  |     <requestId>2757032b-34d3-4d2c-bd69-1b56130eff93</requestId>
  |     <securityGroupRuleSet>
  |         <item>
  |             <description>Postgres from ECS ingestion workers</description>
  |             <fromPort>5432</fromPort>
  |             <groupId>sg-0fc2558523c6123bb</groupId>
  |             <groupOwnerId>234334047980</groupOwnerId>
  |             <ipProtocol>tcp</ipProtocol>
  |             <isEgress>false</isEgress>
  |             <referencedGroupInfo>
  |                 <groupId>sg-0b688d88bf9f0e287</groupId>
  |                 <userId>234334047980</userId>
  |             </referencedGroupInfo>
  |             <securityGroupRuleArn>arn:aws:ec2:eu-west-1:234334047980:security-group-rule/sgr-001d1b22fc9b1c2c8</securityGroupRuleArn>
  |             <securityGroupRuleId>sgr-001d1b22fc9b1c2c8</securityGroupRuleId>
  |             <tagSet/>
  |             <toPort>5432</toPort>
  |         </item>
  |         <item>
  |             <description>Postgres from dispatcher Lambda</description>
  |             <fromPort>5432</fromPort>
  |             <groupId>sg-0fc2558523c6123bb</groupId>
  |             <groupOwnerId>234334047980</groupOwnerId>
  |             <ipProtocol>tcp</ipProtocol>
  |             <isEgress>false</isEgress>
  |             <referencedGroupInfo>
  |                 <groupId>sg-0184e1eb3dcefde41</groupId>
  |                 <userId>234334047980</userId>
  |             </referencedGroupInfo>
  |             <securityGroupRuleArn>arn:aws:ec2:eu-west-1:234334047980:security-group-rule/sgr-00fc867580d19535d</securityGroupRuleArn>
  |             <securityGroupRuleId>sgr-00fc867580d19535d</securityGroupRuleId>
  |             <tagSet/>
  |             <toPort>5432</toPort>
  |         </item>
  |         <item>
  |             <cidrIpv4>0.0.0.0/0</cidrIpv4>
  |             <fromPort>-1</fromPort>
  |             <groupId>sg-0fc2558523c6123bb</groupId>
  |             <groupOwnerId>234334047980</groupOwnerId>
  |             <ipProtocol>-1</ipProtocol>
  |             <isEgress>true</isEgress>
  |             <securityGroupRuleArn>arn:aws:ec2:eu-west-1:234334047980:security-group-rule/sgr-069da4882f24be6cb</securityGroupRuleArn>
  |             <securityGroupRuleId>sgr-069da4882f24be6cb</securityGroupRuleId>
  |             <tagSet/>
  |             <toPort>-1</toPort>
  |         </item>
  |         <item>
  |             <cidrIpv4>196.118.112.98/32</cidrIpv4>
  |             <description>Postgres from allowed IPs</description>
  |             <fromPort>5432</fromPort>
  |             <groupId>sg-0fc2558523c6123bb</groupId>
  |             <groupOwnerId>234334047980</groupOwnerId>
  |             <ipProtocol>tcp</ipProtocol>
  |             <isEgress>false</isEgress>
  |             <securityGroupRuleArn>arn:aws:ec2:eu-west-1:234334047980:security-group-rule/sgr-0b387ea19b2f308a4</securityGroupRuleArn>
  |             <securityGroupRuleId>sgr-0b387ea19b2f308a4</securityGroupRuleId>
  |             <tagSet/>
  |             <toPort>5432</toPort>
  |         </item>
  |     </securityGroupRuleSet>
  | </DescribeSecurityGroupRulesResponse>
   http.response.header.date="Sun, 27 Sep 2026 22:26:17 GMT" tf_aws.sdk=aws-sdk-go-v2 tf_provider_addr=registry.terraform.io/hashicorp/aws tf_req_id=a21cac57-8eab-48c9-c114-486eab7b4d5c http.response.header.server=AmazonEC2 http.response.header.strict_transport_security="max-age=31536000; includeSubDomains" rpc.service=EC2 tf_resource_type=aws_security_group_rule tf_rpc=ReadResource aws.region=eu-west-1 http.response.header.cache_control="no-cache, no-store" http.response.header.content_type=text/xml;charset=UTF-8 http.status_code=200 rpc.method=DescribeSecurityGroupRules rpc.system=aws-api @caller=github.com/hashicorp/aws-sdk-go-base/v2@v2.0.0-beta.65/logging/tf_logger.go:45 @module=aws http.duration=85 http.response.header.vary=accept-encoding http.response.header.x_amzn_requestid=2757032b-34d3-4d2c-bd69-1b56130eff93 tf_aws.signing_region="" tf_mux_provider="*schema.GRPCProviderServer" timestamp="2026-09-27T23:26:17.206+0100"
2026-09-27T23:26:17.209+0100 [WARN]  Provider "registry.terraform.io/hashicorp/aws" produced an invalid plan for module.network.aws_security_group_rule.rds_from_lambda, but we are tolerating it because it is using the legacy plugin SDK.
    The following problems may be the cause of any confusing errors from downstream operations:
      - .self: planned value cty.False for a non-computed attribute
2026-09-27T23:26:17.210+0100 [DEBUG] ReferenceTransformer: "module.lambda.aws_lambda_function.dispatcher" references: []
2026-09-27T23:26:17.218+0100 [DEBUG] provider.terraform-provider-aws_v5.100.0_x5.exe: HTTP Request Sent: http.request.header.x_amz_date=20260927T222617Z http.url=https://ec2.eu-west-1.amazonaws.com/ rpc.service=EC2 tf_mux_provider="*schema.GRPCProviderServer" net.peer.name=ec2.eu-west-1.amazonaws.com rpc.system=aws-api tf_aws.signing_region="" tf_resource_type=aws_vpc_endpoint @module=aws http.request.header.amz_sdk_request="attempt=1; max=25" http.request.header.content_type=application/x-www-form-urlencoded http.request_content_length=85 rpc.method=DescribeVpcEndpoints tf_provider_addr=registry.terraform.io/hashicorp/aws tf_req_id=b58ffcbe-3080-b434-b11c-c3be71043ed3 tf_rpc=ReadResource http.method=POST
  http.request.body=
  | Action=DescribeVpcEndpoints&Version=2016-11-15&VpcEndpointId.1=vpce-026c3c4894d0fda31
   http.user_agent="APN/1.0 HashiCorp/1.0 Terraform/1.15.3 (+https://www.terraform.io) terraform-provider-aws/5.100.0 (+https://registry.terraform.io/providers/hashicorp/aws) aws-sdk-go-v2/1.36.3 ua/2.1 os/windows lang/go#1.23.10 md/GOOS#windows md/GOARCH#amd64 api/ec2#1.224.1 m/C,n" tf_aws.sdk=aws-sdk-go-v2 @caller=github.com/hashicorp/aws-sdk-go-base/v2@v2.0.0-beta.65/logging/tf_logger.go:45 aws.region=eu-west-1 http.request.header.amz_sdk_invocation_id=df67226c-9160-48f9-b626-039b5fe16f4b http.request.header.authorization="AWS4-HMAC-SHA256 Credential=AKIA************SZUM/20260927/eu-west-1/ec2/aws4_request, SignedHeaders=amz-sdk-invocation-id;amz-sdk-request;content-length;content-type;host;x-amz-date, Signature=*****" timestamp="2026-09-27T23:26:17.218+0100"
2026-09-27T23:26:17.227+0100 [DEBUG] provider.terraform-provider-aws_v5.100.0_x5.exe: HTTP Response Received: aws.region=eu-west-1 http.duration=90 http.response.header.content_type=text/xml;charset=UTF-8 http.status_code=200 rpc.service=EC2 tf_aws.sdk=aws-sdk-go-v2 @caller=github.com/hashicorp/aws-sdk-go-base/v2@v2.0.0-beta.65/logging/tf_logger.go:45 @module=aws
  http.response.body=
  | <?xml version="1.0" encoding="UTF-8"?>
  | <DescribeSecurityGroupRulesResponse xmlns="http://ec2.amazonaws.com/doc/2016-11-15/">
  |     <requestId>77f5afab-c8e2-427a-a6be-4b7f59cb2474</requestId>
  |     <securityGroupRuleSet>
  |         <item>
  |             <cidrIpv4>0.0.0.0/0</cidrIpv4>
  |             <fromPort>-1</fromPort>
  |             <groupId>sg-0c8d987c287246a75</groupId>
  |             <groupOwnerId>234334047980</groupOwnerId>
  |             <ipProtocol>-1</ipProtocol>
  |             <isEgress>true</isEgress>
  |             <securityGroupRuleArn>arn:aws:ec2:eu-west-1:234334047980:security-group-rule/sgr-0ded3e86c96becffa</securityGroupRuleArn>
  |             <securityGroupRuleId>sgr-0ded3e86c96becffa</securityGroupRuleId>
  |             <tagSet/>
  |             <toPort>-1</toPort>
  |         </item>
  |         <item>
  |             <description>HTTPS from dispatcher Lambda</description>
  |             <fromPort>443</fromPort>
  |             <groupId>sg-0c8d987c287246a75</groupId>
  |             <groupOwnerId>234334047980</groupOwnerId>
  |             <ipProtocol>tcp</ipProtocol>
  |             <isEgress>false</isEgress>
  |             <referencedGroupInfo>
  |                 <groupId>sg-0184e1eb3dcefde41</groupId>
  |                 <userId>234334047980</userId>
  |             </referencedGroupInfo>
  |             <securityGroupRuleArn>arn:aws:ec2:eu-west-1:234334047980:security-group-rule/sgr-0787a544a54242410</securityGroupRuleArn>
  |             <securityGroupRuleId>sgr-0787a544a54242410</securityGroupRuleId>
  |             <tagSet/>
  |             <toPort>443</toPort>
  |         </item>
  |         <item>
  |             <description>HTTPS from ECS ingestion workers</description>
  |             <fromPort>443</fromPort>
  |             <groupId>sg-0c8d987c287246a75</groupId>
  |             <groupOwnerId>234334047980</groupOwnerId>
  |             <ipProtocol>tcp</ipProtocol>
  |             <isEgress>false</isEgress>
  |             <referencedGroupInfo>
  |                 <groupId>sg-0b688d88bf9f0e287</groupId>
  |                 <userId>234334047980</userId>
  |             </referencedGroupInfo>
  |             <securityGroupRuleArn>arn:aws:ec2:eu-west-1:234334047980:security-group-rule/sgr-0fa0467a96ad592f0</securityGroupRuleArn>
  |             <securityGroupRuleId>sgr-0fa0467a96ad592f0</securityGroupRuleId>
  |             <tagSet/>
  |             <toPort>443</toPort>
  |         </item>
  |     </securityGroupRuleSet>
  | </DescribeSecurityGroupRulesResponse>
   http.response.header.x_amzn_requestid=77f5afab-c8e2-427a-a6be-4b7f59cb2474 tf_aws.signing_region="" tf_mux_provider="*schema.GRPCProviderServer" tf_req_id=7a7324cb-d8c8-b3c0-12d6-249e306cedd3 tf_resource_type=aws_security_group_rule http.response.header.cache_control="no-cache, no-store" http.response.header.vary=accept-encoding rpc.method=DescribeSecurityGroupRules rpc.system=aws-api tf_provider_addr=registry.terraform.io/hashicorp/aws tf_rpc=ReadResource http.response.header.date="Sun, 27 Sep 2026 22:26:17 GMT" http.response.header.server=AmazonEC2 http.response.header.strict_transport_security="max-age=31536000; includeSubDomains" timestamp="2026-09-27T23:26:17.227+0100"
2026-09-27T23:26:17.231+0100 [WARN]  Provider "registry.terraform.io/hashicorp/aws" produced an invalid plan for module.network.aws_security_group_rule.vpc_endpoint_from_lambda, but we are tolerating it because it is using the legacy plugin SDK.
    The following problems may be the cause of any confusing errors from downstream operations:
      - .self: planned value cty.False for a non-computed attribute
2026-09-27T23:26:17.231+0100 [DEBUG] provider.terraform-provider-aws_v5.100.0_x5.exe: HTTP Response Received: tf_resource_type=aws_route_table_association http.duration=108 http.response.header.cache_control="no-cache, no-store" http.response.header.content_type=text/xml;charset=UTF-8 http.response.header.x_amzn_requestid=521c9c1d-1e8f-446a-9619-7684b0bae204 tf_aws.signing_region="" tf_mux_provider="*schema.GRPCProviderServer" tf_provider_addr=registry.terraform.io/hashicorp/aws tf_rpc=ReadResource @module=aws rpc.method=DescribeRouteTables rpc.system=aws-api aws.region=eu-west-1 http.response.header.server=AmazonEC2 http.response.header.vary=accept-encoding http.status_code=200 rpc.service=EC2 tf_aws.sdk=aws-sdk-go-v2 tf_req_id=47b44928-7474-3109-3a39-e259ccdc1962 @caller=github.com/hashicorp/aws-sdk-go-base/v2@v2.0.0-beta.65/logging/tf_logger.go:45
  http.response.body=
  | <?xml version="1.0" encoding="UTF-8"?>
  | <DescribeRouteTablesResponse xmlns="http://ec2.amazonaws.com/doc/2016-11-15/">
  |     <requestId>521c9c1d-1e8f-446a-9619-7684b0bae204</requestId>
  |     <routeTableSet>
  |         <item>
  |             <routeTableId>rtb-0b20a7ed58e4ef381</routeTableId>
  |             <vpcId>vpc-0705f0a7ccf33b1ad</vpcId>
  |             <ownerId>234334047980</ownerId>
  |             <routeSet>
  |                 <item>
  |                     <destinationCidrBlock>10.0.0.0/16</destinationCidrBlock>
  |                     <gatewayId>local</gatewayId>
  |                     <state>active</state>
  |                     <origin>CreateRouteTable</origin>
  |                 </item>
  |                 <item>
  |                     <destinationCidrBlock>0.0.0.0/0</destinationCidrBlock>
  |                     <natGatewayId>nat-00ce36001a69a368d</natGatewayId>
  |                     <state>active</state>
  |                     <origin>CreateRoute</origin>
  |                 </item>
  |             </routeSet>
  |             <associationSet>
  |                 <item>
  |                     <routeTableAssociationId>rtbassoc-0d0923b2cba0d0d08</routeTableAssociationId>
  |                     <routeTableId>rtb-0b20a7ed58e4ef381</routeTableId>
  |                     <subnetId>subnet-051e125a6360c6e78</subnetId>
  |                     <main>false</main>
  |                     <associationState>
  |                         <state>associated</state>
  |                     </associationState>
  |                 </item>
  |                 <item>
  |                     <routeTableAssociationId>rtbassoc-05ae22c55f72c0d7f</routeTableAssociationId>
  |                     <routeTableId>rtb-0b20a7ed58e4ef381</routeTableId>
  |                     <subnetId>subnet-0fffc66a981a031e4</subnetId>
  |                     <main>false</main>
  |                     <associationState>
  |                         <state>associated</state>
  |                     </associationState>
  |                 </item>
  |             </associationSet>
  |             <propagatingVgwSet/>
  |             <tagSet>
  |                 <item>
  |                     <key>ManagedBy</key>
  |                     <value>terraform</value>
  |                 </item>
  |                 <item>
  |                     <key>Environment</key>
  |                     <value>production</value>
  |                 </item>
  |                 <item>
  |                     <key>Project</key>
  |                     <value>sportfolio</value>
  |                 </item>
  |                 <item>
  |                     <key>Name</key>
  |                     <value>sportfolio-private-rt</value>
  |                 </item>
  |             </tagSet>
  |         </item>
  |     </routeTableSet>
  | </DescribeRouteTablesResponse>
   http.response.header.date="Sun, 27 Sep 2026 22:26:17 GMT" http.response.header.strict_transport_security="max-age=31536000; includeSubDomains" timestamp="2026-09-27T23:26:17.231+0100"
2026-09-27T23:26:17.233+0100 [WARN]  Provider "registry.terraform.io/hashicorp/aws" produced an invalid plan for module.network.aws_route_table_association.private_a, but we are tolerating it because it is using the legacy plugin SDK.
    The following problems may be the cause of any confusing errors from downstream operations:
      - .gateway_id: planned value cty.StringVal("") for a non-computed attribute
2026-09-27T23:26:17.237+0100 [DEBUG] provider.terraform-provider-aws_v5.100.0_x5.exe: HTTP Response Received: @module=aws http.response.header.cache_control="no-cache, no-store" rpc.method=DescribeRouteTables rpc.service=EC2 tf_aws.signing_region="" tf_mux_provider="*schema.GRPCProviderServer" http.duration=115
  http.response.body=
  | <?xml version="1.0" encoding="UTF-8"?>
  | <DescribeRouteTablesResponse xmlns="http://ec2.amazonaws.com/doc/2016-11-15/">
  |     <requestId>7a082817-a144-46b9-a4f7-17ad2a77a458</requestId>
  |     <routeTableSet>
  |         <item>
  |             <routeTableId>rtb-09171a87c93897a65</routeTableId>
  |             <vpcId>vpc-0705f0a7ccf33b1ad</vpcId>
  |             <ownerId>234334047980</ownerId>
  |             <routeSet>
  |                 <item>
  |                     <destinationCidrBlock>10.0.0.0/16</destinationCidrBlock>
  |                     <gatewayId>local</gatewayId>
  |                     <state>active</state>
  |                     <origin>CreateRouteTable</origin>
  |                 </item>
  |                 <item>
  |                     <destinationCidrBlock>0.0.0.0/0</destinationCidrBlock>
  |                     <gatewayId>igw-07f9383ca67f62c6c</gatewayId>
  |                     <state>active</state>
  |                     <origin>CreateRoute</origin>
  |                 </item>
  |             </routeSet>
  |             <associationSet>
  |                 <item>
  |                     <routeTableAssociationId>rtbassoc-0bb0a1b1b1aba1d02</routeTableAssociationId>
  |                     <routeTableId>rtb-09171a87c93897a65</routeTableId>
  |                     <subnetId>subnet-01de63012b72c51d4</subnetId>
  |                     <main>false</main>
  |                     <associationState>
  |                         <state>associated</state>
  |                     </associationState>
  |                 </item>
  |             </associationSet>
  |             <propagatingVgwSet/>
  |             <tagSet>
  |                 <item>
  |                     <key>Environment</key>
  |                     <value>production</value>
  |                 </item>
  |                 <item>
  |                     <key>Name</key>
  |                     <value>sportfolio-public-rt</value>
  |                 </item>
  |                 <item>
  |                     <key>ManagedBy</key>
  |                     <value>terraform</value>
  |                 </item>
  |                 <item>
  |                     <key>Project</key>
  |                     <value>sportfolio</value>
  |                 </item>
  |             </tagSet>
  |         </item>
  |     </routeTableSet>
  | </DescribeRouteTablesResponse>
   http.response.header.content_type=text/xml;charset=UTF-8 http.response.header.strict_transport_security="max-age=31536000; includeSubDomains" tf_resource_type=aws_route_table_association aws.region=eu-west-1 http.status_code=200 rpc.system=aws-api tf_rpc=ReadResource http.response.header.vary=accept-encoding http.response.header.date="Sun, 27 Sep 2026 22:26:17 GMT" http.response.header.server=AmazonEC2 http.response.header.x_amzn_requestid=7a082817-a144-46b9-a4f7-17ad2a77a458 tf_aws.sdk=aws-sdk-go-v2 tf_provider_addr=registry.terraform.io/hashicorp/aws tf_req_id=a5ca85ef-509a-032c-15ae-845876c9cc58 @caller=github.com/hashicorp/aws-sdk-go-base/v2@v2.0.0-beta.65/logging/tf_logger.go:45 timestamp="2026-09-27T23:26:17.237+0100"
2026-09-27T23:26:17.241+0100 [WARN]  Provider "registry.terraform.io/hashicorp/aws" produced an invalid plan for module.network.aws_route_table_association.public, but we are tolerating it because it is using the legacy plugin SDK.
    The following problems may be the cause of any confusing errors from downstream operations:
      - .gateway_id: planned value cty.StringVal("") for a non-computed attribute
2026-09-27T23:26:17.268+0100 [DEBUG] provider.terraform-provider-aws_v5.100.0_x5.exe: HTTP Response Received: http.response.header.cache_control="no-cache, no-store" http.response.header.server=AmazonEC2 http.response.header.x_amzn_requestid=ffc7e47a-0943-419d-90ec-e2fa0cf5cbd3 rpc.method=DescribeRouteTables tf_aws.signing_region="" @module=aws aws.region=eu-west-1 http.response.header.strict_transport_security="max-age=31536000; includeSubDomains" rpc.system=aws-api tf_mux_provider="*schema.GRPCProviderServer" tf_resource_type=aws_route_table_association tf_rpc=ReadResource
  http.response.body=
  | <?xml version="1.0" encoding="UTF-8"?>
  | <DescribeRouteTablesResponse xmlns="http://ec2.amazonaws.com/doc/2016-11-15/">
  |     <requestId>ffc7e47a-0943-419d-90ec-e2fa0cf5cbd3</requestId>
  |     <routeTableSet>
  |         <item>
  |             <routeTableId>rtb-0b20a7ed58e4ef381</routeTableId>
  |             <vpcId>vpc-0705f0a7ccf33b1ad</vpcId>
  |             <ownerId>234334047980</ownerId>
  |             <routeSet>
  |                 <item>
  |                     <destinationCidrBlock>10.0.0.0/16</destinationCidrBlock>
  |                     <gatewayId>local</gatewayId>
  |                     <state>active</state>
  |                     <origin>CreateRouteTable</origin>
  |                 </item>
  |                 <item>
  |                     <destinationCidrBlock>0.0.0.0/0</destinationCidrBlock>
  |                     <natGatewayId>nat-00ce36001a69a368d</natGatewayId>
  |                     <state>active</state>
  |                     <origin>CreateRoute</origin>
  |                 </item>
  |             </routeSet>
  |             <associationSet>
  |                 <item>
  |                     <routeTableAssociationId>rtbassoc-05ae22c55f72c0d7f</routeTableAssociationId>
  |                     <routeTableId>rtb-0b20a7ed58e4ef381</routeTableId>
  |                     <subnetId>subnet-0fffc66a981a031e4</subnetId>
  |                     <main>false</main>
  |                     <associationState>
  |                         <state>associated</state>
  |                     </associationState>
  |                 </item>
  |                 <item>
  |                     <routeTableAssociationId>rtbassoc-0d0923b2cba0d0d08</routeTableAssociationId>
  |                     <routeTableId>rtb-0b20a7ed58e4ef381</routeTableId>
  |                     <subnetId>subnet-051e125a6360c6e78</subnetId>
  |                     <main>false</main>
  |                     <associationState>
  |                         <state>associated</state>
  |                     </associationState>
  |                 </item>
  |             </associationSet>
  |             <propagatingVgwSet/>
  |             <tagSet>
  |                 <item>
  |                     <key>ManagedBy</key>
  |                     <value>terraform</value>
  |                 </item>
  |                 <item>
  |                     <key>Environment</key>
  |                     <value>production</value>
  |                 </item>
  |                 <item>
  |                     <key>Project</key>
  |                     <value>sportfolio</value>
  |                 </item>
  |                 <item>
  |                     <key>Name</key>
  |                     <value>sportfolio-private-rt</value>
  |                 </item>
  |             </tagSet>
  |         </item>
  |     </routeTableSet>
  | </DescribeRouteTablesResponse>
   rpc.service=EC2 tf_req_id=cb8918bf-c452-928d-6189-1b9806d8e11e http.duration=106 http.response.header.content_type=text/xml;charset=UTF-8 http.response.header.date="Sun, 27 Sep 2026 22:26:17 GMT" http.response.header.vary=accept-encoding http.status_code=200 tf_aws.sdk=aws-sdk-go-v2 tf_provider_addr=registry.terraform.io/hashicorp/aws @caller=github.com/hashicorp/aws-sdk-go-base/v2@v2.0.0-beta.65/logging/tf_logger.go:45 timestamp="2026-09-27T23:26:17.268+0100"
2026-09-27T23:26:17.270+0100 [DEBUG] provider.terraform-provider-aws_v5.100.0_x5.exe: HTTP Request Sent: http.request_content_length=82 tf_aws.signing_region="" tf_provider_addr=registry.terraform.io/hashicorp/aws tf_resource_type=aws_nat_gateway tf_rpc=ReadResource @caller=github.com/hashicorp/aws-sdk-go-base/v2@v2.0.0-beta.65/logging/tf_logger.go:45 http.request.header.amz_sdk_request="attempt=1; max=25" rpc.method=DescribeNatGateways tf_mux_provider="*schema.GRPCProviderServer" @module=aws http.method=POST http.request.header.x_amz_date=20260927T222617Z http.user_agent="APN/1.0 HashiCorp/1.0 Terraform/1.15.3 (+https://www.terraform.io) terraform-provider-aws/5.100.0 (+https://registry.terraform.io/providers/hashicorp/aws) aws-sdk-go-v2/1.36.3 ua/2.1 os/windows lang/go#1.23.10 md/GOOS#windows md/GOARCH#amd64 api/ec2#1.224.1 m/C,n" tf_req_id=2d7c9b78-d9c4-3fd8-53fe-e559f573fee1 aws.region=eu-west-1 http.request.header.amz_sdk_invocation_id=d7428986-2113-433d-a58a-2923cc53d343 http.request.header.authorization="AWS4-HMAC-SHA256 Credential=AKIA************SZUM/20260927/eu-west-1/ec2/aws4_request, SignedHeaders=amz-sdk-invocation-id;amz-sdk-request;content-length;content-type;host;x-amz-date, Signature=*****" http.url=https://ec2.eu-west-1.amazonaws.com/ net.peer.name=ec2.eu-west-1.amazonaws.com rpc.service=EC2 rpc.system=aws-api tf_aws.sdk=aws-sdk-go-v2
  http.request.body=
  | Action=DescribeNatGateways&NatGatewayId.1=nat-00ce36001a69a368d&Version=2016-11-15
   http.request.header.content_type=application/x-www-form-urlencoded timestamp="2026-09-27T23:26:17.270+0100"
2026-09-27T23:26:17.271+0100 [WARN]  Provider "registry.terraform.io/hashicorp/aws" produced an invalid plan for module.network.aws_route_table_association.private_b, but we are tolerating it because it is using the legacy plugin SDK.
    The following problems may be the cause of any confusing errors from downstream operations:
      - .gateway_id: planned value cty.StringVal("") for a non-computed attribute
2026-09-27T23:26:17.303+0100 [DEBUG] provider.terraform-provider-aws_v5.100.0_x5.exe: HTTP Response Received: tf_req_id=b58ffcbe-3080-b434-b11c-c3be71043ed3 tf_resource_type=aws_vpc_endpoint http.duration=84 http.response.header.cache_control="no-cache, no-store" http.response.header.strict_transport_security="max-age=31536000; includeSubDomains" http.response.header.x_amzn_requestid=232b0b1b-ff2b-4e2d-bc16-b52766a40e06 rpc.method=DescribeVpcEndpoints rpc.system=aws-api tf_aws.sdk=aws-sdk-go-v2 @module=aws aws.region=eu-west-1 http.response.header.date="Sun, 27 Sep 2026 22:26:17 GMT" http.response.header.server=AmazonEC2 http.status_code=200 rpc.service=EC2 tf_aws.signing_region=""
  http.response.body=
  | <?xml version="1.0" encoding="UTF-8"?>
  | <DescribeVpcEndpointsResponse xmlns="http://ec2.amazonaws.com/doc/2016-11-15/">
  |     <requestId>232b0b1b-ff2b-4e2d-bc16-b52766a40e06</requestId>
  |     <vpcEndpointSet>
  |         <item>
  |             <creationTimestamp>2026-09-27T12:12:33.482Z</creationTimestamp>
  |             <dnsEntrySet>
  |                 <item>
  |                     <dnsName>vpce-026c3c4894d0fda31-g7m6r0jd.sqs.eu-west-1.vpce.amazonaws.com</dnsName>
  |                     <hostedZoneId>Z38GZ743OKFT7T</hostedZoneId>
  |                 </item>
  |                 <item>
  |                     <dnsName>vpce-026c3c4894d0fda31-g7m6r0jd-eu-west-1a.sqs.eu-west-1.vpce.amazonaws.com</dnsName>
  |                     <hostedZoneId>Z38GZ743OKFT7T</hostedZoneId>
  |                 </item>
  |                 <item>
  |                     <dnsName>sqs.eu-west-1.amazonaws.com</dnsName>
  |                     <hostedZoneId>Z095513924RW4H4LE74JL</hostedZoneId>
  |                 </item>
  |                 <item>
  |                     <dnsName>sqs.eu-west-1.api.aws</dnsName>
  |                     <hostedZoneId>Z0978652344SD0LPASR03</hostedZoneId>
  |                 </item>
  |             </dnsEntrySet>
  |             <dnsOptions>
  |                 <dnsRecordIpType>ipv4</dnsRecordIpType>
  |             </dnsOptions>
  |             <groupSet>
  |                 <item>
  |                     <groupId>sg-0c8d987c287246a75</groupId>
  |                     <groupName>sportfolio-vpc-endpoint-sg</groupName>
  |                 </item>
  |             </groupSet>
  |             <ipAddressType>ipv4</ipAddressType>
  |             <networkInterfaceIdSet>
  |                 <item>eni-0c9ff84e612eb9d03</item>
  |             </networkInterfaceIdSet>
  |             <ownerId>234334047980</ownerId>
  |             <policyDocument>{
  |   "Statement": [
  |     {
  |       "Action": "*",
  |       "Effect": "Allow",
  |       "Principal": "*",
  |       "Resource": "*"
  |     }
  |   ]
  | }</policyDocument>
  |             <privateDnsEnabled>true</privateDnsEnabled>
  |             <requesterManaged>false</requesterManaged>
  |             <routeTableIdSet/>
  |             <serviceName>com.amazonaws.eu-west-1.sqs</serviceName>
  |             <serviceRegion>eu-west-1</serviceRegion>
  |             <state>available</state>
  |             <subnetIdSet>
  |                 <item>subnet-051e125a6360c6e78</item>
  |             </subnetIdSet>
  |             <tagSet>
  |                 <item>
  |                     <key>Project</key>
  |                     <value>sportfolio</value>
  |                 </item>
  |                 <item>
  |                     <key>Environment</key>
  |                     <value>production</value>
  |                 </item>
  |                 <item>
  |                     <key>ManagedBy</key>
  |                     <value>terraform</value>
  |                 </item>
  |             </tagSet>
  |             <vpcEndpointId>vpce-026c3c4894d0fda31</vpcEndpointId>
  |             <vpcEndpointType>Interface</vpcEndpointType>
  |             <vpcId>vpc-0705f0a7ccf33b1ad</vpcId>
  |         </item>
  |     </vpcEndpointSet>
  | </DescribeVpcEndpointsResponse>
   http.response.header.content_type=text/xml;charset=UTF-8 tf_provider_addr=registry.terraform.io/hashicorp/aws tf_rpc=ReadResource @caller=github.com/hashicorp/aws-sdk-go-base/v2@v2.0.0-beta.65/logging/tf_logger.go:45 http.response.header.vary=accept-encoding tf_mux_provider="*schema.GRPCProviderServer" timestamp="2026-09-27T23:26:17.302+0100"
2026-09-27T23:26:17.628+0100 [DEBUG] provider.terraform-provider-aws_v5.100.0_x5.exe: HTTP Response Received:
  http.response.body=
  | <?xml version="1.0" encoding="UTF-8"?>
  | <DescribeNatGatewaysResponse xmlns="http://ec2.amazonaws.com/doc/2016-11-15/">
  |     <requestId>09a12c57-fe47-45c5-9b24-337b2a0677d3</requestId>
  |     <natGatewaySet>
  |         <item>
  |             <attachedApplianceSet/>
  |             <availabilityMode>zonal</availabilityMode>
  |             <connectivityType>public</connectivityType>
  |             <createTime>2026-09-27T12:41:31.000Z</createTime>
  |             <natGatewayAddressSet>
  |                 <item>
  |                     <allocationId>eipalloc-03155fd73f7ca9787</allocationId>
  |                     <associationId>eipassoc-05fc8a859c25eca9d</associationId>
  |                     <isPrimary>true</isPrimary>
  |                     <networkInterfaceId>eni-00c8dbde7b14ec142</networkInterfaceId>
  |                     <privateIp>10.0.1.111</privateIp>
  |                     <publicIp>54.74.28.113</publicIp>
  |                     <status>succeeded</status>
  |                 </item>
  |             </natGatewayAddressSet>
  |             <natGatewayId>nat-00ce36001a69a368d</natGatewayId>
  |             <state>available</state>
  |             <subnetId>subnet-01de63012b72c51d4</subnetId>
  |             <tagSet>
  |                 <item>
  |                     <key>Project</key>
  |                     <value>sportfolio</value>
  |                 </item>
  |                 <item>
  |                     <key>Environment</key>
  |                     <value>production</value>
  |                 </item>
  |                 <item>
  |                     <key>ManagedBy</key>
  |                     <value>terraform</value>
  |                 </item>
  |                 <item>
  |                     <key>Name</key>
  |                     <value>sportfolio-nat-gateway</value>
  |                 </item>
  |             </tagSet>
  |             <vpcId>vpc-0705f0a7ccf33b1ad</vpcId>
  |         </item>
  |     </natGatewaySet>
  | </DescribeNatGatewaysResponse>
   http.response.header.content_type=text/xml;charset=UTF-8 http.response.header.strict_transport_security="max-age=31536000; includeSubDomains" rpc.method=DescribeNatGateways rpc.service=EC2 tf_resource_type=aws_nat_gateway aws.region=eu-west-1 http.duration=356 http.response.header.cache_control="no-cache, no-store" http.response.header.vary=accept-encoding http.response.header.x_amzn_requestid=09a12c57-fe47-45c5-9b24-337b2a0677d3 http.status_code=200 tf_aws.signing_region="" http.response.header.date="Sun, 27 Sep 2026 22:26:17 GMT" http.response.header.server=AmazonEC2 rpc.system=aws-api tf_aws.sdk=aws-sdk-go-v2 tf_mux_provider="*schema.GRPCProviderServer" tf_provider_addr=registry.terraform.io/hashicorp/aws tf_req_id=2d7c9b78-d9c4-3fd8-53fe-e559f573fee1 @module=aws tf_rpc=ReadResource @caller=github.com/hashicorp/aws-sdk-go-base/v2@v2.0.0-beta.65/logging/tf_logger.go:45 timestamp="2026-09-27T23:26:17.627+0100"
2026-09-27T23:26:17.714+0100 [WARN]  Provider "registry.terraform.io/hashicorp/aws" produced an invalid plan for module.network.aws_nat_gateway.main, but we are tolerating it because it is using the legacy plugin SDK.
    The following problems may be the cause of any confusing errors from downstream operations:
      - .connectivity_type: planned value cty.StringVal("public") for a non-computed attribute
      - .secondary_allocation_ids: planned value cty.SetValEmpty(cty.String) for a non-computed attribute
2026-09-27T23:26:17.716+0100 [DEBUG] ReferenceTransformer: "module.network.aws_route.private_internet" references: []
2026-09-27T23:26:17.801+0100 [DEBUG] provider.terraform-provider-aws_v5.100.0_x5.exe: [DEBUG] Waiting for state to become: [success]
2026-09-27T23:26:17.801+0100 [DEBUG] provider.terraform-provider-aws_v5.100.0_x5.exe: HTTP Request Sent: http.request.header.authorization="AWS4-HMAC-SHA256 Credential=AKIA************SZUM/20260927/eu-west-1/ec2/aws4_request, SignedHeaders=amz-sdk-invocation-id;amz-sdk-request;content-length;content-type;host;x-amz-date, Signature=*****" http.request.header.x_amz_date=20260927T222617Z net.peer.name=ec2.eu-west-1.amazonaws.com tf_aws.signing_region="" tf_rpc=ReadResource @module=aws http.method=POST
  http.request.body=
  | Action=DescribeRouteTables&RouteTableId.1=rtb-0b20a7ed58e4ef381&Version=2016-11-15
   http.request.header.content_type=application/x-www-form-urlencoded http.url=https://ec2.eu-west-1.amazonaws.com/ tf_aws.sdk=aws-sdk-go-v2 tf_provider_addr=registry.terraform.io/hashicorp/aws tf_req_id=7ce5c020-216a-feca-5873-088e246bc88b aws.region=eu-west-1 http.request_content_length=82 http.user_agent="APN/1.0 HashiCorp/1.0 Terraform/1.15.3 (+https://www.terraform.io) terraform-provider-aws/5.100.0 (+https://registry.terraform.io/providers/hashicorp/aws) aws-sdk-go-v2/1.36.3 ua/2.1 os/windows lang/go#1.23.10 md/GOOS#windows md/GOARCH#amd64 api/ec2#1.224.1 m/C,n" tf_mux_provider="*schema.GRPCProviderServer" @caller=github.com/hashicorp/aws-sdk-go-base/v2@v2.0.0-beta.65/logging/tf_logger.go:45 http.request.header.amz_sdk_invocation_id=5c20876f-f2ea-4522-b00b-af42b77eeb15 http.request.header.amz_sdk_request="attempt=1; max=25" rpc.method=DescribeRouteTables rpc.service=EC2 rpc.system=aws-api tf_resource_type=aws_route timestamp="2026-09-27T23:26:17.801+0100"
2026-09-27T23:26:17.831+0100 [DEBUG] provider.terraform-provider-aws_v5.100.0_x5.exe: HTTP Request Sent: tf_mux_provider="*schema.GRPCProviderServer" tf_req_id=b58ffcbe-3080-b434-b11c-c3be71043ed3 @caller=github.com/hashicorp/aws-sdk-go-base/v2@v2.0.0-beta.65/logging/tf_logger.go:45 http.method=POST
  http.request.body=
  | Action=DescribePrefixLists&Filter.1.Name=prefix-list-name&Filter.1.Value.1=com.amazonaws.eu-west-1.sqs&Version=2016-11-15
   http.request.header.amz_sdk_invocation_id=b1b5e76e-11a1-4b68-80ed-f24ffa2000a9 http.request.header.amz_sdk_request="attempt=1; max=25" http.request.header.authorization="AWS4-HMAC-SHA256 Credential=AKIA************SZUM/20260927/eu-west-1/ec2/aws4_request, SignedHeaders=amz-sdk-invocation-id;amz-sdk-request;content-length;content-type;host;x-amz-date, Signature=*****" http.request_content_length=121 tf_resource_type=aws_vpc_endpoint @module=aws http.user_agent="APN/1.0 HashiCorp/1.0 Terraform/1.15.3 (+https://www.terraform.io) terraform-provider-aws/5.100.0 (+https://registry.terraform.io/providers/hashicorp/aws) aws-sdk-go-v2/1.36.3 ua/2.1 os/windows lang/go#1.23.10 md/GOOS#windows md/GOARCH#amd64 api/ec2#1.224.1 m/C,n" tf_aws.sdk=aws-sdk-go-v2 tf_aws.signing_region="" tf_provider_addr=registry.terraform.io/hashicorp/aws tf_rpc=ReadResource http.request.header.content_type=application/x-www-form-urlencoded http.request.header.x_amz_date=20260927T222617Z rpc.service=EC2 aws.region=eu-west-1 http.url=https://ec2.eu-west-1.amazonaws.com/ net.peer.name=ec2.eu-west-1.amazonaws.com rpc.method=DescribePrefixLists rpc.system=aws-api timestamp="2026-09-27T23:26:17.831+0100"
2026-09-27T23:26:17.886+0100 [DEBUG] provider.terraform-provider-aws_v5.100.0_x5.exe: HTTP Response Received: aws.region=eu-west-1 http.response.header.cache_control="no-cache, no-store" http.response.header.vary=accept-encoding rpc.method=DescribeRouteTables tf_provider_addr=registry.terraform.io/hashicorp/aws tf_resource_type=aws_route http.response.header.content_type=text/xml;charset=UTF-8 http.response.header.server=AmazonEC2 http.response.header.strict_transport_security="max-age=31536000; includeSubDomains" rpc.system=aws-api tf_rpc=ReadResource @caller=github.com/hashicorp/aws-sdk-go-base/v2@v2.0.0-beta.65/logging/tf_logger.go:45 @module=aws http.response.header.date="Sun, 27 Sep 2026 22:26:17 GMT" rpc.service=EC2 tf_aws.signing_region="" tf_req_id=7ce5c020-216a-feca-5873-088e246bc88b http.duration=85
  http.response.body=
  | <?xml version="1.0" encoding="UTF-8"?>
  | <DescribeRouteTablesResponse xmlns="http://ec2.amazonaws.com/doc/2016-11-15/">
  |     <requestId>b0eafda3-c4dc-4fc8-918d-7b290369e19f</requestId>
  |     <routeTableSet>
  |         <item>
  |             <routeTableId>rtb-0b20a7ed58e4ef381</routeTableId>
  |             <vpcId>vpc-0705f0a7ccf33b1ad</vpcId>
  |             <ownerId>234334047980</ownerId>
  |             <routeSet>
  |                 <item>
  |                     <destinationCidrBlock>10.0.0.0/16</destinationCidrBlock>
  |                     <gatewayId>local</gatewayId>
  |                     <state>active</state>
  |                     <origin>CreateRouteTable</origin>
  |                 </item>
  |                 <item>
  |                     <destinationCidrBlock>0.0.0.0/0</destinationCidrBlock>
  |                     <natGatewayId>nat-00ce36001a69a368d</natGatewayId>
  |                     <state>active</state>
  |                     <origin>CreateRoute</origin>
  |                 </item>
  |             </routeSet>
  |             <associationSet>
  |                 <item>
  |                     <routeTableAssociationId>rtbassoc-0d0923b2cba0d0d08</routeTableAssociationId>
  |                     <routeTableId>rtb-0b20a7ed58e4ef381</routeTableId>
  |                     <subnetId>subnet-051e125a6360c6e78</subnetId>
  |                     <main>false</main>
  |                     <associationState>
  |                         <state>associated</state>
  |                     </associationState>
  |                 </item>
  |                 <item>
  |                     <routeTableAssociationId>rtbassoc-05ae22c55f72c0d7f</routeTableAssociationId>
  |                     <routeTableId>rtb-0b20a7ed58e4ef381</routeTableId>
  |                     <subnetId>subnet-0fffc66a981a031e4</subnetId>
  |                     <main>false</main>
  |                     <associationState>
  |                         <state>associated</state>
  |                     </associationState>
  |                 </item>
  |             </associationSet>
  |             <propagatingVgwSet/>
  |             <tagSet>
  |                 <item>
  |                     <key>ManagedBy</key>
  |                     <value>terraform</value>
  |                 </item>
  |                 <item>
  |                     <key>Environment</key>
  |                     <value>production</value>
  |                 </item>
  |                 <item>
  |                     <key>Project</key>
  |                     <value>sportfolio</value>
  |                 </item>
  |                 <item>
  |                     <key>Name</key>
  |                     <value>sportfolio-private-rt</value>
  |                 </item>
  |             </tagSet>
  |         </item>
  |     </routeTableSet>
  | </DescribeRouteTablesResponse>
   http.response.header.x_amzn_requestid=b0eafda3-c4dc-4fc8-918d-7b290369e19f http.status_code=200 tf_aws.sdk=aws-sdk-go-v2 tf_mux_provider="*schema.GRPCProviderServer" timestamp="2026-09-27T23:26:17.886+0100"
2026-09-27T23:26:17.895+0100 [WARN]  Provider "registry.terraform.io/hashicorp/aws" produced an invalid plan for module.network.aws_route.private_internet, but we are tolerating it because it is using the legacy plugin SDK.
    The following problems may be the cause of any confusing errors from downstream operations:
      - .destination_prefix_list_id: planned value cty.StringVal("") for a non-computed attribute
      - .vpc_endpoint_id: planned value cty.StringVal("") for a non-computed attribute
      - .carrier_gateway_id: planned value cty.StringVal("") for a non-computed attribute
      - .local_gateway_id: planned value cty.StringVal("") for a non-computed attribute
      - .vpc_peering_connection_id: planned value cty.StringVal("") for a non-computed attribute
      - .core_network_arn: planned value cty.StringVal("") for a non-computed attribute
      - .egress_only_gateway_id: planned value cty.StringVal("") for a non-computed attribute
      - .gateway_id: planned value cty.StringVal("") for a non-computed attribute
      - .transit_gateway_id: planned value cty.StringVal("") for a non-computed attribute
      - .destination_ipv6_cidr_block: planned value cty.StringVal("") for a non-computed attribute
2026-09-27T23:26:18.068+0100 [DEBUG] provider.terraform-provider-aws_v5.100.0_x5.exe: HTTP Request Sent: http.url=https://lambda.eu-west-1.amazonaws.com/2015-03-31/functions/sportfolio-dispatcher @caller=github.com/hashicorp/aws-sdk-go-base/v2@v2.0.0-beta.65/logging/tf_logger.go:45 http.request.header.authorization="AWS4-HMAC-SHA256 Credential=AKIA************SZUM/20260927/eu-west-1/lambda/aws4_request, SignedHeaders=amz-sdk-invocation-id;amz-sdk-request;host;x-amz-date, Signature=*****" rpc.system=aws-api tf_provider_addr=registry.terraform.io/hashicorp/aws tf_req_id=0d4920d9-118d-ab9d-3f57-7fd1d0aecf48 aws.region=eu-west-1 http.request.header.amz_sdk_invocation_id=f016cd00-e69d-44c5-8e72-4e904f52662f http.request.header.x_amz_date=20260927T222618Z http.user_agent="APN/1.0 HashiCorp/1.0 Terraform/1.15.3 (+https://www.terraform.io) terraform-provider-aws/5.100.0 (+https://registry.terraform.io/providers/hashicorp/aws) aws-sdk-go-v2/1.36.3 ua/2.1 os/windows lang/go#1.23.10 md/GOOS#windows md/GOARCH#amd64 api/lambda#1.71.3 m/n" net.peer.name=lambda.eu-west-1.amazonaws.com tf_aws.sdk=aws-sdk-go-v2 tf_mux_provider="*schema.GRPCProviderServer" @module=aws http.method=GET http.request.body="" http.request.header.amz_sdk_request="attempt=1; max=25" tf_resource_type=aws_lambda_function tf_rpc=ReadResource rpc.method=GetFunction rpc.service=Lambda tf_aws.signing_region="" timestamp="2026-09-27T23:26:18.068+0100"
2026-09-27T23:26:18.148+0100 [WARN]  Provider "registry.terraform.io/hashicorp/aws" produced an invalid plan for module.fatsecret_fargate.aws_ecs_task_definition.worker, but we are tolerating it because it is using the legacy plugin SDK.
    The following problems may be the cause of any confusing errors from downstream operations:
      - .container_definitions: planned value cty.StringVal("[{\"environment\":[{\"name\":\"AWS_REGION\",\"value\":\"eu-west-1\"},{\"name\":\"CERT_PATH\",\"value\":\"/app/ingestion/global-bundle.pem\"},{\"name\":\"DATABASE_HOST\",\"value\":\"sportfolio-db.chygqkmc6tj1.eu-west-1.rds.amazonaws.com\"},{\"name\":\"DATABASE_PASSWORD\",\"value\":\"8yM6RTB5r5Cnsx4Zud8q\"},{\"name\":\"DB_USER\",\"value\":\"sportfolio_admin\"},{\"name\":\"QUEUE_URL\",\"value\":\"https://sqs.eu-west-1.amazonaws.com/234334047980/health-platform-fatsecret\"},{\"name\":\"REDIS_URL\",\"value\":\"redis://default:bu6OXQ6lVJQFftM5sYi8IDvOZwxSQbtb@thing-action-alive-43974.db.redis.io:16499\"},{\"name\":\"WORKER_PROVIDER\",\"value\":\"fatsecret\"}],\"essential\":true,\"image\":\"234334047980.dkr.ecr.eu-west-1.amazonaws.com/sportfolio-worker\",\"logConfiguration\":{\"logDriver\":\"awslogs\",\"options\":{\"awslogs-group\":\"/ecs/sportfolio/health-platform-fatsecret-worker-logs\",\"awslogs-region\":\"eu-west-1\",\"awslogs-stream-prefix\":\"worker\"}},\"name\":\"worker\"}]") does not match config value cty.StringVal("[{\"environment\":[{\"name\":\"WORKER_PROVIDER\",\"value\":\"fatsecret\"},{\"name\":\"QUEUE_URL\",\"value\":\"https://sqs.eu-west-1.amazonaws.com/234334047980/health-platform-fatsecret\"},{\"name\":\"REDIS_URL\",\"value\":\"redis://default:bu6OXQ6lVJQFftM5sYi8IDvOZwxSQbtb@thing-action-alive-43974.db.redis.io:16499\"},{\"name\":\"AWS_REGION\",\"value\":\"eu-west-1\"},{\"name\":\"DATABASE_HOST\",\"value\":\"sportfolio-db.chygqkmc6tj1.eu-west-1.rds.amazonaws.com\"},{\"name\":\"DATABASE_PASSWORD\",\"value\":\"8yM6RTB5r5Cnsx4Zud8q\"},{\"name\":\"DB_USER\",\"value\":\"sportfolio_admin\"},{\"name\":\"CERT_PATH\",\"value\":\"/app/ingestion/global-bundle.pem\"}],\"essential\":true,\"image\":\"234334047980.dkr.ecr.eu-west-1.amazonaws.com/sportfolio-worker\",\"logConfiguration\":{\"logDriver\":\"awslogs\",\"options\":{\"awslogs-group\":\"/ecs/sportfolio/health-platform-fatsecret-worker-logs\",\"awslogs-region\":\"eu-west-1\",\"awslogs-stream-prefix\":\"worker\"}},\"name\":\"worker\"}]") nor prior value cty.StringVal("[{\"environment\":[{\"name\":\"AWS_REGION\",\"value\":\"eu-west-1\"},{\"name\":\"CERT_PATH\",\"value\":\"/app/ingestion/global-bundle.pem\"},{\"name\":\"DATABASE_HOST\",\"value\":\"sportfolio-db.chygqkmc6tj1.eu-west-1.rds.amazonaws.com\"},{\"name\":\"DATABASE_PASSWORD\",\"value\":\"8yM6RTB5r5Cnsx4Zud8q\"},{\"name\":\"DB_USER\",\"value\":\"sportfolio_admin\"},{\"name\":\"QUEUE_URL\",\"value\":\"https://sqs.eu-west-1.amazonaws.com/234334047980/health-platform-fatsecret\"},{\"name\":\"REDIS_URL\",\"value\":\"\"},{\"name\":\"WORKER_PROVIDER\",\"value\":\"fatsecret\"}],\"essential\":true,\"image\":\"234334047980.dkr.ecr.eu-west-1.amazonaws.com/sportfolio-worker\",\"logConfiguration\":{\"logDriver\":\"awslogs\",\"options\":{\"awslogs-group\":\"/ecs/sportfolio/health-platform-fatsecret-worker-logs\",\"awslogs-region\":\"eu-west-1\",\"awslogs-stream-prefix\":\"worker\"}},\"name\":\"worker\"}]")
      - .track_latest: planned value cty.False for a non-computed attribute
      - .pid_mode: planned value cty.StringVal("") for a non-computed attribute
      - .ipc_mode: planned value cty.StringVal("") for a non-computed attribute
      - .skip_destroy: planned value cty.False for a non-computed attribute
2026-09-27T23:26:18.193+0100 [DEBUG] Resource instance state not found for node "module.fatsecret_fargate.aws_ecs_service.worker", instance module.fatsecret_fargate.aws_ecs_service.worker
2026-09-27T23:26:18.194+0100 [DEBUG] ReferenceTransformer: "module.fatsecret_fargate.aws_ecs_service.worker" references: []
2026-09-27T23:26:18.194+0100 [DEBUG] refresh: module.fatsecret_fargate.aws_ecs_service.worker: no state, so not refreshing
2026-09-27T23:26:18.286+0100 [WARN]  Provider "registry.terraform.io/hashicorp/aws" produced an invalid plan for module.fatsecret_fargate.aws_ecs_service.worker, but we are tolerating it because it is using the legacy plugin SDK.
    The following problems may be the cause of any confusing errors from downstream operations:
      - .availability_zone_rebalancing: planned value cty.StringVal("DISABLED") for a non-computed attribute
      - .deployment_minimum_healthy_percent: planned value cty.NumberIntVal(100) for a non-computed attribute
      - .deployment_maximum_percent: planned value cty.NumberIntVal(200) for a non-computed attribute
      - .wait_for_steady_state: planned value cty.False for a non-computed attribute
      - .enable_ecs_managed_tags: planned value cty.False for a non-computed attribute
      - .enable_execute_command: planned value cty.False for a non-computed attribute
      - .scheduling_strategy: planned value cty.StringVal("REPLICA") for a non-computed attribute
2026-09-27T23:26:18.288+0100 [DEBUG] Resource instance state not found for node "module.fatsecret_fargate.aws_appautoscaling_policy.worker_scale_out", instance module.fatsecret_fargate.aws_appautoscaling_policy.worker_scale_out
2026-09-27T23:26:18.288+0100 [DEBUG] ReferenceTransformer: "module.fatsecret_fargate.aws_appautoscaling_policy.worker_scale_out" references: []
2026-09-27T23:26:18.289+0100 [DEBUG] Resource instance state not found for node "module.fatsecret_fargate.aws_appautoscaling_target.worker", instance module.fatsecret_fargate.aws_appautoscaling_target.worker
2026-09-27T23:26:18.289+0100 [DEBUG] ReferenceTransformer: "module.fatsecret_fargate.aws_appautoscaling_target.worker" references: []
2026-09-27T23:26:18.289+0100 [DEBUG] refresh: module.fatsecret_fargate.aws_appautoscaling_policy.worker_scale_out: no state, so not refreshing
2026-09-27T23:26:18.289+0100 [DEBUG] refresh: module.fatsecret_fargate.aws_appautoscaling_target.worker: no state, so not refreshing
2026-09-27T23:26:18.301+0100 [WARN]  Provider "registry.terraform.io/hashicorp/aws" produced an invalid plan for module.fatsecret_fargate.aws_appautoscaling_target.worker, but we are tolerating it because it is using the legacy plugin SDK.
    The following problems may be the cause of any confusing errors from downstream operations:
      - .suspended_state: attribute representing nested block must not be unknown itself; set nested attribute values to unknown instead
2026-09-27T23:26:18.319+0100 [DEBUG] provider.terraform-provider-aws_v5.100.0_x5.exe: HTTP Response Received: aws.region=eu-west-1 http.response.header.date="Sun, 27 Sep 2026 22:26:18 GMT" rpc.method=DescribePrefixLists rpc.service=EC2 rpc.system=aws-api http.response.header.cache_control="no-cache, no-store" http.response.header.x_amzn_requestid=64346a4b-78f7-44ce-8111-6c5506b8ef9d tf_aws.sdk=aws-sdk-go-v2 tf_mux_provider="*schema.GRPCProviderServer" tf_resource_type=aws_vpc_endpoint tf_rpc=ReadResource @caller=github.com/hashicorp/aws-sdk-go-base/v2@v2.0.0-beta.65/logging/tf_logger.go:45
  http.response.body=
  | <?xml version="1.0" encoding="UTF-8"?>
  | <DescribePrefixListsResponse xmlns="http://ec2.amazonaws.com/doc/2016-11-15/">
  |     <requestId>64346a4b-78f7-44ce-8111-6c5506b8ef9d</requestId>
  |     <prefixListSet/>
  | </DescribePrefixListsResponse>
   http.response.header.content_type=text/xml;charset=UTF-8 http.response.header.strict_transport_security="max-age=31536000; includeSubDomains" http.status_code=200 tf_aws.signing_region="" tf_req_id=b58ffcbe-3080-b434-b11c-c3be71043ed3 @module=aws http.duration=483 http.response.header.server=AmazonEC2 http.response.header.vary=accept-encoding tf_provider_addr=registry.terraform.io/hashicorp/aws timestamp="2026-09-27T23:26:18.318+0100"
2026-09-27T23:26:18.362+0100 [DEBUG] provider.terraform-provider-aws_v5.100.0_x5.exe: HTTP Request Sent: http.request.header.authorization="AWS4-HMAC-SHA256 Credential=AKIA************SZUM/20260927/eu-west-1/ec2/aws4_request, SignedHeaders=amz-sdk-invocation-id;amz-sdk-request;content-length;content-type;host;x-amz-date, Signature=*****" http.request.header.x_amz_date=20260927T222618Z net.peer.name=ec2.eu-west-1.amazonaws.com rpc.method=DescribeNetworkInterfaces rpc.system=aws-api tf_aws.sdk=aws-sdk-go-v2 tf_rpc=ReadResource @module=aws aws.region=eu-west-1 http.method=POST http.request.header.amz_sdk_request="attempt=1; max=25" http.request_content_length=94 tf_resource_type=aws_vpc_endpoint @caller=github.com/hashicorp/aws-sdk-go-base/v2@v2.0.0-beta.65/logging/tf_logger.go:45
  http.request.body=
  | Action=DescribeNetworkInterfaces&NetworkInterfaceId.1=eni-0c9ff84e612eb9d03&Version=2016-11-15
   http.request.header.amz_sdk_invocation_id=15027be3-6237-432a-9d8f-18cc2cfb2c02 http.request.header.content_type=application/x-www-form-urlencoded http.url=https://ec2.eu-west-1.amazonaws.com/ http.user_agent="APN/1.0 HashiCorp/1.0 Terraform/1.15.3 (+https://www.terraform.io) terraform-provider-aws/5.100.0 (+https://registry.terraform.io/providers/hashicorp/aws) aws-sdk-go-v2/1.36.3 ua/2.1 os/windows lang/go#1.23.10 md/GOOS#windows md/GOARCH#amd64 api/ec2#1.224.1 m/C,n" rpc.service=EC2 tf_aws.signing_region="" tf_mux_provider="*schema.GRPCProviderServer" tf_provider_addr=registry.terraform.io/hashicorp/aws tf_req_id=b58ffcbe-3080-b434-b11c-c3be71043ed3 timestamp="2026-09-27T23:26:18.361+0100"
2026-09-27T23:26:18.418+0100 [DEBUG] Resource instance state not found for node "module.fatsecret_cloudwatch_metric_autoscaling.aws_cloudwatch_metric_alarm.worker_queue_depth", instance module.fatsecret_cloudwatch_metric_autoscaling.aws_cloudwatch_metric_alarm.worker_queue_depth
2026-09-27T23:26:18.418+0100 [DEBUG] ReferenceTransformer: "module.fatsecret_cloudwatch_metric_autoscaling.aws_cloudwatch_metric_alarm.worker_queue_depth" references: []
2026-09-27T23:26:18.421+0100 [DEBUG] refresh: module.fatsecret_cloudwatch_metric_autoscaling.aws_cloudwatch_metric_alarm.worker_queue_depth: no state, so not refreshing
2026-09-27T23:26:18.483+0100 [WARN]  Provider "registry.terraform.io/hashicorp/aws" produced an invalid plan for module.fatsecret_cloudwatch_metric_autoscaling.aws_cloudwatch_metric_alarm.worker_queue_depth, but we are tolerating it because it is using the legacy plugin SDK.
    The following problems may be the cause of any confusing errors from downstream operations:
      - .treat_missing_data: planned value cty.StringVal("missing") for a non-computed attribute
      - .alarm_actions: planned value cty.UnknownVal(cty.Set(cty.String)) does not match config value cty.SetVal([]cty.Value{cty.UnknownVal(cty.String)})
      - .actions_enabled: planned value cty.True for a non-computed attribute
2026-09-27T23:26:18.536+0100 [DEBUG] provider.terraform-provider-aws_v5.100.0_x5.exe: HTTP Response Received: http.duration=174 rpc.service=EC2 rpc.system=aws-api tf_rpc=ReadResource http.response.header.server=AmazonEC2 http.response.header.strict_transport_security="max-age=31536000; includeSubDomains" http.response.header.vary=accept-encoding tf_aws.sdk=aws-sdk-go-v2 tf_provider_addr=registry.terraform.io/hashicorp/aws
  http.response.body=
  | <?xml version="1.0" encoding="UTF-8"?>
  | <DescribeNetworkInterfacesResponse xmlns="http://ec2.amazonaws.com/doc/2016-11-15/">
  |     <requestId>c3e9f1b5-b5df-4d97-892d-51bbf330b949</requestId>
  |     <networkInterfaceSet>
  |         <item>
  |             <networkInterfaceId>eni-0c9ff84e612eb9d03</networkInterfaceId>
  |             <subnetId>subnet-051e125a6360c6e78</subnetId>
  |             <vpcId>vpc-0705f0a7ccf33b1ad</vpcId>
  |             <availabilityZone>eu-west-1a</availabilityZone>
  |             <description>VPC Endpoint Interface vpce-026c3c4894d0fda31</description>
  |             <ownerId>234334047980</ownerId>
  |             <requesterId>727180483921</requesterId>
  |             <requesterManaged>true</requesterManaged>
  |             <status>in-use</status>
  |             <macAddress>06:ff:e2:4c:53:fb</macAddress>
  |             <privateIpAddress>10.0.2.126</privateIpAddress>
  |             <privateDnsName>ip-10-0-2-126.eu-west-1.compute.internal</privateDnsName>
  |             <publicDnsName/>
  |             <sourceDestCheck>true</sourceDestCheck>
  |             <groupSet>
  |                 <item>
  |                     <groupId>sg-0c8d987c287246a75</groupId>
  |                     <groupName>sportfolio-vpc-endpoint-sg</groupName>
  |                 </item>
  |             </groupSet>
  |             <attachment>
  |                 <attachmentId>ela-attach-0f4352857a7dbcdae</attachmentId>
  |                 <instanceOwnerId>amazon-aws</instanceOwnerId>
  |                 <deviceIndex>1</deviceIndex>
  |                 <status>attached</status>
  |                 <deleteOnTermination>false</deleteOnTermination>
  |             </attachment>
  |             <tagSet/>
  |             <privateIpAddressesSet>
  |                 <item>
  |                     <privateIpAddress>10.0.2.126</privateIpAddress>
  |                     <privateDnsName>ip-10-0-2-126.eu-west-1.compute.internal</privateDnsName>
  |                     <primary>true</primary>
  |                 </item>
  |             </privateIpAddressesSet>
  |             <ipv6AddressesSet/>
  |             <interfaceType>vpc_endpoint</interfaceType>
  |             <operator>
  |                 <managed>false</managed>
  |                 <hiddenByDefault>false</hiddenByDefault>
  |             </operator>
  |             <availabilityZoneId>euw1-az2</availabilityZoneId>
  |         </item>
  |     </networkInterfaceSet>
  | </DescribeNetworkInterfacesResponse>
   http.response.header.date="Sun, 27 Sep 2026 22:26:18 GMT" http.response.header.x_amzn_requestid=c3e9f1b5-b5df-4d97-892d-51bbf330b949 rpc.method=DescribeNetworkInterfaces tf_req_id=b58ffcbe-3080-b434-b11c-c3be71043ed3 aws.region=eu-west-1 http.response.header.cache_control="no-cache, no-store" http.response.header.content_type=text/xml;charset=UTF-8 http.status_code=200 tf_aws.signing_region="" tf_mux_provider="*schema.GRPCProviderServer" tf_resource_type=aws_vpc_endpoint @caller=github.com/hashicorp/aws-sdk-go-base/v2@v2.0.0-beta.65/logging/tf_logger.go:45 @module=aws timestamp="2026-09-27T23:26:18.535+0100"
2026-09-27T23:26:18.597+0100 [DEBUG] provider.terraform-provider-aws_v5.100.0_x5.exe: HTTP Request Sent: aws.region=eu-west-1 http.method=POST http.request.header.amz_sdk_invocation_id=35a63e75-a9b1-43c2-8a4d-b7b779e0aa32 tf_mux_provider="*schema.GRPCProviderServer" http.request_content_length=96 http.url=https://rds.eu-west-1.amazonaws.com/ rpc.system=aws-api tf_provider_addr=registry.terraform.io/hashicorp/aws tf_req_id=34699235-1410-d942-d126-1b8941f557be tf_rpc=ReadResource http.request.header.amz_sdk_request="attempt=1; max=25" http.request.header.content_type=application/x-www-form-urlencoded http.request.header.x_amz_date=20260927T222618Z http.user_agent="APN/1.0 HashiCorp/1.0 Terraform/1.15.3 (+https://www.terraform.io) terraform-provider-aws/5.100.0 (+https://registry.terraform.io/providers/hashicorp/aws) aws-sdk-go-v2/1.36.3 ua/2.1 os/windows lang/go#1.23.10 md/GOOS#windows md/GOARCH#amd64 api/rds#1.97.0 m/C,n" net.peer.name=rds.eu-west-1.amazonaws.com rpc.method=DescribeDBSubnetGroups rpc.service=RDS
  http.request.body=
  | Action=DescribeDBSubnetGroups&DBSubnetGroupName=sportfolio-db-subnet-group-v2&Version=2014-10-31
   http.request.header.authorization="AWS4-HMAC-SHA256 Credential=AKIA************SZUM/20260927/eu-west-1/rds/aws4_request, SignedHeaders=amz-sdk-invocation-id;amz-sdk-request;content-length;content-type;host;x-amz-date, Signature=*****" tf_aws.sdk=aws-sdk-go-v2 tf_aws.signing_region="" tf_resource_type=aws_db_subnet_group @caller=github.com/hashicorp/aws-sdk-go-base/v2@v2.0.0-beta.65/logging/tf_logger.go:45 @module=aws timestamp="2026-09-27T23:26:18.597+0100"
2026-09-27T23:26:18.599+0100 [WARN]  Provider "registry.terraform.io/hashicorp/aws" produced an invalid plan for module.network.aws_vpc_endpoint.sqs, but we are tolerating it because it is using the legacy plugin SDK.
    The following problems may be the cause of any confusing errors from downstream operations:
      - .service_network_arn: planned value cty.StringVal("") for a non-computed attribute
      - .resource_configuration_arn: planned value cty.StringVal("") for a non-computed attribute
      - .dns_options: block count in plan (1) disagrees with count in config (0)
2026-09-27T23:26:18.609+0100 [DEBUG] provider.terraform-provider-aws_v5.100.0_x5.exe: HTTP Response Received:
  http.response.body=
  | {"Configuration":{"Description":"","TracingConfig":{"Mode":"PassThrough"},"VpcConfig":{"Ipv6AllowedForDualStack":false,"VpcId":"vpc-0705f0a7ccf33b1ad","SecurityGroupIds":["sg-0184e1eb3dcefde41"],"SubnetIds":["subnet-051e125a6360c6e78","subnet-0fffc66a981a031e4"]},"DurableConfig":null,"SigningJobArn":null,"SnapStart":{"OptimizationStatus":"Off","ApplyOn":"None"},"RevisionId":"050eb0ed-7d4c-471c-b006-62d26d18fd0b","LastModified":"2026-09-27T22:10:27.000+0000","FunctionName":"sportfolio-dispatcher","Runtime":"python3.12","Version":"$LATEST","PackageType":"Zip","LastUpdateStatus":"Successful","Layers":null,"TenancyConfig":null,"FunctionArn":"arn:aws:lambda:eu-west-1:234334047980:function:sportfolio-dispatcher","KMSKeyArn":null,"MemorySize":512,"ImageConfigResponse":null,"LastUpdateStatusReason":null,"CapacityProviderConfig":null,"DeadLetterConfig":null,"Timeout":60,"ConfigSha256":null,"Handler":"handler.lambda_handler","CodeSha256":"zGy7OVTXlgCChnD0rez70niU/Zvx/mBQMiyK4XLqE9E=","Role":"arn:aws:iam::234334047980:role/sportfolio-dispatcher","SigningProfileVersionArn":null,"MasterArn":null,"RuntimeVersionConfig":{"Error":null,"RuntimeVersionArn":"arn:aws:lambda:eu-west-1::runtime:36aeb19f3326e129d9f096dea0a3c6a9ca8dce2610e62d2b2060747602d863ae"},"CodeSize":17654157,"State":"Active","StateReason":null,"LoggingConfig":{"LogFormat":"Text","ApplicationLogLevel":null,"LogGroup":"/aws/lambda/sportfolio-dispatcher","SystemLogLevel":null},"Environment":{"Variables":{"CERT_PATH":"global-bundle.pem","FATSECRET_QUEUE_URL":"https://sqs.eu-west-1.amazonaws.com/234334047980/health-platform-fatsecret","LYFTA_QUEUE_URL":"https://sqs.eu-west-1.amazonaws.com/234334047980/health-platform-lyfta","DATABASE_HOST":"sportfolio-db.chygqkmc6tj1.eu-west-1.rds.amazonaws.com","DB_USER":"sportfolio_admin","GOOGLE_HEALTH_QUEUE_URL":"https://sqs.eu-west-1.amazonaws.com/234334047980/health-platform-google-health","ACTIVE_USER_WINDOW_DAYS":"30","DATABASE_PASSWORD":"8yM6RTB5r5Cnsx4Zud8q"},"Error":null},"EphemeralStorage":{"Size":512},"StateReasonCode":null,"LastUpdateStatusReasonCode":null,"Architectures":["x86_64"]},"Concurrency":null,"TagsError":null,"Code":{"SourceKMSKeyArn":null,"ResolvedImageUri":null,"ResolvedS3Uri":null,"RepositoryType":"S3","ResolvedS3Object":null,"Error":null,"ImageUri":null,"Location":"https://awslambda-eu-west-1-tasks.s3.eu-west-1.amazonaws.com/snapshots/234334047980/sportfolio-dispatcher-17754ab6-ea39-45a9-98da-b1f03465ac80?versionId=QHKUjiH_TMs6y_w_Mc_AUgOwWDFw_3Bb&X-Amz-Security-Token=IQoJb3JpZ2luX2VjEF4aCWV1LXdlc3QtMSJIMEYCIQC3BEgLckR5dXsKPr2acUV9vJVo4FoeRu5v6AOu1uX2BAIhAIiw%2BDFXuGinKibzAu5QVQ0UTtJ13fMZygIs25%2BZ4gdjKosCCCYQBRoMOTU0MzY5MDgyNTExIgx2xqrtU8V2gy1Xk%2Fwq6AFhXsQiOXxEP4QiFSCWm%2FwO4RVvBTshXCSv%2B1CuOv4AiOIiWnFcvex%2BdWf8cOsrrtkZwBsPFG9UR%2FBTAI%2BGW6LG7GtISp5TJH%2BPkzPc86fESmvoCtI5edTuGxNrhd02I4gS%2F1Bjw7WlQIr0MSlFp0gdkIsFNVaIaUY22YLGjeUo5lCwXE58mTTaHMN3Y%2BrrzS5epL210n7FqYYeoJIyO03XQQznX4eM9XOQMsIr%2BzK********************************aJDh%2Ftu%2FVFtejb6cYHTdC2fGYVgfwuOZ5WXXe2kYFng2MMM6P5tUGOowBTGBeQtm8914wzjC%2BO4f1tLUtNciGK4%2FdtrAG7WNvHda7N7zIfNV7HKsKUvwhdbRnaMGDKvXlL5bl%2BUVNyFpDQHmxHBp0qqZ%2FdKX26DvMQmdIOChS6StTzL%2BPdIRXHrHB1gTqXZlOQdXXJgn0SZVTe5nJlvftwaDqYu6JpDOADMDZa9tXCaoMBMhaE8k%3D&X-Amz-Algorithm=AWS4-HMAC-SHA256&X-Amz-Date=20260927T222618Z&X-Amz-SignedHeaders=host&X-Amz-Expires=600&X-Amz-Credential=ASIA************6KFM%2F20260927%2Feu-west-1%2Fs3%2Faws4_request&X-Amz-Signature=1cd6fa4f961bf97f0b12e50bff7ecd386d9451b7b284dc935327cae5ddae1b99"},"Tags":{"Project":"sportfolio","ManagedBy":"terraform","Environment":"production"}}
   http.status_code=200 rpc.service=Lambda @caller=github.com/hashicorp/aws-sdk-go-base/v2@v2.0.0-beta.65/logging/tf_logger.go:45 @module=aws http.response_content_length=3603 tf_req_id=0d4920d9-118d-ab9d-3f57-7fd1d0aecf48 tf_resource_type=aws_lambda_function aws.region=eu-west-1 http.response.header.x_amzn_requestid=3f18abf0-833c-4d5d-a627-f73fc8bc8c6c rpc.method=GetFunction tf_mux_provider="*schema.GRPCProviderServer" tf_provider_addr=registry.terraform.io/hashicorp/aws http.duration=540 http.response.header.content_type=application/json http.response.header.date="Sun, 27 Sep 2026 22:26:18 GMT" rpc.system=aws-api tf_aws.sdk=aws-sdk-go-v2 tf_aws.signing_region="" tf_rpc=ReadResource timestamp="2026-09-27T23:26:18.609+0100"
2026-09-27T23:26:18.993+0100 [DEBUG] provider.terraform-provider-aws_v5.100.0_x5.exe: HTTP Response Received: tf_provider_addr=registry.terraform.io/hashicorp/aws tf_req_id=34699235-1410-d942-d126-1b8941f557be tf_rpc=ReadResource http.duration=394 http.response.header.x_amzn_requestid=8a10c7f9-ba72-48e1-a236-f6d473e3b922 tf_aws.sdk=aws-sdk-go-v2 @module=aws
  http.response.body=
  | <DescribeDBSubnetGroupsResponse xmlns="http://rds.amazonaws.com/doc/2014-10-31/">
  |   <DescribeDBSubnetGroupsResult>
  |     <DBSubnetGroups>
  |       <DBSubnetGroup>
  |         <SupportedNetworkTypes>
  |           <member>IPV4</member>
  |         </SupportedNetworkTypes>
  |         <VpcId>vpc-0705f0a7ccf33b1ad</VpcId>
  |         <DBSubnetGroupArn>arn:aws:rds:eu-west-1:234334047980:subgrp:sportfolio-db-subnet-group-v2</DBSubnetGroupArn>
  |         <Subnets>
  |           <Subnet>
  |             <SubnetIdentifier>subnet-051e125a6360c6e78</SubnetIdentifier>
  |             <SubnetStatus>Active</SubnetStatus>
  |             <SubnetOutpost/>
  |             <SubnetAvailabilityZone>
  |               <Name>eu-west-1a</Name>
  |             </SubnetAvailabilityZone>
  |           </Subnet>
  |           <Subnet>
  |             <SubnetIdentifier>subnet-0fffc66a981a031e4</SubnetIdentifier>
  |             <SubnetStatus>Active</SubnetStatus>
  |             <SubnetOutpost/>
  |             <SubnetAvailabilityZone>
  |               <Name>eu-west-1b</Name>
  |             </SubnetAvailabilityZone>
  |           </Subnet>
  |         </Subnets>
  |         <SubnetGroupStatus>Complete</SubnetGroupStatus>
  |         <DBSubnetGroupDescription>Managed by Terraform</DBSubnetGroupDescription>
  |         <DBSubnetGroupName>sportfolio-db-subnet-group-v2</DBSubnetGroupName>
  |       </DBSubnetGroup>
  |     </DBSubnetGroups>
  |   </DescribeDBSubnetGroupsResult>
  |   <ResponseMetadata>
  |     <RequestId>8a10c7f9-ba72-48e1-a236-f6d473e3b922</RequestId>
  |   </ResponseMetadata>
  | </DescribeDBSubnetGroupsResponse>
   rpc.method=DescribeDBSubnetGroups tf_aws.signing_region="" tf_resource_type=aws_db_subnet_group http.response.header.content_type=text/xml http.response.header.strict_transport_security=max-age=31536000 http.status_code=200 rpc.service=RDS rpc.system=aws-api @caller=github.com/hashicorp/aws-sdk-go-base/v2@v2.0.0-beta.65/logging/tf_logger.go:45 aws.region=eu-west-1 http.response.header.date="Sun, 27 Sep 2026 22:26:18 GMT" tf_mux_provider="*schema.GRPCProviderServer" timestamp="2026-09-27T23:26:18.992+0100"
2026-09-27T23:26:19.134+0100 [DEBUG] provider.terraform-provider-aws_v5.100.0_x5.exe: HTTP Request Sent: tf_resource_type=aws_lambda_function http.request.header.amz_sdk_request="attempt=1; max=25" http.request.header.authorization="AWS4-HMAC-SHA256 Credential=AKIA************SZUM/20260927/eu-west-1/lambda/aws4_request, SignedHeaders=amz-sdk-invocation-id;amz-sdk-request;host;x-amz-date, Signature=*****" http.url=https://lambda.eu-west-1.amazonaws.com/2015-03-31/functions/sportfolio-dispatcher/versions?MaxItems=10000 net.peer.name=lambda.eu-west-1.amazonaws.com tf_aws.sdk=aws-sdk-go-v2 tf_aws.signing_region="" tf_provider_addr=registry.terraform.io/hashicorp/aws aws.region=eu-west-1 http.request.body="" http.request.header.amz_sdk_invocation_id=89dcb7f4-f2e9-4a1c-a90f-d309851bd930 http.request.header.x_amz_date=20260927T222619Z http.user_agent="APN/1.0 HashiCorp/1.0 Terraform/1.15.3 (+https://www.terraform.io) terraform-provider-aws/5.100.0 (+https://registry.terraform.io/providers/hashicorp/aws) aws-sdk-go-v2/1.36.3 ua/2.1 os/windows lang/go#1.23.10 md/GOOS#windows md/GOARCH#amd64 api/lambda#1.71.3 m/C,n" rpc.system=aws-api rpc.method=ListVersionsByFunction tf_mux_provider="*schema.GRPCProviderServer" tf_req_id=0d4920d9-118d-ab9d-3f57-7fd1d0aecf48 tf_rpc=ReadResource @caller=github.com/hashicorp/aws-sdk-go-base/v2@v2.0.0-beta.65/logging/tf_logger.go:45 @module=aws http.method=GET rpc.service=Lambda timestamp="2026-09-27T23:26:19.133+0100"
2026-09-27T23:26:19.248+0100 [DEBUG] provider.terraform-provider-aws_v5.100.0_x5.exe: HTTP Response Received: tf_mux_provider="*schema.GRPCProviderServer" @module=aws http.duration=113
  http.response.body=
  | {"Versions":[{"Description":"","TracingConfig":{"Mode":"PassThrough"},"VpcConfig":{"Ipv6AllowedForDualStack":false,"VpcId":"vpc-0705f0a7ccf33b1ad","SecurityGroupIds":["sg-0184e1eb3dcefde41"],"SubnetIds":["subnet-051e125a6360c6e78","subnet-0fffc66a981a031e4"]},"DurableConfig":null,"SigningJobArn":null,"SnapStart":{"OptimizationStatus":"Off","ApplyOn":"None"},"RevisionId":"050eb0ed-7d4c-471c-b006-62d26d18fd0b","LastModified":"2026-09-27T22:10:27.000+0000","FunctionName":"sportfolio-dispatcher","Runtime":"python3.12","Version":"$LATEST","PackageType":"Zip","LastUpdateStatus":null,"Layers":null,"TenancyConfig":null,"FunctionArn":"arn:aws:lambda:eu-west-1:234334047980:function:sportfolio-dispatcher:$LATEST","KMSKeyArn":null,"MemorySize":512,"ImageConfigResponse":null,"LastUpdateStatusReason":null,"CapacityProviderConfig":null,"DeadLetterConfig":null,"Timeout":60,"ConfigSha256":null,"Handler":"handler.lambda_handler","CodeSha256":"zGy7OVTXlgCChnD0rez70niU/Zvx/mBQMiyK4XLqE9E=","Role":"arn:aws:iam::234334047980:role/sportfolio-dispatcher","SigningProfileVersionArn":null,"MasterArn":null,"RuntimeVersionConfig":null,"CodeSize":17654157,"State":null,"StateReason":null,"LoggingConfig":{"LogFormat":"Text","ApplicationLogLevel":null,"LogGroup":"/aws/lambda/sportfolio-dispatcher","SystemLogLevel":null},"Environment":{"Variables":{"CERT_PATH":"global-bundle.pem","FATSECRET_QUEUE_URL":"https://sqs.eu-west-1.amazonaws.com/234334047980/health-platform-fatsecret","LYFTA_QUEUE_URL":"https://sqs.eu-west-1.amazonaws.com/234334047980/health-platform-lyfta","DATABASE_HOST":"sportfolio-db.chygqkmc6tj1.eu-west-1.rds.amazonaws.com","DB_USER":"sportfolio_admin","GOOGLE_HEALTH_QUEUE_URL":"https://sqs.eu-west-1.amazonaws.com/234334047980/health-platform-google-health","ACTIVE_USER_WINDOW_DAYS":"30","DATABASE_PASSWORD":"8yM6RTB5r5Cnsx4Zud8q"},"Error":null},"EphemeralStorage":{"Size":512},"StateReasonCode":null,"LastUpdateStatusReasonCode":null,"Architectures":["x86_64"]}],"NextMarker":null}
   tf_provider_addr=registry.terraform.io/hashicorp/aws tf_req_id=0d4920d9-118d-ab9d-3f57-7fd1d0aecf48 tf_resource_type=aws_lambda_function tf_rpc=ReadResource rpc.service=Lambda rpc.system=aws-api http.response.header.content_type=application/json http.response.header.date="Sun, 27 Sep 2026 22:26:19 GMT" tf_aws.signing_region="" @caller=github.com/hashicorp/aws-sdk-go-base/v2@v2.0.0-beta.65/logging/tf_logger.go:45 aws.region=eu-west-1 http.response.header.x_amzn_requestid=fb41a2b6-5034-473f-8ae7-11a0615f7ccb http.response_content_length=1993 http.status_code=200 rpc.method=ListVersionsByFunction tf_aws.sdk=aws-sdk-go-v2 timestamp="2026-09-27T23:26:19.247+0100"
2026-09-27T23:26:19.284+0100 [DEBUG] provider.terraform-provider-aws_v5.100.0_x5.exe: HTTP Request Sent: tf_resource_type=aws_db_subnet_group tf_rpc=ReadResource aws.region=eu-west-1 http.request.header.amz_sdk_invocation_id=1d882464-0dc5-4be9-98cc-81ecb63e28b7 http.url=https://rds.eu-west-1.amazonaws.com/ tf_aws.sdk=aws-sdk-go-v2 tf_provider_addr=registry.terraform.io/hashicorp/aws @caller=github.com/hashicorp/aws-sdk-go-base/v2@v2.0.0-beta.65/logging/tf_logger.go:45 @module=aws http.request.header.amz_sdk_request="attempt=1; max=25" http.request_content_length=142 net.peer.name=rds.eu-west-1.amazonaws.com rpc.method=ListTagsForResource rpc.service=RDS http.method=POST http.request.header.authorization="AWS4-HMAC-SHA256 Credential=AKIA************SZUM/20260927/eu-west-1/rds/aws4_request, SignedHeaders=amz-sdk-invocation-id;amz-sdk-request;content-length;content-type;host;x-amz-date, Signature=*****" http.request.header.content_type=application/x-www-form-urlencoded http.request.header.x_amz_date=20260927T222619Z http.user_agent="APN/1.0 HashiCorp/1.0 Terraform/1.15.3 (+https://www.terraform.io) terraform-provider-aws/5.100.0 (+https://registry.terraform.io/providers/hashicorp/aws) aws-sdk-go-v2/1.36.3 ua/2.1 os/windows lang/go#1.23.10 md/GOOS#windows md/GOARCH#amd64 api/rds#1.97.0 m/n" rpc.system=aws-api tf_aws.signing_region="" tf_mux_provider="*schema.GRPCProviderServer"
  http.request.body=
  | Action=ListTagsForResource&ResourceName=arn%3Aaws%3Ards%3Aeu-west-1%3A234334047980%3Asubgrp%3Asportfolio-db-subnet-group-v2&Version=2014-10-31
   tf_req_id=34699235-1410-d942-d126-1b8941f557be timestamp="2026-09-27T23:26:19.283+0100"
2026-09-27T23:26:19.284+0100 [DEBUG] provider.terraform-provider-aws_v5.100.0_x5.exe: HTTP Request Sent: @module=aws aws.region=eu-west-1 http.method=GET tf_aws.sdk=aws-sdk-go-v2 tf_aws.signing_region="" tf_provider_addr=registry.terraform.io/hashicorp/aws http.request.body="" http.request.header.amz_sdk_invocation_id=4c77b798-0935-46ae-8b11-694dc2ae2f3c http.request.header.amz_sdk_request="attempt=1; max=25" http.user_agent="APN/1.0 HashiCorp/1.0 Terraform/1.15.3 (+https://www.terraform.io) terraform-provider-aws/5.100.0 (+https://registry.terraform.io/providers/hashicorp/aws) aws-sdk-go-v2/1.36.3 ua/2.1 os/windows lang/go#1.23.10 md/GOOS#windows md/GOARCH#amd64 api/lambda#1.71.3 m/n" rpc.method=GetFunctionCodeSigningConfig tf_resource_type=aws_lambda_function http.url=https://lambda.eu-west-1.amazonaws.com/2020-06-30/functions/sportfolio-dispatcher/code-signing-config net.peer.name=lambda.eu-west-1.amazonaws.com rpc.service=Lambda tf_rpc=ReadResource http.request.header.authorization="AWS4-HMAC-SHA256 Credential=AKIA************SZUM/20260927/eu-west-1/lambda/aws4_request, SignedHeaders=amz-sdk-invocation-id;amz-sdk-request;host;x-amz-date, Signature=*****" http.request.header.x_amz_date=20260927T222619Z rpc.system=aws-api tf_mux_provider="*schema.GRPCProviderServer" tf_req_id=0d4920d9-118d-ab9d-3f57-7fd1d0aecf48 @caller=github.com/hashicorp/aws-sdk-go-base/v2@v2.0.0-beta.65/logging/tf_logger.go:45 timestamp="2026-09-27T23:26:19.284+0100"
2026-09-27T23:26:19.346+0100 [DEBUG] provider.terraform-provider-aws_v5.100.0_x5.exe: HTTP Response Received: @caller=github.com/hashicorp/aws-sdk-go-base/v2@v2.0.0-beta.65/logging/tf_logger.go:45 http.duration=61 http.response.header.content_type=text/xml http.response.header.date="Sun, 27 Sep 2026 22:26:19 GMT" tf_provider_addr=registry.terraform.io/hashicorp/aws tf_req_id=34699235-1410-d942-d126-1b8941f557be http.response.header.strict_transport_security=max-age=31536000 http.response.header.x_amzn_requestid=702c8864-3094-4092-aeeb-8f195046b4d9 http.status_code=200 rpc.service=RDS rpc.system=aws-api tf_rpc=ReadResource rpc.method=ListTagsForResource @module=aws tf_aws.signing_region="" tf_mux_provider="*schema.GRPCProviderServer" tf_resource_type=aws_db_subnet_group aws.region=eu-west-1
  http.response.body=
  | <ListTagsForResourceResponse xmlns="http://rds.amazonaws.com/doc/2014-10-31/">
  |   <ListTagsForResourceResult>
  |     <TagList>
  |       <Tag>
  |         <Value>sportfolio</Value>
  |         <Key>Project</Key>
  |       </Tag>
  |       <Tag>
  |         <Value>production</Value>
  |         <Key>Environment</Key>
  |       </Tag>
  |       <Tag>
  |         <Value>terraform</Value>
  |         <Key>ManagedBy</Key>
  |       </Tag>
  |     </TagList>
  |   </ListTagsForResourceResult>
  |   <ResponseMetadata>
  |     <RequestId>702c8864-3094-4092-aeeb-8f195046b4d9</RequestId>
  |   </ResponseMetadata>
  | </ListTagsForResourceResponse>
   tf_aws.sdk=aws-sdk-go-v2 timestamp="2026-09-27T23:26:19.345+0100"
2026-09-27T23:26:19.351+0100 [DEBUG] provider.terraform-provider-aws_v5.100.0_x5.exe: HTTP Response Received: @module=aws http.response_content_length=49 http.status_code=200 rpc.system=aws-api tf_mux_provider="*schema.GRPCProviderServer" tf_req_id=0d4920d9-118d-ab9d-3f57-7fd1d0aecf48 @caller=github.com/hashicorp/aws-sdk-go-base/v2@v2.0.0-beta.65/logging/tf_logger.go:45 http.duration=66 http.response.header.content_type=application/json http.response.header.date="Sun, 27 Sep 2026 22:26:19 GMT" rpc.method=GetFunctionCodeSigningConfig rpc.service=Lambda tf_resource_type=aws_lambda_function
  http.response.body=
  | {"CodeSigningConfigArn":null,"FunctionName":null}
   tf_aws.sdk=aws-sdk-go-v2 tf_aws.signing_region="" tf_rpc=ReadResource aws.region=eu-west-1 http.response.header.x_amzn_requestid=4c198b5c-62c4-422c-b776-c6a3b1a32b9a tf_provider_addr=registry.terraform.io/hashicorp/aws timestamp="2026-09-27T23:26:19.351+0100"
2026-09-27T23:26:19.354+0100 [ERROR] vertex "module.lambda.aws_lambda_function.dispatcher" error: Error in function call
2026-09-27T23:26:19.373+0100 [ERROR] vertex "module.lambda.aws_lambda_function.dispatcher (expand)" error: Error in function call
2026-09-27T23:26:19.399+0100 [WARN]  Provider "registry.terraform.io/hashicorp/aws" produced an invalid plan for module.network.aws_db_subnet_group.this, but we are tolerating it because it is using the legacy plugin SDK.
    The following problems may be the cause of any confusing errors from downstream operations:
      - .description: planned value cty.StringVal("Managed by Terraform") for a non-computed attribute
2026-09-27T23:26:19.401+0100 [DEBUG] ReferenceTransformer: "module.rds.aws_db_instance.this" references: []
2026-09-27T23:26:19.765+0100 [DEBUG] provider.terraform-provider-aws_v5.100.0_x5.exe: HTTP Request Sent: @module=aws http.request.header.authorization="AWS4-HMAC-SHA256 Credential=AKIA************SZUM/20260927/eu-west-1/rds/aws4_request, SignedHeaders=amz-sdk-invocation-id;amz-sdk-request;content-length;content-type;host;x-amz-date, Signature=*****" http.request.header.content_type=application/x-www-form-urlencoded net.peer.name=rds.eu-west-1.amazonaws.com tf_req_id=c3d42396-2bff-cdd8-0b69-6e542ebc10ed tf_rpc=ReadResource
  http.request.body=
  | Action=DescribeDBInstances&Filters.Filter.1.Name=dbi-resource-id&Filters.Filter.1.Values.Value.1=db-W3C445IIJ7NBJBYWGMFOPXMO5Y&Version=2014-10-31
   http.url=https://rds.eu-west-1.amazonaws.com/ http.user_agent="APN/1.0 HashiCorp/1.0 Terraform/1.15.3 (+https://www.terraform.io) terraform-provider-aws/5.100.0 (+https://registry.terraform.io/providers/hashicorp/aws) aws-sdk-go-v2/1.36.3 ua/2.1 os/windows lang/go#1.23.10 md/GOOS#windows md/GOARCH#amd64 api/rds#1.97.0 m/C,n" rpc.system=aws-api tf_aws.signing_region="" tf_mux_provider="*schema.GRPCProviderServer" tf_provider_addr=registry.terraform.io/hashicorp/aws http.request_content_length=145 aws.region=eu-west-1 http.method=POST http.request.header.amz_sdk_invocation_id=d2e4389e-d879-4944-8ee2-32806c3285ae http.request.header.amz_sdk_request="attempt=1; max=25" http.request.header.x_amz_date=20260927T222619Z rpc.method=DescribeDBInstances rpc.service=RDS tf_aws.sdk=aws-sdk-go-v2 tf_resource_type=aws_db_instance @caller=github.com/hashicorp/aws-sdk-go-base/v2@v2.0.0-beta.65/logging/tf_logger.go:45 timestamp="2026-09-27T23:26:19.764+0100"
2026-09-27T23:26:19.900+0100 [DEBUG] provider.terraform-provider-aws_v5.100.0_x5.exe: HTTP Response Received: @caller=github.com/hashicorp/aws-sdk-go-base/v2@v2.0.0-beta.65/logging/tf_logger.go:45 @module=aws http.response.header.date="Sun, 27 Sep 2026 22:26:19 GMT" http.response.header.strict_transport_security=max-age=31536000 http.status_code=200 rpc.service=RDS tf_provider_addr=registry.terraform.io/hashicorp/aws
  http.response.body=
  | <DescribeDBInstancesResponse xmlns="http://rds.amazonaws.com/doc/2014-10-31/">
  |   <DescribeDBInstancesResult>
  |     <DBInstances>
  |       <DBInstance>
  |         <AllocatedStorage>20</AllocatedStorage>
  |         <VPCNetworkingEnabled>true</VPCNetworkingEnabled>
  |         <AssociatedRoles/>
  |         <DBParameterGroups>
  |           <DBParameterGroup>
  |             <DBParameterGroupName>default.postgres18</DBParameterGroupName>
  |             <ParameterApplyStatus>in-sync</ParameterApplyStatus>
  |           </DBParameterGroup>
  |         </DBParameterGroups>
  |         <InstanceCreateTime>2026-08-03T16:57:46.616Z</InstanceCreateTime>
  |         <DatabaseInsightsMode>standard</DatabaseInsightsMode>
  |         <StorageThroughput>125</StorageThroughput>
  |         <HttpEndpointEnabled>false</HttpEndpointEnabled>
  |         <CustomerOwnedIpEnabled>false</CustomerOwnedIpEnabled>
  |         <DBInstanceStatus>available</DBInstanceStatus>
  |         <DedicatedLogVolume>false</DedicatedLogVolume>
  |         <CACertificateIdentifier>rds-ca-rsa2048-g1</CACertificateIdentifier>
  |         <DbiResourceId>db-W3C445IIJ7NBJBYWGMFOPXMO5Y</DbiResourceId>
  |         <PreferredBackupWindow>01:20-01:50</PreferredBackupWindow>
  |         <DeletionProtection>false</DeletionProtection>
  |         <DBInstanceIdentifier>sportfolio-db</DBInstanceIdentifier>
  |         <DBInstanceArn>arn:aws:rds:eu-west-1:234334047980:db:sportfolio-db</DBInstanceArn>
  |         <Endpoint>
  |           <HostedZoneId>Z29XKXDKYMONMX</HostedZoneId>
  |           <Address>sportfolio-db.chygqkmc6tj1.eu-west-1.rds.amazonaws.com</Address>
  |           <Port>5432</Port>
  |         </Endpoint>
  |         <PubliclyAccessible>true</PubliclyAccessible>
  |         <ActivityStreamStatus>stopped</ActivityStreamStatus>
  |         <PerformanceInsightsEnabled>false</PerformanceInsightsEnabled>
  |         <DBName>sportfolio</DBName>
  |         <DBSubnetGroup>
  |           <VpcId>vpc-0705f0a7ccf33b1ad</VpcId>
  |           <Subnets>
  |             <Subnet>
  |               <SubnetIdentifier>subnet-051e125a6360c6e78</SubnetIdentifier>
  |               <SubnetStatus>Active</SubnetStatus>
  |               <SubnetOutpost/>
  |               <SubnetAvailabilityZone>
  |                 <Name>eu-west-1a</Name>
  |               </SubnetAvailabilityZone>
  |             </Subnet>
  |             <Subnet>
  |               <SubnetIdentifier>subnet-0fffc66a981a031e4</SubnetIdentifier>
  |               <SubnetStatus>Active</SubnetStatus>
  |               <SubnetOutpost/>
  |               <SubnetAvailabilityZone>
  |                 <Name>eu-west-1b</Name>
  |               </SubnetAvailabilityZone>
  |             </Subnet>
  |           </Subnets>
  |           <SubnetGroupStatus>Complete</SubnetGroupStatus>
  |           <DBSubnetGroupDescription>Managed by Terraform</DBSubnetGroupDescription>
  |           <DBSubnetGroupName>sportfolio-db-subnet-group-v2</DBSubnetGroupName>
  |         </DBSubnetGroup>
  |         <VpcSecurityGroups>
  |           <VpcSecurityGroupMembership>
  |             <VpcSecurityGroupId>sg-0fc2558523c6123bb</VpcSecurityGroupId>
  |             <Status>active</Status>
  |           </VpcSecurityGroupMembership>
  |         </VpcSecurityGroups>
  |         <LicenseModel>postgresql-license</LicenseModel>
  |         <PendingModifiedValues/>
  |         <PreferredMaintenanceWindow>mon:02:50-mon:03:20</PreferredMaintenanceWindow>
  |         <EngineLifecycleSupport>open-source-rds-extended-support</EngineLifecycleSupport>
  |         <AutoMinorVersionUpgrade>true</AutoMinorVersionUpgrade>
  |         <AvailabilityZone>eu-west-1a</AvailabilityZone>
  |         <DBSecurityGroups/>
  |         <IsStorageConfigUpgradeAvailable>false</IsStorageConfigUpgradeAvailable>
  |         <Iops>3000</Iops>
  |         <EngineVersion>18.3</EngineVersion>
  |         <MasterUsername>sportfolio_admin</MasterUsername>
  |         <CertificateDetails>
  |           <ValidTill>2027-08-03T16:56:23Z</ValidTill>
  |           <CAIdentifier>rds-ca-rsa2048-g1</CAIdentifier>
  |         </CertificateDetails>
  |         <DBInstanceClass>db.t3.micro</DBInstanceClass>
  |         <ReadReplicaDBInstanceIdentifiers/>
  |         <MonitoringInterval>0</MonitoringInterval>
  |         <BackupRetentionPeriod>1</BackupRetentionPeriod>
  |         <OptionGroupMemberships>
  |           <OptionGroupMembership>
  | [truncated...]
   rpc.system=aws-api aws.region=eu-west-1 http.duration=135 http.response.header.x_amzn_requestid=856553b7-1304-4eb9-a01e-7b1afcf2e7ed rpc.method=DescribeDBInstances tf_aws.sdk=aws-sdk-go-v2 http.response.header.content_type=text/xml tf_aws.signing_region="" tf_mux_provider="*schema.GRPCProviderServer" tf_req_id=c3d42396-2bff-cdd8-0b69-6e542ebc10ed tf_resource_type=aws_db_instance tf_rpc=ReadResource timestamp="2026-09-27T23:26:19.900+0100"
2026-09-27T23:26:20.112+0100 [WARN]  Provider "registry.terraform.io/hashicorp/aws" produced an invalid plan for module.rds.aws_db_instance.this, but we are tolerating it because it is using the legacy plugin SDK.
    The following problems may be the cause of any confusing errors from downstream operations:
      - .dedicated_log_volume: planned value cty.False for a non-computed attribute
      - .domain_iam_role_name: planned value cty.StringVal("") for a non-computed attribute
      - .monitoring_interval: planned value cty.NumberIntVal(0) for a non-computed attribute
      - .domain: planned value cty.StringVal("") for a non-computed attribute
      - .iam_database_authentication_enabled: planned value cty.False for a non-computed attribute
      - .auto_minor_version_upgrade: planned value cty.True for a non-computed attribute
      - .domain_dns_ips: planned value cty.ListValEmpty(cty.String) for a non-computed attribute
      - .storage_encrypted: planned value cty.False for a non-computed attribute
      - .custom_iam_instance_profile: planned value cty.StringVal("") for a non-computed attribute
      - .domain_auth_secret_arn: planned value cty.StringVal("") for a non-computed attribute
      - .performance_insights_enabled: planned value cty.False for a non-computed attribute
      - .replicate_source_db: planned value cty.StringVal("") for a non-computed attribute
      - .delete_automated_backups: planned value cty.True for a non-computed attribute
      - .enabled_cloudwatch_logs_exports: planned value cty.SetValEmpty(cty.String) for a non-computed attribute
      - .max_allocated_storage: planned value cty.NumberIntVal(0) for a non-computed attribute
      - .copy_tags_to_snapshot: planned value cty.False for a non-computed attribute
      - .customer_owned_ip_enabled: planned value cty.False for a non-computed attribute
      - .domain_ou: planned value cty.StringVal("") for a non-computed attribute
2026-09-27T23:26:20.258+0100 [DEBUG] provider.terraform-provider-aws_v5.100.0_x5.exe: HTTP Request Sent: tf_mux_provider="*schema.GRPCProviderServer" tf_provider_addr=registry.terraform.io/hashicorp/aws @module=aws http.url=https://budgets.amazonaws.com/ tf_req_id=dd986e18-6f4a-69e9-3f7e-093fe4a7e310 tf_rpc=ReadResource aws.region=eu-west-1 http.request.header.authorization="AWS4-HMAC-SHA256 Credential=AKIA************SZUM/20260927/us-east-1/budgets/aws4_request, SignedHeaders=amz-sdk-invocation-id;amz-sdk-request;content-length;content-type;host;x-amz-date;x-amz-target, Signature=*****" http.request.header.content_type=application/x-amz-json-1.1 http.request_content_length=69 net.peer.name=budgets.amazonaws.com rpc.service=Budgets rpc.system=aws-api http.method=POST http.request.header.amz_sdk_request="attempt=1; max=25" http.request.header.x_amz_date=20260927T222620Z http.user_agent="APN/1.0 HashiCorp/1.0 Terraform/1.15.3 (+https://www.terraform.io) terraform-provider-aws/5.100.0 (+https://registry.terraform.io/providers/hashicorp/aws) aws-sdk-go-v2/1.36.3 ua/2.1 os/windows lang/go#1.23.10 md/GOOS#windows md/GOARCH#amd64 api/budgets#1.31.0 m/n" rpc.method=DescribeBudget tf_aws.signing_region="" tf_resource_type=aws_budgets_budget @caller=github.com/hashicorp/aws-sdk-go-base/v2@v2.0.0-beta.65/logging/tf_logger.go:45
  http.request.body=
  | {"AccountId":"234334047980","BudgetName":"sportfolio-monthly-budget"}
   http.request.header.amz_sdk_invocation_id=f13d3c9d-95ab-4874-89e2-0e0911924120 http.request.header.x_amz_target=AWSBudgetServiceGateway.DescribeBudget tf_aws.sdk=aws-sdk-go-v2 timestamp="2026-09-27T23:26:20.258+0100"
2026-09-27T23:26:21.572+0100 [DEBUG] provider.terraform-provider-aws_v5.100.0_x5.exe: HTTP Response Received: http.response.header.content_type=application/x-amz-json-1.1 http.status_code=200 tf_mux_provider="*schema.GRPCProviderServer" tf_provider_addr=registry.terraform.io/hashicorp/aws aws.region=eu-west-1 http.response.header.cache_control="no-store, no-cache" http.response.header.date="Sun, 27 Sep 2026 22:26:21 GMT" http.response_content_length=761 rpc.service=Budgets rpc.system=aws-api @module=aws http.duration=1311 http.response.header.x_amzn_requestid=77acf6c9-f0d0-49c2-bc96-99afc2394df0 rpc.method=DescribeBudget tf_aws.sdk=aws-sdk-go-v2 tf_req_id=dd986e18-6f4a-69e9-3f7e-093fe4a7e310 tf_resource_type=aws_budgets_budget tf_aws.signing_region="" tf_rpc=ReadResource @caller=github.com/hashicorp/aws-sdk-go-base/v2@v2.0.0-beta.65/logging/tf_logger.go:45
  http.response.body=
  | {"Budget":{"BudgetLimit":{"Amount":"10.0","Unit":"USD"},"BudgetName":"sportfolio-monthly-budget","BudgetType":"COST","CalculatedSpend":{"ActualSpend":{"Amount":"22.531","Unit":"USD"},"ForecastedSpend":{"Amount":"27.988","Unit":"USD"}},"CostFilters":{"TagKeyValue":["Project$sportfolio"]},"CostTypes":{"IncludeCredit":true,"IncludeDiscount":true,"IncludeOtherSubscription":true,"IncludeRecurring":true,"IncludeRefund":true,"IncludeSubscription":true,"IncludeSupport":true,"IncludeTax":true,"IncludeUpfront":true,"UseAmortized":false,"UseBlended":false},"CreatedAt":1.785777318312E9,"HealthStatus":{"LastUpdatedTime":1.790517273931E9,"Status":"HEALTHY"},"LastUpdatedTime":1.79051727441E9,"TimePeriod":{"End":3.7064736E9,"Start":1.7855424E9},"TimeUnit":"MONTHLY"}}
   timestamp="2026-09-27T23:26:21.571+0100"
2026-09-27T23:26:21.698+0100 [DEBUG] provider.terraform-provider-aws_v5.100.0_x5.exe: HTTP Request Sent: tf_mux_provider="*schema.GRPCProviderServer" tf_resource_type=aws_budgets_budget tf_rpc=ReadResource @module=aws http.request.header.amz_sdk_invocation_id=580ea25e-35d7-4c16-b461-b23de61a176e http.request.header.authorization="AWS4-HMAC-SHA256 Credential=AKIA************SZUM/20260927/us-east-1/budgets/aws4_request, SignedHeaders=amz-sdk-invocation-id;amz-sdk-request;content-length;content-type;host;x-amz-date;x-amz-target, Signature=*****" http.user_agent="APN/1.0 HashiCorp/1.0 Terraform/1.15.3 (+https://www.terraform.io) terraform-provider-aws/5.100.0 (+https://registry.terraform.io/providers/hashicorp/aws) aws-sdk-go-v2/1.36.3 ua/2.1 os/windows lang/go#1.23.10 md/GOOS#windows md/GOARCH#amd64 api/budgets#1.31.0 m/C,n" rpc.method=DescribeNotificationsForBudget rpc.service=Budgets rpc.system=aws-api @caller=github.com/hashicorp/aws-sdk-go-base/v2@v2.0.0-beta.65/logging/tf_logger.go:45 http.method=POST
  http.request.body=
  | {"AccountId":"234334047980","BudgetName":"sportfolio-monthly-budget"}
   http.url=https://budgets.amazonaws.com/ tf_aws.sdk=aws-sdk-go-v2 tf_aws.signing_region="" tf_provider_addr=registry.terraform.io/hashicorp/aws tf_req_id=dd986e18-6f4a-69e9-3f7e-093fe4a7e310 aws.region=eu-west-1 http.request.header.amz_sdk_request="attempt=1; max=25" http.request.header.content_type=application/x-amz-json-1.1 http.request_content_length=69 http.request.header.x_amz_date=20260927T222621Z http.request.header.x_amz_target=AWSBudgetServiceGateway.DescribeNotificationsForBudget net.peer.name=budgets.amazonaws.com timestamp="2026-09-27T23:26:21.697+0100"
2026-09-27T23:26:21.890+0100 [DEBUG] provider.terraform-provider-aws_v5.100.0_x5.exe: HTTP Response Received: http.response.header.cache_control="no-store, no-cache" http.response.header.content_type=application/x-amz-json-1.1 tf_aws.sdk=aws-sdk-go-v2 http.status_code=200 @caller=github.com/hashicorp/aws-sdk-go-base/v2@v2.0.0-beta.65/logging/tf_logger.go:45 aws.region=eu-west-1 http.duration=191 http.response.header.date="Sun, 27 Sep 2026 22:26:21 GMT" http.response.header.x_amzn_requestid=94651cce-ac6a-4dbd-9e26-676be0ee65a2
  http.response.body=
  | {"Notifications":[{"ComparisonOperator":"GREATER_THAN","ConsecutiveBreachCount":0,"NotificationState":"ALARM","NotificationType":"ACTUAL","Threshold":100.0},{"ComparisonOperator":"GREATER_THAN","ConsecutiveBreachCount":0,"NotificationState":"ALARM","NotificationType":"ACTUAL","Threshold":150.0},{"ComparisonOperator":"GREATER_THAN","ConsecutiveBreachCount":0,"NotificationState":"ALARM","NotificationType":"ACTUAL","Threshold":50.0}]}
   http.response_content_length=435 rpc.method=DescribeNotificationsForBudget rpc.system=aws-api tf_aws.signing_region="" tf_mux_provider="*schema.GRPCProviderServer" tf_provider_addr=registry.terraform.io/hashicorp/aws tf_req_id=dd986e18-6f4a-69e9-3f7e-093fe4a7e310 @module=aws rpc.service=Budgets tf_resource_type=aws_budgets_budget tf_rpc=ReadResource timestamp="2026-09-27T23:26:21.889+0100"
2026-09-27T23:26:21.984+0100 [DEBUG] provider.terraform-provider-aws_v5.100.0_x5.exe: HTTP Request Sent: aws.region=eu-west-1 http.method=POST http.request.header.authorization="AWS4-HMAC-SHA256 Credential=AKIA************SZUM/20260927/us-east-1/budgets/aws4_request, SignedHeaders=amz-sdk-invocation-id;amz-sdk-request;content-length;content-type;host;x-amz-date;x-amz-target, Signature=*****" http.request.header.x_amz_date=20260927T222621Z tf_aws.sdk=aws-sdk-go-v2 tf_mux_provider="*schema.GRPCProviderServer" @caller=github.com/hashicorp/aws-sdk-go-base/v2@v2.0.0-beta.65/logging/tf_logger.go:45
  http.request.body=
  | {"AccountId":"234334047980","BudgetName":"sportfolio-monthly-budget","Notification":{"ComparisonOperator":"GREATER_THAN","NotificationState":"ALARM","NotificationType":"ACTUAL","Threshold":100}}
   http.request_content_length=194 http.url=https://budgets.amazonaws.com/ net.peer.name=budgets.amazonaws.com rpc.method=DescribeSubscribersForNotification rpc.system=aws-api http.request.header.amz_sdk_invocation_id=f297c3fe-6152-41c8-a292-588b2ede1a43 http.request.header.amz_sdk_request="attempt=1; max=25" http.request.header.x_amz_target=AWSBudgetServiceGateway.DescribeSubscribersForNotification tf_aws.signing_region="" tf_provider_addr=registry.terraform.io/hashicorp/aws tf_resource_type=aws_budgets_budget http.request.header.content_type=application/x-amz-json-1.1 http.user_agent="APN/1.0 HashiCorp/1.0 Terraform/1.15.3 (+https://www.terraform.io) terraform-provider-aws/5.100.0 (+https://registry.terraform.io/providers/hashicorp/aws) aws-sdk-go-v2/1.36.3 ua/2.1 os/windows lang/go#1.23.10 md/GOOS#windows md/GOARCH#amd64 api/budgets#1.31.0 m/C,n" rpc.service=Budgets tf_req_id=dd986e18-6f4a-69e9-3f7e-093fe4a7e310 tf_rpc=ReadResource @module=aws timestamp="2026-09-27T23:26:21.983+0100"
2026-09-27T23:26:22.305+0100 [DEBUG] provider.terraform-provider-aws_v5.100.0_x5.exe: HTTP Response Received: http.response.header.x_amzn_requestid=665d8da7-8f4c-4799-8379-ab624b4f631c http.status_code=200 rpc.method=DescribeSubscribersForNotification rpc.service=Budgets rpc.system=aws-api http.response.header.date="Sun, 27 Sep 2026 22:26:22 GMT" http.response_content_length=109 tf_mux_provider="*schema.GRPCProviderServer" @module=aws
  http.response.body=
  | {"Subscribers":[{"SubscriptionType":"SNS","Address":"arn:aws:sns:eu-west-1:234334047980:sportfolio-alerts"}]}
   tf_aws.sdk=aws-sdk-go-v2 tf_provider_addr=registry.terraform.io/hashicorp/aws tf_resource_type=aws_budgets_budget tf_rpc=ReadResource @caller=github.com/hashicorp/aws-sdk-go-base/v2@v2.0.0-beta.65/logging/tf_logger.go:45 aws.region=eu-west-1 http.duration=321 http.response.header.cache_control="no-store, no-cache" tf_aws.signing_region="" tf_req_id=dd986e18-6f4a-69e9-3f7e-093fe4a7e310 http.response.header.content_type=application/x-amz-json-1.1 timestamp="2026-09-27T23:26:22.304+0100"
2026-09-27T23:26:22.307+0100 [DEBUG] provider.terraform-provider-aws_v5.100.0_x5.exe: HTTP Request Sent:
  http.request.body=
  | {"AccountId":"234334047980","BudgetName":"sportfolio-monthly-budget","Notification":{"ComparisonOperator":"GREATER_THAN","NotificationState":"ALARM","NotificationType":"ACTUAL","Threshold":150}}
   net.peer.name=budgets.amazonaws.com rpc.service=Budgets rpc.system=aws-api tf_aws.sdk=aws-sdk-go-v2 http.request.header.authorization="AWS4-HMAC-SHA256 Credential=AKIA************SZUM/20260927/us-east-1/budgets/aws4_request, SignedHeaders=amz-sdk-invocation-id;amz-sdk-request;content-length;content-type;host;x-amz-date;x-amz-target, Signature=*****" http.request.header.x_amz_date=20260927T222622Z http.url=https://budgets.amazonaws.com/ tf_aws.signing_region="" tf_mux_provider="*schema.GRPCProviderServer" tf_req_id=dd986e18-6f4a-69e9-3f7e-093fe4a7e310 http.method=POST http.request.header.amz_sdk_invocation_id=3d6e995b-ae65-42fe-8c4b-ce2ef51f834a http.request.header.amz_sdk_request="attempt=1; max=25" http.request.header.content_type=application/x-amz-json-1.1 http.request.header.x_amz_target=AWSBudgetServiceGateway.DescribeSubscribersForNotification http.request_content_length=194 http.user_agent="APN/1.0 HashiCorp/1.0 Terraform/1.15.3 (+https://www.terraform.io) terraform-provider-aws/5.100.0 (+https://registry.terraform.io/providers/hashicorp/aws) aws-sdk-go-v2/1.36.3 ua/2.1 os/windows lang/go#1.23.10 md/GOOS#windows md/GOARCH#amd64 api/budgets#1.31.0 m/C,n" rpc.method=DescribeSubscribersForNotification tf_provider_addr=registry.terraform.io/hashicorp/aws tf_resource_type=aws_budgets_budget tf_rpc=ReadResource @caller=github.com/hashicorp/aws-sdk-go-base/v2@v2.0.0-beta.65/logging/tf_logger.go:45 @module=aws aws.region=eu-west-1 timestamp="2026-09-27T23:26:22.306+0100"
2026-09-27T23:26:22.560+0100 [DEBUG] provider.terraform-provider-aws_v5.100.0_x5.exe: HTTP Response Received: aws.region=eu-west-1 http.duration=251 http.response_content_length=109 rpc.method=DescribeSubscribersForNotification rpc.service=Budgets tf_aws.sdk=aws-sdk-go-v2 tf_req_id=dd986e18-6f4a-69e9-3f7e-093fe4a7e310 tf_rpc=ReadResource
  http.response.body=
  | {"Subscribers":[{"SubscriptionType":"SNS","Address":"arn:aws:sns:eu-west-1:234334047980:sportfolio-alerts"}]}
   http.response.header.cache_control="no-store, no-cache" http.response.header.content_type=application/x-amz-json-1.1 http.status_code=200 tf_aws.signing_region="" @caller=github.com/hashicorp/aws-sdk-go-base/v2@v2.0.0-beta.65/logging/tf_logger.go:45 http.response.header.date="Sun, 27 Sep 2026 22:26:22 GMT" tf_mux_provider="*schema.GRPCProviderServer" tf_provider_addr=registry.terraform.io/hashicorp/aws @module=aws http.response.header.x_amzn_requestid=7287820f-1c39-41ad-893a-e68b816c169b rpc.system=aws-api tf_resource_type=aws_budgets_budget timestamp="2026-09-27T23:26:22.558+0100"
2026-09-27T23:26:22.561+0100 [DEBUG] provider.terraform-provider-aws_v5.100.0_x5.exe: HTTP Request Sent: @module=aws http.request.header.amz_sdk_invocation_id=8604f3cb-4474-4b39-8ac5-675ec027f066 http.request.header.amz_sdk_request="attempt=1; max=25" net.peer.name=budgets.amazonaws.com rpc.method=DescribeSubscribersForNotification tf_provider_addr=registry.terraform.io/hashicorp/aws aws.region=eu-west-1 http.request.header.x_amz_date=20260927T222622Z http.request_content_length=193 rpc.system=aws-api tf_mux_provider="*schema.GRPCProviderServer" tf_resource_type=aws_budgets_budget http.request.header.content_type=application/x-amz-json-1.1 http.user_agent="APN/1.0 HashiCorp/1.0 Terraform/1.15.3 (+https://www.terraform.io) terraform-provider-aws/5.100.0 (+https://registry.terraform.io/providers/hashicorp/aws) aws-sdk-go-v2/1.36.3 ua/2.1 os/windows lang/go#1.23.10 md/GOOS#windows md/GOARCH#amd64 api/budgets#1.31.0 m/C,n" rpc.service=Budgets tf_aws.signing_region="" tf_rpc=ReadResource http.method=POST
  http.request.body=
  | {"AccountId":"234334047980","BudgetName":"sportfolio-monthly-budget","Notification":{"ComparisonOperator":"GREATER_THAN","NotificationState":"ALARM","NotificationType":"ACTUAL","Threshold":50}}
   http.request.header.authorization="AWS4-HMAC-SHA256 Credential=AKIA************SZUM/20260927/us-east-1/budgets/aws4_request, SignedHeaders=amz-sdk-invocation-id;amz-sdk-request;content-length;content-type;host;x-amz-date;x-amz-target, Signature=*****" http.request.header.x_amz_target=AWSBudgetServiceGateway.DescribeSubscribersForNotification http.url=https://budgets.amazonaws.com/ tf_aws.sdk=aws-sdk-go-v2 tf_req_id=dd986e18-6f4a-69e9-3f7e-093fe4a7e310 @caller=github.com/hashicorp/aws-sdk-go-base/v2@v2.0.0-beta.65/logging/tf_logger.go:45 timestamp="2026-09-27T23:26:22.560+0100"
2026-09-27T23:26:22.922+0100 [DEBUG] provider.terraform-provider-aws_v5.100.0_x5.exe: HTTP Response Received: tf_provider_addr=registry.terraform.io/hashicorp/aws http.duration=359
  http.response.body=
  | {"Subscribers":[{"SubscriptionType":"SNS","Address":"arn:aws:sns:eu-west-1:234334047980:sportfolio-alerts"}]}
   http.status_code=200 tf_rpc=ReadResource @caller=github.com/hashicorp/aws-sdk-go-base/v2@v2.0.0-beta.65/logging/tf_logger.go:45 aws.region=eu-west-1 http.response.header.cache_control="no-store, no-cache" http.response_content_length=109 rpc.system=aws-api tf_aws.signing_region="" tf_mux_provider="*schema.GRPCProviderServer" tf_req_id=dd986e18-6f4a-69e9-3f7e-093fe4a7e310 @module=aws http.response.header.content_type=application/x-amz-json-1.1 http.response.header.date="Sun, 27 Sep 2026 22:26:22 GMT" http.response.header.x_amzn_requestid=7982da59-2572-4047-ae13-13ba14175d7e rpc.method=DescribeSubscribersForNotification rpc.service=Budgets tf_resource_type=aws_budgets_budget tf_aws.sdk=aws-sdk-go-v2 timestamp="2026-09-27T23:26:22.920+0100"
2026-09-27T23:26:22.982+0100 [DEBUG] provider.terraform-provider-aws_v5.100.0_x5.exe: HTTP Request Sent: rpc.service=Budgets tf_aws.sdk=aws-sdk-go-v2
  http.request.body=
  | {"ResourceARN":"arn:aws:budgets::234334047980:budget/sportfolio-monthly-budget"}
   http.request.header.content_type=application/x-amz-json-1.1 http.request.header.x_amz_date=20260927T222622Z http.request_content_length=80 net.peer.name=budgets.amazonaws.com rpc.method=ListTagsForResource rpc.system=aws-api @module=aws http.request.header.amz_sdk_invocation_id=37704416-a3b8-415c-a4f8-919520b2b04e http.request.header.amz_sdk_request="attempt=1; max=25" tf_aws.signing_region="" tf_mux_provider="*schema.GRPCProviderServer" tf_req_id=dd986e18-6f4a-69e9-3f7e-093fe4a7e310 tf_rpc=ReadResource @caller=github.com/hashicorp/aws-sdk-go-base/v2@v2.0.0-beta.65/logging/tf_logger.go:45 http.request.header.x_amz_target=AWSBudgetServiceGateway.ListTagsForResource http.user_agent="APN/1.0 HashiCorp/1.0 Terraform/1.15.3 (+https://www.terraform.io) terraform-provider-aws/5.100.0 (+https://registry.terraform.io/providers/hashicorp/aws) aws-sdk-go-v2/1.36.3 ua/2.1 os/windows lang/go#1.23.10 md/GOOS#windows md/GOARCH#amd64 api/budgets#1.31.0 m/n" tf_provider_addr=registry.terraform.io/hashicorp/aws tf_resource_type=aws_budgets_budget aws.region=eu-west-1 http.method=POST http.request.header.authorization="AWS4-HMAC-SHA256 Credential=AKIA************SZUM/20260927/us-east-1/budgets/aws4_request, SignedHeaders=amz-sdk-invocation-id;amz-sdk-request;content-length;content-type;host;x-amz-date;x-amz-target, Signature=*****" http.url=https://budgets.amazonaws.com/ timestamp="2026-09-27T23:26:22.981+0100"
2026-09-27T23:26:23.171+0100 [DEBUG] provider.terraform-provider-aws_v5.100.0_x5.exe: HTTP Response Received: http.response_content_length=2 http.status_code=200 tf_provider_addr=registry.terraform.io/hashicorp/aws tf_resource_type=aws_budgets_budget http.response.header.x_amzn_requestid=078b9bda-7a5c-414f-9e4b-8d3a2519973d aws.region=eu-west-1 http.response.header.cache_control="no-store, no-cache" http.response.header.content_type=application/x-amz-json-1.1 http.response.header.date="Sun, 27 Sep 2026 22:26:23 GMT" tf_rpc=ReadResource
  http.response.body=
  | {}
   rpc.method=ListTagsForResource rpc.system=aws-api tf_aws.sdk=aws-sdk-go-v2 tf_mux_provider="*schema.GRPCProviderServer" tf_req_id=dd986e18-6f4a-69e9-3f7e-093fe4a7e310 @module=aws http.duration=187 rpc.service=Budgets tf_aws.signing_region="" @caller=github.com/hashicorp/aws-sdk-go-base/v2@v2.0.0-beta.65/logging/tf_logger.go:45 timestamp="2026-09-27T23:26:23.170+0100"
2026-09-27T23:26:23.203+0100 [WARN]  Provider "registry.terraform.io/hashicorp/aws" produced an invalid plan for module.budgets.aws_budgets_budget.project_budget, but we are tolerating it because it is using the legacy plugin SDK.
    The following problems may be the cause of any confusing errors from downstream operations:
      - .tags: planned value cty.MapValEmpty(cty.String) for a non-computed attribute
      - .time_period_end: planned value cty.StringVal("2087-06-15_00:00") for a non-computed attribute
      - .cost_types: block count in plan (1) disagrees with count in config (0)
2026-09-27T23:26:23.258+0100 [WARN]  Planning encountered errors, so plan is not applyable
2026-09-27T23:26:23.267+0100 [INFO]  backend/local: plan operation completed
2026-09-27T23:26:24.000+0100 [INFO]  backend-s3: Attempting to unlock remote state (S3 Native only)...: tf_backend.lock.id=0af8ad3f-b6c2-611d-4780-70792d3caaec tf_backend.operation=Unlock tf_backend.req_id=4c9eb89c-021b-fb5f-0738-8d70d87dd924 tf_backend.s3.bucket=edgar-fitness-terraform-state tf_backend.s3.path=fitness-platform/terraform.tfstate
2026-09-27T23:26:24.001+0100 [DEBUG] backend-s3: HTTP Request Sent: aws.region=eu-west-1 aws.s3.bucket=edgar-fitness-terraform-state aws.s3.key=fitness-platform/terraform.tfstate.tflock rpc.method=S3/GetObject rpc.system.name=aws-api tf_aws.sdk=aws-sdk-go-v2 tf_aws.signing_region="" tf_backend.lock.id=0af8ad3f-b6c2-611d-4780-70792d3caaec tf_backend.operation=Unlock tf_backend.req_id=4c9eb89c-021b-fb5f-0738-8d70d87dd924 tf_backend.s3.bucket=edgar-fitness-terraform-state tf_backend.s3.path=fitness-platform/terraform.tfstate http.url=https://edgar-fitness-terraform-state.s3.eu-west-1.amazonaws.com/fitness-platform/terraform.tfstate.tflock?x-id=GetObject http.user_agent="APN/1.0 HashiCorp/1.0 Terraform/1.15.3 (+https://www.terraform.io) aws-sdk-go-v2/1.41.5 ua/2.1 os/windows lang/go#1.25.10 md/GOOS#windows md/GOARCH#amd64 api/s3#1.97.3 m/b,n" http.request.header.authorization="AWS4-HMAC-SHA256 Credential=AKIA************SZUM/20260927/eu-west-1/s3/aws4_request, SignedHeaders=accept-encoding;amz-sdk-invocation-id;amz-sdk-request;host;x-amz-checksum-mode;x-amz-content-sha256;x-amz-date, Signature=*****" http.request.header.amz_sdk_request="attempt=1; max=5" http.request.header.x_amz_content_sha256=e3b0c44298fc1c149afbf4c8996fb92427ae41e4649b934ca495991b7852b855 http.request.header.x_amz_date=20260927T222623Z http.method=GET net.peer.name=edgar-fitness-terraform-state.s3.eu-west-1.amazonaws.com http.request.header.x_amz_checksum_mode=ENABLED http.request.header.amz_sdk_invocation_id=99842986-93bd-47a9-9eda-1fc8cff8d199 http.request.header.accept_encoding=identity http.request.body=""
2026-09-27T23:26:24.289+0100 [DEBUG] backend-s3: HTTP Response Received: aws.region=eu-west-1 aws.s3.bucket=edgar-fitness-terraform-state aws.s3.key=fitness-platform/terraform.tfstate.tflock rpc.method=S3/GetObject rpc.system.name=aws-api tf_aws.sdk=aws-sdk-go-v2 tf_aws.signing_region="" tf_backend.lock.id=0af8ad3f-b6c2-611d-4780-70792d3caaec tf_backend.operation=Unlock tf_backend.req_id=4c9eb89c-021b-fb5f-0738-8d70d87dd924 tf_backend.s3.bucket=edgar-fitness-terraform-state tf_backend.s3.path=fitness-platform/terraform.tfstate http.response.header.date="Sun, 27 Sep 2026 22:26:25 GMT" http.response.header.etag="\"a912cdba32df45169a47f5964aa07a3d\"" http.status_code=200 http.response.header.x_amz_checksum_sha256=1JNttJSXzx5ipXThq1Fnb6bk2xuNNr78cLdGKlm9mGs= http.response.header.accept_ranges=bytes http.response.header.content_type=application/json http.response.header.x_amz_server_side_encryption=AES256 http.response_content_length=268 http.response.header.x_amz_id_2="+VJCXwyRsVUWCgdxJcFfA9+k6OO8ggRecjCsta6MCdAsEhPBmBoqtGC+LoyRuGRfoQcsoFw0PwG6GSPP4nNCq+JoDcT3Fxrh" http.response.header.server=AmazonS3 http.response.header.last_modified="Sun, 27 Sep 2026 22:25:50 GMT" http.response.header.x_amz_checksum_type=FULL_OBJECT http.response.body="[Redacted: 268 bytes, Type: application/json]" http.duration=288 http.response.header.x_amz_request_id=1VHXXMAT3EDFBKSR http.response.header.x_amz_version_id=KcQnc.ztCdw1Yf5Jfhjw3SSkspvewRwV
2026-09-27T23:26:24.291+0100 [DEBUG] backend-s3: HTTP Request Sent: aws.region=eu-west-1 aws.s3.bucket=edgar-fitness-terraform-state aws.s3.key=fitness-platform/terraform.tfstate.tflock rpc.method=S3/DeleteObject rpc.system.name=aws-api tf_aws.sdk=aws-sdk-go-v2 tf_aws.signing_region="" tf_backend.lock.id=0af8ad3f-b6c2-611d-4780-70792d3caaec tf_backend.operation=Unlock tf_backend.req_id=4c9eb89c-021b-fb5f-0738-8d70d87dd924 tf_backend.s3.bucket=edgar-fitness-terraform-state tf_backend.s3.path=fitness-platform/terraform.tfstate http.request.header.x_amz_date=20260927T222625Z http.request.header.amz_sdk_invocation_id=2607be84-66c6-4963-9de6-60605b14f527 http.method=DELETE http.url=https://edgar-fitness-terraform-state.s3.eu-west-1.amazonaws.com/fitness-platform/terraform.tfstate.tflock?x-id=DeleteObject net.peer.name=edgar-fitness-terraform-state.s3.eu-west-1.amazonaws.com http.user_agent="APN/1.0 HashiCorp/1.0 Terraform/1.15.3 (+https://www.terraform.io) aws-sdk-go-v2/1.41.5 ua/2.1 os/windows lang/go#1.25.10 md/GOOS#windows md/GOARCH#amd64 api/s3#1.97.3 m/n" http.request.header.authorization="AWS4-HMAC-SHA256 Credential=AKIA************SZUM/20260927/eu-west-1/s3/aws4_request, SignedHeaders=accept-encoding;amz-sdk-invocation-id;amz-sdk-request;host;x-amz-content-sha256;x-amz-date, Signature=*****" http.request.body="" http.request.header.accept_encoding=identity http.request.header.amz_sdk_request="attempt=1; max=5" http.request.header.x_amz_content_sha256=e3b0c44298fc1c149afbf4c8996fb92427ae41e4649b934ca495991b7852b855
2026-09-27T23:26:24.382+0100 [DEBUG] backend-s3: HTTP Response Received: aws.region=eu-west-1 aws.s3.bucket=edgar-fitness-terraform-state aws.s3.key=fitness-platform/terraform.tfstate.tflock rpc.method=S3/DeleteObject rpc.system.name=aws-api tf_aws.sdk=aws-sdk-go-v2 tf_aws.signing_region="" tf_backend.lock.id=0af8ad3f-b6c2-611d-4780-70792d3caaec tf_backend.operation=Unlock tf_backend.req_id=4c9eb89c-021b-fb5f-0738-8d70d87dd924 tf_backend.s3.bucket=edgar-fitness-terraform-state tf_backend.s3.path=fitness-platform/terraform.tfstate http.response.header.x_amz_delete_marker=true http.response.header.server=AmazonS3 http.response.body="" http.response.header.x_amz_id_2="1c7EmAr3jMbUXdPIOvps5PAcLEzsYNsbCU2oQuQ9FIeYrnbb4R72ce27V/FYaA/PLtRE26lVYO6/rKDZoFRr++YPr7kx2+c/" http.response.header.x_amz_request_id=1VHPSTEKRPYD0DKC http.response.header.x_amz_version_id=l9F6uGqehID9DEZPJ2uhQ9ZnWxbtTYbC http.duration=90 http.status_code=204 http.response.header.date="Sun, 27 Sep 2026 22:26:25 GMT"
2026-09-27T23:26:24.382+0100 [DEBUG] backend-s3: Deleted lock file: '"fitness-platform/terraform.tfstate.tflock"': tf_backend.lock.id=0af8ad3f-b6c2-611d-4780-70792d3caaec tf_backend.operation=Unlock tf_backend.req_id=4c9eb89c-021b-fb5f-0738-8d70d87dd924 tf_backend.s3.bucket=edgar-fitness-terraform-state tf_backend.s3.path=fitness-platform/terraform.tfstate
2026-09-27T23:26:24.382+0100 [INFO]  backend-s3: Unlocked remote state (S3 Native only): tf_backend.lock.id=0af8ad3f-b6c2-611d-4780-70792d3caaec tf_backend.operation=Unlock tf_backend.req_id=4c9eb89c-021b-fb5f-0738-8d70d87dd924 tf_backend.s3.bucket=edgar-fitness-terraform-state tf_backend.s3.path=fitness-platform/terraform.tfstate
2026-09-27T23:26:24.385+0100 [DEBUG] provider.stdio: received EOF, stopping recv loop: err="rpc error: code = Unavailable desc = error reading from server: EOF"
2026-09-27T23:26:24.450+0100 [INFO]  provider: plugin process exited: plugin=.terraform/providers/registry.terraform.io/hashicorp/aws/5.100.0/windows_amd64/terraform-provider-aws_v5.100.0_x5.exe id=7812
2026-09-27T23:26:24.450+0100 [DEBUG] provider: plugin exited
2026-09-27T23:34:03.076+0100 [INFO]  Terraform version: 1.15.3
2026-09-27T23:34:03.174+0100 [DEBUG] using github.com/hashicorp/go-tfe v1.105.0
2026-09-27T23:34:03.174+0100 [DEBUG] using github.com/hashicorp/hcl/v2 v2.24.0
2026-09-27T23:34:03.174+0100 [DEBUG] using github.com/hashicorp/terraform-svchost v0.2.1
2026-09-27T23:34:03.174+0100 [DEBUG] using github.com/zclconf/go-cty v1.18.0
2026-09-27T23:34:03.174+0100 [INFO]  Go runtime version: go1.25.10
2026-09-27T23:34:03.174+0100 [INFO]  CLI args: []string{"C:\\Users\\mevae\\AppData\\Local\\Microsoft\\WinGet\\Links\\terraform.exe", "console"}
2026-09-27T23:34:03.181+0100 [DEBUG] Attempting to open CLI config file: C:\Users\mevae\AppData\Roaming\terraform.rc
2026-09-27T23:34:03.181+0100 [DEBUG] File doesn't exist, but doesn't need to. Ignoring.
2026-09-27T23:34:03.182+0100 [DEBUG] ignoring non-existing provider search directory terraform.d/plugins
2026-09-27T23:34:03.182+0100 [DEBUG] ignoring non-existing provider search directory C:\Users\mevae\AppData\Roaming\terraform.d\plugins
2026-09-27T23:34:03.184+0100 [DEBUG] ignoring non-existing provider search directory C:\Users\mevae\AppData\Roaming\HashiCorp\Terraform\plugins
2026-09-27T23:34:03.184+0100 [INFO]  CLI command args: []string{"console"}
2026-09-27T23:34:03.239+0100 [DEBUG] backend-s3.aws-base: Resolving credentials provider: tf_backend.operation=Configure tf_backend.req_id=636a0112-fa3e-0630-e4c5-3ad190f29303 tf_backend.s3.bucket=edgar-fitness-terraform-state tf_backend.s3.path=fitness-platform/terraform.tfstate
2026-09-27T23:34:03.239+0100 [DEBUG] backend-s3.aws-base: Loading configuration: tf_backend.operation=Configure tf_backend.req_id=636a0112-fa3e-0630-e4c5-3ad190f29303 tf_backend.s3.bucket=edgar-fitness-terraform-state tf_backend.s3.path=fitness-platform/terraform.tfstate
2026-09-27T23:34:03.240+0100 [DEBUG] backend-s3.aws-base: Retrieving credentials: tf_backend.operation=Configure tf_backend.req_id=636a0112-fa3e-0630-e4c5-3ad190f29303 tf_backend.s3.bucket=edgar-fitness-terraform-state tf_backend.s3.path=fitness-platform/terraform.tfstate
2026-09-27T23:34:03.240+0100 [INFO]  backend-s3.aws-base: Retrieved credentials: tf_backend.operation=Configure tf_backend.req_id=636a0112-fa3e-0630-e4c5-3ad190f29303 tf_backend.s3.bucket=edgar-fitness-terraform-state tf_backend.s3.path=fitness-platform/terraform.tfstate tf_aws.credentials_source="SharedConfigCredentials: C:\Users\mevae\.aws\credentials"
2026-09-27T23:34:03.240+0100 [DEBUG] backend-s3.aws-base: Loading configuration: tf_backend.operation=Configure tf_backend.req_id=636a0112-fa3e-0630-e4c5-3ad190f29303 tf_backend.s3.bucket=edgar-fitness-terraform-state tf_backend.s3.path=fitness-platform/terraform.tfstate
2026-09-27T23:34:03.240+0100 [DEBUG] backend-s3.aws-base: Retrieving caller identity from STS: tf_backend.operation=Configure tf_backend.req_id=636a0112-fa3e-0630-e4c5-3ad190f29303 tf_backend.s3.bucket=edgar-fitness-terraform-state tf_backend.s3.path=fitness-platform/terraform.tfstate
2026-09-27T23:34:03.252+0100 [DEBUG] backend-s3.aws-base: HTTP Request Sent: aws.region=eu-west-1 rpc.method=STS/GetCallerIdentity rpc.system.name=aws-api tf_aws.sdk=aws-sdk-go-v2 tf_aws.signing_region="" tf_backend.operation=Configure tf_backend.req_id=636a0112-fa3e-0630-e4c5-3ad190f29303 tf_backend.s3.bucket=edgar-fitness-terraform-state tf_backend.s3.path=fitness-platform/terraform.tfstate http.request.header.amz_sdk_invocation_id=5b4a0099-c017-4281-9758-a8225b015311 http.request.header.amz_sdk_request="attempt=1; max=5" http.request.header.x_amz_date=20260927T223403Z http.request.header.content_type=application/x-www-form-urlencoded http.user_agent="APN/1.0 HashiCorp/1.0 Terraform/1.15.3 (+https://www.terraform.io) aws-sdk-go-v2/1.41.5 ua/2.1 os/windows lang/go#1.25.10 md/GOOS#windows md/GOARCH#amd64 api/sts#1.41.9 m/n" http.request.header.authorization="AWS4-HMAC-SHA256 Credential=AKIA************SZUM/20260927/eu-west-1/sts/aws4_request, SignedHeaders=amz-sdk-invocation-id;amz-sdk-request;content-length;content-type;host;x-amz-date, Signature=*****"
  http.request.body=
  | Action=GetCallerIdentity&Version=2011-06-15
   http.method=POST http.url=https://sts.eu-west-1.amazonaws.com/ net.peer.name=sts.eu-west-1.amazonaws.com http.request_content_length=43
2026-09-27T23:34:03.603+0100 [DEBUG] backend-s3.aws-base: HTTP Response Received: aws.region=eu-west-1 rpc.method=STS/GetCallerIdentity rpc.system.name=aws-api tf_aws.sdk=aws-sdk-go-v2 tf_aws.signing_region="" tf_backend.operation=Configure tf_backend.req_id=636a0112-fa3e-0630-e4c5-3ad190f29303 tf_backend.s3.bucket=edgar-fitness-terraform-state tf_backend.s3.path=fitness-platform/terraform.tfstate http.response.header.date="Sun, 27 Sep 2026 22:34:03 GMT" http.response.header.x_amzn_requestid=2bbfcf04-9676-4eec-be7d-11f10470c6ce http.response.header.x_amz_sts_extended_request_id=MTpldS13ZXN0LTE6UzoxNzkwNTQ4NDQzNTY4OlI6QlVvbVpZbkk= http.response.header.content_type=text/xml
  http.response.body=
  | <GetCallerIdentityResponse xmlns="https://sts.amazonaws.com/doc/2011-06-15/">
  |   <GetCallerIdentityResult>
  |     <Arn>arn:aws:iam::234334047980:user/terraform-bootstrap</Arn>
  |     <UserId>AIDA*************MURE</UserId>
  |     <Account>234334047980</Account>
  |   </GetCallerIdentityResult>
  |   <ResponseMetadata>
  |     <RequestId>2bbfcf04-9676-4eec-be7d-11f10470c6ce</RequestId>
  |   </ResponseMetadata>
  | </GetCallerIdentityResponse>
   http.duration=350 http.status_code=200 http.response_content_length=416
2026-09-27T23:34:03.603+0100 [INFO]  backend-s3.aws-base: Retrieved caller identity from STS: tf_backend.operation=Configure tf_backend.req_id=636a0112-fa3e-0630-e4c5-3ad190f29303 tf_backend.s3.bucket=edgar-fitness-terraform-state tf_backend.s3.path=fitness-platform/terraform.tfstate
2026-09-27T23:34:03.603+0100 [DEBUG] backend-s3.aws-base: Retrieving caller identity from STS: tf_backend.operation=Configure tf_backend.req_id=636a0112-fa3e-0630-e4c5-3ad190f29303 tf_backend.s3.bucket=edgar-fitness-terraform-state tf_backend.s3.path=fitness-platform/terraform.tfstate
2026-09-27T23:34:03.604+0100 [DEBUG] backend-s3.aws-base: HTTP Request Sent: aws.region=eu-west-1 rpc.method=STS/GetCallerIdentity rpc.system.name=aws-api tf_aws.sdk=aws-sdk-go-v2 tf_aws.signing_region="" tf_backend.operation=Configure tf_backend.req_id=636a0112-fa3e-0630-e4c5-3ad190f29303 tf_backend.s3.bucket=edgar-fitness-terraform-state tf_backend.s3.path=fitness-platform/terraform.tfstate http.method=POST net.peer.name=sts.eu-west-1.amazonaws.com http.user_agent="APN/1.0 HashiCorp/1.0 Terraform/1.15.3 (+https://www.terraform.io) aws-sdk-go-v2/1.41.5 ua/2.1 os/windows lang/go#1.25.10 md/GOOS#windows md/GOARCH#amd64 api/sts#1.41.9 m/n" http.request_content_length=43 http.request.header.authorization="AWS4-HMAC-SHA256 Credential=AKIA************SZUM/20260927/eu-west-1/sts/aws4_request, SignedHeaders=amz-sdk-invocation-id;amz-sdk-request;content-length;content-type;host;x-amz-date, Signature=*****" http.request.header.content_type=application/x-www-form-urlencoded http.request.header.amz_sdk_request="attempt=1; max=5" http.url=https://sts.eu-west-1.amazonaws.com/ http.request.header.x_amz_date=20260927T223403Z http.request.header.amz_sdk_invocation_id=8148136c-9a29-4d9c-b1c6-0e2ff2af7d87
  http.request.body=
  | Action=GetCallerIdentity&Version=2011-06-15
  
2026-09-27T23:34:03.661+0100 [DEBUG] backend-s3.aws-base: HTTP Response Received: aws.region=eu-west-1 rpc.method=STS/GetCallerIdentity rpc.system.name=aws-api tf_aws.sdk=aws-sdk-go-v2 tf_aws.signing_region="" tf_backend.operation=Configure tf_backend.req_id=636a0112-fa3e-0630-e4c5-3ad190f29303 tf_backend.s3.bucket=edgar-fitness-terraform-state tf_backend.s3.path=fitness-platform/terraform.tfstate http.response.header.x_amzn_requestid=97cdf7fb-1bf9-4242-8c87-b45c10a26970 http.response.header.x_amz_sts_extended_request_id=MTpldS13ZXN0LTE6UzoxNzkwNTQ4NDQzNjMzOlI6RHRqMml1cWc=
  http.response.body=
  | <GetCallerIdentityResponse xmlns="https://sts.amazonaws.com/doc/2011-06-15/">
  |   <GetCallerIdentityResult>
  |     <Arn>arn:aws:iam::234334047980:user/terraform-bootstrap</Arn>
  |     <UserId>AIDA*************MURE</UserId>
  |     <Account>234334047980</Account>
  |   </GetCallerIdentityResult>
  |   <ResponseMetadata>
  |     <RequestId>97cdf7fb-1bf9-4242-8c87-b45c10a26970</RequestId>
  |   </ResponseMetadata>
  | </GetCallerIdentityResponse>
   http.duration=57 http.status_code=200 http.response_content_length=416 http.response.header.content_type=text/xml http.response.header.date="Sun, 27 Sep 2026 22:34:03 GMT"
2026-09-27T23:34:03.661+0100 [INFO]  backend-s3.aws-base: Retrieved caller identity from STS: tf_backend.operation=Configure tf_backend.req_id=636a0112-fa3e-0630-e4c5-3ad190f29303 tf_backend.s3.bucket=edgar-fitness-terraform-state tf_backend.s3.path=fitness-platform/terraform.tfstate
2026-09-27T23:34:32.574+0100 [DEBUG] checking for provisioner in "."
2026-09-27T23:34:32.574+0100 [DEBUG] checking for provisioner in "C:\\Users\\mevae\\AppData\\Local\\Microsoft\\WinGet\\Links"
2026-09-27T23:34:32.578+0100 [DEBUG] backend-s3: HTTP Request Sent: aws.region=eu-west-1 aws.s3.bucket=edgar-fitness-terraform-state rpc.method=S3/ListObjectsV2 rpc.system.name=aws-api tf_aws.sdk=aws-sdk-go-v2 tf_aws.signing_region="" tf_backend.operation=Workspaces tf_backend.req_id=afd56ee2-084d-901d-b406-5e61e8aa50f5 tf_backend.s3.bucket=edgar-fitness-terraform-state tf_backend.workspace-prefix=env:/ http.request.header.x_amz_content_sha256=e3b0c44298fc1c149afbf4c8996fb92427ae41e4649b934ca495991b7852b855 http.request.header.x_amz_date=20260927T223432Z http.method=GET http.url="https://edgar-fitness-terraform-state.s3.eu-west-1.amazonaws.com/?list-type=2&max-keys=1000&prefix=env%3A%2F" net.peer.name=edgar-fitness-terraform-state.s3.eu-west-1.amazonaws.com http.user_agent="APN/1.0 HashiCorp/1.0 Terraform/1.15.3 (+https://www.terraform.io) aws-sdk-go-v2/1.41.5 ua/2.1 os/windows lang/go#1.25.10 md/GOOS#windows md/GOARCH#amd64 api/s3#1.97.3 m/C,n" http.request.header.amz_sdk_request="attempt=1; max=5" http.request.body="" http.request.header.authorization="AWS4-HMAC-SHA256 Credential=AKIA************SZUM/20260927/eu-west-1/s3/aws4_request, SignedHeaders=accept-encoding;amz-sdk-invocation-id;amz-sdk-request;host;x-amz-content-sha256;x-amz-date, Signature=*****" http.request.header.amz_sdk_invocation_id=381d7fd9-ca26-45ff-ad04-fbad2476d68a http.request.header.accept_encoding=identity
2026-09-27T23:34:32.808+0100 [DEBUG] backend-s3: HTTP Response Received: aws.region=eu-west-1 aws.s3.bucket=edgar-fitness-terraform-state rpc.method=S3/ListObjectsV2 rpc.system.name=aws-api tf_aws.sdk=aws-sdk-go-v2 tf_aws.signing_region="" tf_backend.operation=Workspaces tf_backend.req_id=afd56ee2-084d-901d-b406-5e61e8aa50f5 tf_backend.s3.bucket=edgar-fitness-terraform-state tf_backend.workspace-prefix=env:/ http.status_code=200 http.response.header.x_amz_bucket_region=eu-west-1 http.response.header.x_amz_id_2="cTjpuxgb80lpiAHCQb+o52cHzlbTwym3wBvKGiX8SLLGZvC/tVK6Jd+hlUFnjJBRkx0XmMw8iSgvSuXwNs5+eRFuzOv25+4N"
  http.response.body=
  | <?xml version="1.0" encoding="UTF-8"?>
  | <ListBucketResult xmlns="http://s3.amazonaws.com/doc/2006-03-01/"><Name>edgar-fitness-terraform-state</Name><Prefix>env:/</Prefix><KeyCount>0</KeyCount><MaxKeys>1000</MaxKeys><IsTruncated>false</IsTruncated></ListBucketResult>
   http.duration=228 http.response.header.content_type=application/xml http.response.header.x_amz_request_id=F7SSYRZ4M1K4SPM7 http.response.header.server=AmazonS3 http.response.header.date="Sun, 27 Sep 2026 22:34:33 GMT"
2026-09-27T23:34:32.808+0100 [INFO]  backend-s3: Downloading remote state: tf_backend.operation=Get tf_backend.req_id=dab1aad7-570f-d622-bca2-b0c2d7a41b3c tf_backend.s3.bucket=edgar-fitness-terraform-state tf_backend.s3.path=fitness-platform/terraform.tfstate
2026-09-27T23:34:32.809+0100 [DEBUG] backend-s3: HTTP Request Sent: aws.region=eu-west-1 aws.s3.bucket=edgar-fitness-terraform-state aws.s3.key=fitness-platform/terraform.tfstate rpc.method=S3/HeadObject rpc.system.name=aws-api tf_aws.sdk=aws-sdk-go-v2 tf_aws.signing_region="" tf_backend.operation=Get tf_backend.req_id=dab1aad7-570f-d622-bca2-b0c2d7a41b3c tf_backend.s3.bucket=edgar-fitness-terraform-state tf_backend.s3.path=fitness-platform/terraform.tfstate http.url=https://edgar-fitness-terraform-state.s3.eu-west-1.amazonaws.com/fitness-platform/terraform.tfstate http.request.header.authorization="AWS4-HMAC-SHA256 Credential=AKIA************SZUM/20260927/eu-west-1/s3/aws4_request, SignedHeaders=accept-encoding;amz-sdk-invocation-id;amz-sdk-request;host;x-amz-content-sha256;x-amz-date, Signature=*****" http.request.header.amz_sdk_invocation_id=f7c81c86-1e54-4a49-bacc-c99baa6330d5 http.request.header.accept_encoding=identity http.request.header.amz_sdk_request="attempt=1; max=5" http.request.header.x_amz_content_sha256=e3b0c44298fc1c149afbf4c8996fb92427ae41e4649b934ca495991b7852b855 http.request.body="" http.method=HEAD net.peer.name=edgar-fitness-terraform-state.s3.eu-west-1.amazonaws.com http.user_agent="APN/1.0 HashiCorp/1.0 Terraform/1.15.3 (+https://www.terraform.io) aws-sdk-go-v2/1.41.5 ua/2.1 os/windows lang/go#1.25.10 md/GOOS#windows md/GOARCH#amd64 api/s3#1.97.3 m/n" http.request.header.x_amz_date=20260927T223433Z
2026-09-27T23:34:32.887+0100 [DEBUG] backend-s3: HTTP Response Received: aws.region=eu-west-1 aws.s3.bucket=edgar-fitness-terraform-state aws.s3.key=fitness-platform/terraform.tfstate rpc.method=S3/HeadObject rpc.system.name=aws-api tf_aws.sdk=aws-sdk-go-v2 tf_aws.signing_region="" tf_backend.operation=Get tf_backend.req_id=dab1aad7-570f-d622-bca2-b0c2d7a41b3c tf_backend.s3.bucket=edgar-fitness-terraform-state tf_backend.s3.path=fitness-platform/terraform.tfstate http.response.header.content_type=application/json http.response.header.date="Sun, 27 Sep 2026 22:34:33 GMT" http.response.header.accept_ranges=bytes http.response.header.server=AmazonS3 http.duration=78 http.status_code=200 http.response_content_length=99051 http.response.header.last_modified="Sun, 27 Sep 2026 22:24:15 GMT" http.response.header.x_amz_server_side_encryption=AES256 http.response.header.x_amz_version_id=9bhX3R4FicaxJwVcdfWeZaNyHul5UgvH http.response.header.etag="\"0736c1af5e48efeeaaeee03a7c54945f\"" http.response.body="" http.response.header.x_amz_request_id=F7SV45WHW7925CMF http.response.header.x_amz_id_2="OElYjkGmBBUjyd9u1AW++MzR/UWfWVif4PaYGao9XDiFqlSmMcvrCD9wkU+PvQmlmcS4KsHtFZc4WbhBmzyfJkzKCWnNgyGI"
2026-09-27T23:34:32.889+0100 [DEBUG] backend-s3: HTTP Request Sent: aws.region=eu-west-1 aws.s3.bucket=edgar-fitness-terraform-state aws.s3.key=fitness-platform/terraform.tfstate rpc.method=S3/GetObject rpc.system.name=aws-api tf_aws.sdk=aws-sdk-go-v2 tf_aws.signing_region="" tf_backend.operation=Get tf_backend.req_id=dab1aad7-570f-d622-bca2-b0c2d7a41b3c tf_backend.s3.bucket=edgar-fitness-terraform-state tf_backend.s3.path=fitness-platform/terraform.tfstate http.method=GET http.user_agent="APN/1.0 HashiCorp/1.0 Terraform/1.15.3 (+https://www.terraform.io) aws-sdk-go-v2/1.41.5 ua/2.1 os/windows lang/go#1.25.10 md/GOOS#windows md/GOARCH#amd64 api/s3#1.97.3 ft/s3-transfer m/G,b,n" http.request.header.authorization="AWS4-HMAC-SHA256 Credential=AKIA************SZUM/20260927/eu-west-1/s3/aws4_request, SignedHeaders=accept-encoding;amz-sdk-invocation-id;amz-sdk-request;host;range;x-amz-checksum-mode;x-amz-content-sha256;x-amz-date, Signature=*****" http.request.header.range=bytes=0-5242879 http.request.header.x_amz_content_sha256=e3b0c44298fc1c149afbf4c8996fb92427ae41e4649b934ca495991b7852b855 http.request.header.x_amz_checksum_mode=ENABLED http.request.header.amz_sdk_request="attempt=1; max=5" http.request.body="" http.url=https://edgar-fitness-terraform-state.s3.eu-west-1.amazonaws.com/fitness-platform/terraform.tfstate?x-id=GetObject net.peer.name=edgar-fitness-terraform-state.s3.eu-west-1.amazonaws.com http.request.header.x_amz_date=20260927T223433Z http.request.header.amz_sdk_invocation_id=a89e5cd5-3c45-4205-9de3-a1a009a28100 http.request.header.accept_encoding=identity
2026-09-27T23:34:32.978+0100 [DEBUG] backend-s3: HTTP Response Received: aws.region=eu-west-1 aws.s3.bucket=edgar-fitness-terraform-state aws.s3.key=fitness-platform/terraform.tfstate rpc.method=S3/GetObject rpc.system.name=aws-api tf_aws.sdk=aws-sdk-go-v2 tf_aws.signing_region="" tf_backend.operation=Get tf_backend.req_id=dab1aad7-570f-d622-bca2-b0c2d7a41b3c tf_backend.s3.bucket=edgar-fitness-terraform-state tf_backend.s3.path=fitness-platform/terraform.tfstate http.duration=87 http.response.header.x_amz_checksum_type=FULL_OBJECT http.response.header.x_amz_server_side_encryption=AES256 http.response_content_length=99051 http.response.header.content_type=application/json http.response.header.accept_ranges=bytes http.response.header.last_modified="Sun, 27 Sep 2026 22:24:15 GMT" http.response.header.etag="\"0736c1af5e48efeeaaeee03a7c54945f\"" http.response.header.x_amz_version_id=9bhX3R4FicaxJwVcdfWeZaNyHul5UgvH http.status_code=206 http.response.header.date="Sun, 27 Sep 2026 22:34:32 GMT" http.response.header.x_amz_checksum_sha256="kLgRFmK+FxAQF0m/U9ipiN4QkfX++m1YObat9S8839g=" http.response.header.x_amz_id_2="YROB2N9NMPDYVRfPObC51ssX/L1PNoRFq8VjZpjTb+CO64DYWWWB0q12JX/2FQenx7pTd5XTDO9vS1jice/92c1lg86fdcZA" http.response.header.content_range="bytes 0-99050/99051" http.response.header.server=AmazonS3 http.response.header.x_amz_request_id=F7STT8CTJ4732B3E http.response.body="[Redacted: 96.7 KB (99,051 bytes), Type: application/json]"
2026-09-27T23:34:33.234+0100 [DEBUG] ReferenceTransformer: "var.bucket_name" references: []
2026-09-27T23:34:33.234+0100 [DEBUG] ReferenceTransformer: "var.active_user_window_days" references: []
2026-09-27T23:34:33.234+0100 [DEBUG] ReferenceTransformer: "module.kms" references: [local.common_tags (expand)]
2026-09-27T23:34:33.234+0100 [DEBUG] ReferenceTransformer: "module.ecs_cluster" references: [var.project_name local.common_tags (expand)]
2026-09-27T23:34:33.234+0100 [DEBUG] ReferenceTransformer: "module.progress_photo_s3" references: [local.common_tags (expand) var.progress_photo_bucket_name]
2026-09-27T23:34:33.234+0100 [DEBUG] ReferenceTransformer: "module.secrets" references: [local.common_tags (expand)]
2026-09-27T23:34:33.234+0100 [DEBUG] ReferenceTransformer: "module.fatsecret_log_group" references: [local.common_tags (expand) var.project_name]
2026-09-27T23:34:33.234+0100 [DEBUG] ReferenceTransformer: "local.common_tags (expand)" references: []
2026-09-27T23:34:33.234+0100 [DEBUG] ReferenceTransformer: "var.progress_photo_bucket_name" references: []
2026-09-27T23:34:33.234+0100 [DEBUG] ReferenceTransformer: "var.alert_email" references: []
2026-09-27T23:34:33.234+0100 [DEBUG] ReferenceTransformer: "var.database_password" references: []
2026-09-27T23:34:33.234+0100 [DEBUG] ReferenceTransformer: "var.cert_path" references: []
2026-09-27T23:34:33.234+0100 [DEBUG] ReferenceTransformer: "module.sns" references: [var.alert_email local.common_tags (expand) var.project_name]
2026-09-27T23:34:33.234+0100 [DEBUG] ReferenceTransformer: "module.budgets" references: [var.project_name]
2026-09-27T23:34:33.234+0100 [DEBUG] ReferenceTransformer: "module.iam" references: [local.common_tags (expand) var.project_name]
2026-09-27T23:34:33.234+0100 [DEBUG] ReferenceTransformer: "module.rds" references: [local.common_tags (expand)]
2026-09-27T23:34:33.234+0100 [DEBUG] ReferenceTransformer: "var.lambda_zip_path" references: []
2026-09-27T23:34:33.234+0100 [DEBUG] ReferenceTransformer: "var.redis_url" references: []
2026-09-27T23:34:33.234+0100 [DEBUG] ReferenceTransformer: "module.fatsecret_cloudwatch_metric_autoscaling" references: [local.common_tags (expand) var.project_name]
2026-09-27T23:34:33.234+0100 [DEBUG] ReferenceTransformer: "module.fatsecret_fargate" references: [var.db_user var.database_host var.database_password var.project_name var.region var.redis_url local.common_tags (expand)]
2026-09-27T23:34:33.234+0100 [DEBUG] ReferenceTransformer: "var.region" references: []
2026-09-27T23:34:33.234+0100 [DEBUG] ReferenceTransformer: "var.project_name" references: []
2026-09-27T23:34:33.235+0100 [DEBUG] ReferenceTransformer: "var.database_host" references: []
2026-09-27T23:34:33.235+0100 [DEBUG] ReferenceTransformer: "var.db_user" references: []
2026-09-27T23:34:33.235+0100 [DEBUG] ReferenceTransformer: "module.sqs" references: [local.common_tags (expand)]
2026-09-27T23:34:33.235+0100 [DEBUG] ReferenceTransformer: "module.ecr" references: [local.common_tags (expand) var.project_name]
2026-09-27T23:34:33.235+0100 [DEBUG] ReferenceTransformer: "module.network" references: [local.common_tags (expand) var.project_name var.region]
2026-09-27T23:34:33.235+0100 [DEBUG] ReferenceTransformer: "module.lambda" references: [var.db_user local.common_tags (expand) var.lambda_zip_path var.database_password var.cert_path var.project_name var.active_user_window_days var.database_host]
2026-09-27T23:34:33.235+0100 [DEBUG] Starting graph walk: walkInit
2026-09-27T23:34:33.235+0100 [WARN]  Error loading schema for registry.terraform.io/hashicorp/aws to determine its functions: failed to instantiate provider "registry.terraform.io/hashicorp/aws" to obtain schema: unavailable provider "registry.terraform.io/hashicorp/aws"
2026-09-27T23:34:33.236+0100 [WARN]  Error loading schema for registry.terraform.io/hashicorp/aws to determine its functions: failed to instantiate provider "registry.terraform.io/hashicorp/aws" to obtain schema: unavailable provider "registry.terraform.io/hashicorp/aws"
2026-09-27T23:34:33.238+0100 [WARN]  Error loading schema for registry.terraform.io/hashicorp/aws to determine its functions: failed to instantiate provider "registry.terraform.io/hashicorp/aws" to obtain schema: unavailable provider "registry.terraform.io/hashicorp/aws"
2026-09-27T23:34:33.238+0100 [DEBUG] ReferenceTransformer: "module.budgets.var.project_name (expand)" references: []
2026-09-27T23:34:33.238+0100 [DEBUG] ReferenceTransformer: "module.budgets.var.monthly_budget (expand)" references: []
2026-09-27T23:34:33.238+0100 [DEBUG] ReferenceTransformer: "module.budgets.var.sns_topic_arn (expand)" references: []
2026-09-27T23:34:33.239+0100 [DEBUG] ReferenceTransformer: "module.ecr.var.project_name (expand)" references: []
2026-09-27T23:34:33.239+0100 [DEBUG] ReferenceTransformer: "module.ecr.var.tags (expand)" references: []
2026-09-27T23:34:33.239+0100 [WARN]  Error loading schema for registry.terraform.io/hashicorp/aws to determine its functions: failed to instantiate provider "registry.terraform.io/hashicorp/aws" to obtain schema: unavailable provider "registry.terraform.io/hashicorp/aws"
2026-09-27T23:34:33.241+0100 [DEBUG] ReferenceTransformer: "module.rds.var.instance_class (expand)" references: []
2026-09-27T23:34:33.241+0100 [DEBUG] ReferenceTransformer: "module.rds.var.allocated_storage (expand)" references: []
2026-09-27T23:34:33.241+0100 [WARN]  Error loading schema for registry.terraform.io/hashicorp/aws to determine its functions: failed to instantiate provider "registry.terraform.io/hashicorp/aws" to obtain schema: unavailable provider "registry.terraform.io/hashicorp/aws"
2026-09-27T23:34:33.241+0100 [DEBUG] ReferenceTransformer: "module.rds.var.subnet_group_name (expand)" references: []
2026-09-27T23:34:33.241+0100 [DEBUG] ReferenceTransformer: "module.rds.var.security_group_ids (expand)" references: []
2026-09-27T23:34:33.241+0100 [DEBUG] ReferenceTransformer: "module.rds.var.db_identifier (expand)" references: []
2026-09-27T23:34:33.241+0100 [DEBUG] ReferenceTransformer: "module.rds.var.db_password (expand)" references: []
2026-09-27T23:34:33.241+0100 [DEBUG] ReferenceTransformer: "module.rds.var.db_name (expand)" references: []
2026-09-27T23:34:33.241+0100 [DEBUG] ReferenceTransformer: "module.rds.var.db_username (expand)" references: []
2026-09-27T23:34:33.242+0100 [DEBUG] ReferenceTransformer: "module.rds.var.tags (expand)" references: []
2026-09-27T23:34:33.242+0100 [DEBUG] ReferenceTransformer: "module.rds.var.engine_version (expand)" references: []
2026-09-27T23:34:33.243+0100 [DEBUG] ReferenceTransformer: "module.sqs.var.tags (expand)" references: []
2026-09-27T23:34:33.243+0100 [DEBUG] ReferenceTransformer: "module.sqs.var.google_health_queue_name (expand)" references: []
2026-09-27T23:34:33.243+0100 [DEBUG] ReferenceTransformer: "module.sqs.var.fatsecret_queue_name (expand)" references: []
2026-09-27T23:34:33.243+0100 [DEBUG] ReferenceTransformer: "module.sqs.var.lyfta_queue_name (expand)" references: []
2026-09-27T23:34:33.243+0100 [WARN]  Error loading schema for registry.terraform.io/hashicorp/aws to determine its functions: failed to instantiate provider "registry.terraform.io/hashicorp/aws" to obtain schema: unavailable provider "registry.terraform.io/hashicorp/aws"
2026-09-27T23:34:33.244+0100 [DEBUG] ReferenceTransformer: "module.ecs_cluster.var.project_name (expand)" references: []
2026-09-27T23:34:33.244+0100 [DEBUG] ReferenceTransformer: "module.ecs_cluster.var.tags (expand)" references: []
2026-09-27T23:34:33.244+0100 [WARN]  Error loading schema for registry.terraform.io/hashicorp/aws to determine its functions: failed to instantiate provider "registry.terraform.io/hashicorp/aws" to obtain schema: unavailable provider "registry.terraform.io/hashicorp/aws"
2026-09-27T23:34:33.245+0100 [DEBUG] ReferenceTransformer: "module.fatsecret_log_group.var.project_name (expand)" references: []
2026-09-27T23:34:33.245+0100 [DEBUG] ReferenceTransformer: "module.fatsecret_log_group.var.tags (expand)" references: []
2026-09-27T23:34:33.245+0100 [DEBUG] ReferenceTransformer: "module.fatsecret_log_group.var.queue_name (expand)" references: []
2026-09-27T23:34:33.245+0100 [DEBUG] ReferenceTransformer: "module.fatsecret_log_group.var.retention_in_days (expand)" references: []
2026-09-27T23:34:33.245+0100 [WARN]  Error loading schema for registry.terraform.io/hashicorp/aws to determine its functions: failed to instantiate provider "registry.terraform.io/hashicorp/aws" to obtain schema: unavailable provider "registry.terraform.io/hashicorp/aws"
2026-09-27T23:34:33.249+0100 [DEBUG] ReferenceTransformer: "module.network.var.project_name (expand)" references: []
2026-09-27T23:34:33.249+0100 [DEBUG] ReferenceTransformer: "module.network.var.region (expand)" references: []
2026-09-27T23:34:33.249+0100 [DEBUG] ReferenceTransformer: "module.network.var.vpc_cidr (expand)" references: []
2026-09-27T23:34:33.249+0100 [DEBUG] ReferenceTransformer: "module.network.var.public_subnet_cidrs (expand)" references: []
2026-09-27T23:34:33.249+0100 [DEBUG] ReferenceTransformer: "module.network.var.private_subnet_cidrs (expand)" references: []
2026-09-27T23:34:33.249+0100 [DEBUG] ReferenceTransformer: "module.network.var.availability_zones (expand)" references: []
2026-09-27T23:34:33.249+0100 [DEBUG] ReferenceTransformer: "module.network.var.allowed_cidr_blocks (expand)" references: []
2026-09-27T23:34:33.249+0100 [DEBUG] ReferenceTransformer: "module.network.var.tags (expand)" references: []
2026-09-27T23:34:33.249+0100 [WARN]  Error loading schema for registry.terraform.io/hashicorp/aws to determine its functions: failed to instantiate provider "registry.terraform.io/hashicorp/aws" to obtain schema: unavailable provider "registry.terraform.io/hashicorp/aws"
2026-09-27T23:34:33.250+0100 [DEBUG] ReferenceTransformer: "module.secrets.var.tags (expand)" references: []
2026-09-27T23:34:33.250+0100 [WARN]  Error loading schema for registry.terraform.io/hashicorp/aws to determine its functions: failed to instantiate provider "registry.terraform.io/hashicorp/aws" to obtain schema: unavailable provider "registry.terraform.io/hashicorp/aws"
2026-09-27T23:34:33.251+0100 [WARN]  Error loading schema for registry.terraform.io/hashicorp/aws to determine its functions: failed to instantiate provider "registry.terraform.io/hashicorp/aws" to obtain schema: unavailable provider "registry.terraform.io/hashicorp/aws"
2026-09-27T23:34:33.251+0100 [DEBUG] ReferenceTransformer: "module.sns.var.tags (expand)" references: []
2026-09-27T23:34:33.251+0100 [DEBUG] ReferenceTransformer: "module.sns.var.project_name (expand)" references: []
2026-09-27T23:34:33.251+0100 [DEBUG] ReferenceTransformer: "module.sns.var.alert_email (expand)" references: []
2026-09-27T23:34:33.255+0100 [DEBUG] ReferenceTransformer: "module.fatsecret_fargate.var.db_user (expand)" references: []
2026-09-27T23:34:33.255+0100 [DEBUG] ReferenceTransformer: "module.fatsecret_fargate.var.ecs_task_role_arn (expand)" references: []
2026-09-27T23:34:33.255+0100 [DEBUG] ReferenceTransformer: "module.fatsecret_fargate.var.tags (expand)" references: []
2026-09-27T23:34:33.255+0100 [DEBUG] ReferenceTransformer: "module.fatsecret_fargate.var.cert_path (expand)" references: []
2026-09-27T23:34:33.255+0100 [DEBUG] ReferenceTransformer: "module.fatsecret_fargate.var.ecs_execution_role_arn (expand)" references: []
2026-09-27T23:34:33.255+0100 [WARN]  Error loading schema for registry.terraform.io/hashicorp/aws to determine its functions: failed to instantiate provider "registry.terraform.io/hashicorp/aws" to obtain schema: unavailable provider "registry.terraform.io/hashicorp/aws"
2026-09-27T23:34:33.255+0100 [DEBUG] ReferenceTransformer: "module.fatsecret_fargate.var.region (expand)" references: []
2026-09-27T23:34:33.255+0100 [DEBUG] ReferenceTransformer: "module.fatsecret_fargate.var.scale_out_step_2 (expand)" references: []
2026-09-27T23:34:33.255+0100 [DEBUG] ReferenceTransformer: "module.fatsecret_fargate.var.security_group_ids (expand)" references: []
2026-09-27T23:34:33.255+0100 [DEBUG] ReferenceTransformer: "module.fatsecret_fargate.var.redis_url (expand)" references: []
2026-09-27T23:34:33.255+0100 [DEBUG] ReferenceTransformer: "module.fatsecret_fargate.var.log_group_name (expand)" references: []
2026-09-27T23:34:33.255+0100 [DEBUG] ReferenceTransformer: "module.fatsecret_fargate.var.worker_provider (expand)" references: []
2026-09-27T23:34:33.255+0100 [DEBUG] ReferenceTransformer: "module.fatsecret_fargate.var.database_password (expand)" references: []
2026-09-27T23:34:33.255+0100 [DEBUG] ReferenceTransformer: "module.fatsecret_fargate.var.min_capacity (expand)" references: []
2026-09-27T23:34:33.255+0100 [DEBUG] ReferenceTransformer: "module.fatsecret_fargate.var.project_name (expand)" references: []
2026-09-27T23:34:33.255+0100 [DEBUG] ReferenceTransformer: "module.fatsecret_fargate.var.cpu (expand)" references: []
2026-09-27T23:34:33.255+0100 [DEBUG] ReferenceTransformer: "module.fatsecret_fargate.var.scale_out_step_1 (expand)" references: []
2026-09-27T23:34:33.255+0100 [DEBUG] ReferenceTransformer: "module.fatsecret_fargate.var.database_host (expand)" references: []
2026-09-27T23:34:33.255+0100 [DEBUG] ReferenceTransformer: "module.fatsecret_fargate.var.memory (expand)" references: []
2026-09-27T23:34:33.256+0100 [DEBUG] ReferenceTransformer: "module.fatsecret_fargate.var.ecr_image (expand)" references: []
2026-09-27T23:34:33.256+0100 [DEBUG] ReferenceTransformer: "module.fatsecret_fargate.var.cluster_name (expand)" references: []
2026-09-27T23:34:33.256+0100 [DEBUG] ReferenceTransformer: "module.fatsecret_fargate.var.subnet_ids (expand)" references: []
2026-09-27T23:34:33.256+0100 [DEBUG] ReferenceTransformer: "module.fatsecret_fargate.var.scale_out_cooldown (expand)" references: []
2026-09-27T23:34:33.256+0100 [DEBUG] ReferenceTransformer: "module.fatsecret_fargate.var.scale_out_step_3 (expand)" references: []
2026-09-27T23:34:33.256+0100 [DEBUG] ReferenceTransformer: "module.fatsecret_fargate.var.queue_url (expand)" references: []
2026-09-27T23:34:33.256+0100 [DEBUG] ReferenceTransformer: "module.fatsecret_fargate.var.cluster_id (expand)" references: []
2026-09-27T23:34:33.256+0100 [DEBUG] ReferenceTransformer: "module.fatsecret_fargate.var.max_capacity (expand)" references: []
2026-09-27T23:34:33.257+0100 [DEBUG] ReferenceTransformer: "module.iam.var.project_name (expand)" references: []
2026-09-27T23:34:33.257+0100 [DEBUG] ReferenceTransformer: "module.iam.var.queue_arns (expand)" references: []
2026-09-27T23:34:33.257+0100 [DEBUG] ReferenceTransformer: "module.iam.var.tags (expand)" references: []
2026-09-27T23:34:33.257+0100 [WARN]  Error loading schema for registry.terraform.io/hashicorp/aws to determine its functions: failed to instantiate provider "registry.terraform.io/hashicorp/aws" to obtain schema: unavailable provider "registry.terraform.io/hashicorp/aws"
2026-09-27T23:34:33.258+0100 [DEBUG] ReferenceTransformer: "module.kms.var.tags (expand)" references: []
2026-09-27T23:34:33.258+0100 [DEBUG] ReferenceTransformer: "module.kms.var.key_alias (expand)" references: []
2026-09-27T23:34:33.258+0100 [WARN]  Error loading schema for registry.terraform.io/hashicorp/aws to determine its functions: failed to instantiate provider "registry.terraform.io/hashicorp/aws" to obtain schema: unavailable provider "registry.terraform.io/hashicorp/aws"
2026-09-27T23:34:33.259+0100 [DEBUG] ReferenceTransformer: "module.progress_photo_s3.var.progress_photo_bucket_name (expand)" references: []
2026-09-27T23:34:33.259+0100 [DEBUG] ReferenceTransformer: "module.progress_photo_s3.var.tags (expand)" references: []
2026-09-27T23:34:33.259+0100 [WARN]  Error loading schema for registry.terraform.io/hashicorp/aws to determine its functions: failed to instantiate provider "registry.terraform.io/hashicorp/aws" to obtain schema: unavailable provider "registry.terraform.io/hashicorp/aws"
2026-09-27T23:34:33.260+0100 [DEBUG] ReferenceTransformer: "module.lambda.var.database_password (expand)" references: []
2026-09-27T23:34:33.260+0100 [DEBUG] ReferenceTransformer: "module.lambda.var.subnet_ids (expand)" references: []
2026-09-27T23:34:33.260+0100 [DEBUG] ReferenceTransformer: "module.lambda.var.lambda_security_group_id (expand)" references: []
2026-09-27T23:34:33.260+0100 [DEBUG] ReferenceTransformer: "module.lambda.var.lambda_zip_path (expand)" references: []
2026-09-27T23:34:33.260+0100 [DEBUG] ReferenceTransformer: "module.lambda.var.google_health_queue_url (expand)" references: []
2026-09-27T23:34:33.260+0100 [DEBUG] ReferenceTransformer: "module.lambda.var.fatsecret_queue_url (expand)" references: []
2026-09-27T23:34:33.260+0100 [WARN]  Error loading schema for registry.terraform.io/hashicorp/aws to determine its functions: failed to instantiate provider "registry.terraform.io/hashicorp/aws" to obtain schema: unavailable provider "registry.terraform.io/hashicorp/aws"
2026-09-27T23:34:33.260+0100 [DEBUG] ReferenceTransformer: "module.lambda.var.lyfta_queue_url (expand)" references: []
2026-09-27T23:34:33.260+0100 [DEBUG] ReferenceTransformer: "module.lambda.var.database_host (expand)" references: []
2026-09-27T23:34:33.260+0100 [DEBUG] ReferenceTransformer: "module.lambda.var.db_user (expand)" references: []
2026-09-27T23:34:33.260+0100 [DEBUG] ReferenceTransformer: "module.lambda.var.active_user_window_days (expand)" references: []
2026-09-27T23:34:33.260+0100 [DEBUG] ReferenceTransformer: "module.lambda.var.cert_path (expand)" references: []
2026-09-27T23:34:33.260+0100 [DEBUG] ReferenceTransformer: "module.lambda.var.project_name (expand)" references: []
2026-09-27T23:34:33.260+0100 [DEBUG] ReferenceTransformer: "module.lambda.var.tags (expand)" references: []
2026-09-27T23:34:33.261+0100 [DEBUG] ReferenceTransformer: "module.lambda.var.dispatcher_role_arn (expand)" references: []
2026-09-27T23:34:33.261+0100 [DEBUG] ReferenceTransformer: "module.fatsecret_cloudwatch_metric_autoscaling.var.project_name (expand)" references: []
2026-09-27T23:34:33.261+0100 [DEBUG] ReferenceTransformer: "module.fatsecret_cloudwatch_metric_autoscaling.var.tags (expand)" references: []
2026-09-27T23:34:33.261+0100 [DEBUG] ReferenceTransformer: "module.fatsecret_cloudwatch_metric_autoscaling.var.queue_name (expand)" references: []
2026-09-27T23:34:33.261+0100 [DEBUG] ReferenceTransformer: "module.fatsecret_cloudwatch_metric_autoscaling.var.autoscaling_policy_arn (expand)" references: []
2026-09-27T23:34:33.261+0100 [DEBUG] ReferenceTransformer: "module.fatsecret_cloudwatch_metric_autoscaling.var.queue_depth_threshold (expand)" references: []
2026-09-27T23:34:33.262+0100 [DEBUG] Building and walking 'eval' graph
2026-09-27T23:34:33.439+0100 [DEBUG] adding implicit provider configuration provider["registry.terraform.io/hashicorp/random"], implied first by module.secrets.random_password.db_password
2026-09-27T23:34:33.441+0100 [DEBUG] ProviderTransformer: "module.network.aws_route_table.private" (*terraform.NodeAbstractResource) needs provider["registry.terraform.io/hashicorp/aws"]
2026-09-27T23:34:33.441+0100 [DEBUG] ProviderTransformer: "module.network.aws_nat_gateway.main" (*terraform.NodeAbstractResource) needs provider["registry.terraform.io/hashicorp/aws"]
2026-09-27T23:34:33.441+0100 [DEBUG] ProviderTransformer: "module.network.aws_eip.nat" (*terraform.NodeAbstractResource) needs provider["registry.terraform.io/hashicorp/aws"]
2026-09-27T23:34:33.442+0100 [DEBUG] ProviderTransformer: "module.network.aws_route_table_association.private_b" (*terraform.NodeAbstractResource) needs provider["registry.terraform.io/hashicorp/aws"]
2026-09-27T23:34:33.442+0100 [DEBUG] ProviderTransformer: "module.iam.aws_iam_role_policy.dispatcher" (*terraform.NodeAbstractResource) needs provider["registry.terraform.io/hashicorp/aws"]
2026-09-27T23:34:33.442+0100 [DEBUG] ProviderTransformer: "module.network.aws_security_group.rds" (*terraform.NodeAbstractResource) needs provider["registry.terraform.io/hashicorp/aws"]
2026-09-27T23:34:33.442+0100 [DEBUG] ProviderTransformer: "module.fatsecret_fargate.aws_ecs_task_definition.worker" (*terraform.NodeAbstractResource) needs provider["registry.terraform.io/hashicorp/aws"]
2026-09-27T23:34:33.442+0100 [DEBUG] ProviderTransformer: "module.sqs.aws_sqs_queue.google_health" (*terraform.NodeAbstractResource) needs provider["registry.terraform.io/hashicorp/aws"]
2026-09-27T23:34:33.442+0100 [DEBUG] ProviderTransformer: "module.ecr.aws_ecr_lifecycle_policy.health_worker" (*terraform.NodeAbstractResource) needs provider["registry.terraform.io/hashicorp/aws"]
2026-09-27T23:34:33.442+0100 [DEBUG] ProviderTransformer: "module.network.aws_route.private_internet" (*terraform.NodeAbstractResource) needs provider["registry.terraform.io/hashicorp/aws"]
2026-09-27T23:34:33.442+0100 [DEBUG] ProviderTransformer: "module.network.aws_route_table_association.private_a" (*terraform.NodeAbstractResource) needs provider["registry.terraform.io/hashicorp/aws"]
2026-09-27T23:34:33.442+0100 [DEBUG] ProviderTransformer: "module.iam.aws_iam_role.ecs_task_role" (*terraform.NodeAbstractResource) needs provider["registry.terraform.io/hashicorp/aws"]
2026-09-27T23:34:33.442+0100 [DEBUG] ProviderTransformer: "module.network.aws_route_table.public" (*terraform.NodeAbstractResource) needs provider["registry.terraform.io/hashicorp/aws"]
2026-09-27T23:34:33.442+0100 [DEBUG] ProviderTransformer: "module.sns.aws_sns_topic_subscription.email" (*terraform.NodeAbstractResource) needs provider["registry.terraform.io/hashicorp/aws"]
2026-09-27T23:34:33.442+0100 [DEBUG] ProviderTransformer: "module.rds.aws_db_instance.this" (*terraform.NodeAbstractResource) needs provider["registry.terraform.io/hashicorp/aws"]
2026-09-27T23:34:33.442+0100 [DEBUG] ProviderTransformer: "module.budgets.aws_budgets_budget.project_budget" (*terraform.NodeAbstractResource) needs provider["registry.terraform.io/hashicorp/aws"]
2026-09-27T23:34:33.442+0100 [DEBUG] ProviderTransformer: "module.network.aws_route_table_association.public" (*terraform.NodeAbstractResource) needs provider["registry.terraform.io/hashicorp/aws"]
2026-09-27T23:34:33.443+0100 [DEBUG] ProviderTransformer: "module.kms.aws_kms_key.credentials" (*terraform.NodeAbstractResource) needs provider["registry.terraform.io/hashicorp/aws"]
2026-09-27T23:34:33.443+0100 [DEBUG] ProviderTransformer: "module.fatsecret_fargate.aws_appautoscaling_target.worker" (*terraform.NodeAbstractResource) needs provider["registry.terraform.io/hashicorp/aws"]
2026-09-27T23:34:33.443+0100 [DEBUG] ProviderTransformer: "module.iam.aws_iam_role_policy_attachment.dispatcher_vpc" (*terraform.NodeAbstractResource) needs provider["registry.terraform.io/hashicorp/aws"]
2026-09-27T23:34:33.443+0100 [DEBUG] ProviderTransformer: "module.kms.aws_kms_alias.credentials" (*terraform.NodeAbstractResource) needs provider["registry.terraform.io/hashicorp/aws"]
2026-09-27T23:34:33.443+0100 [DEBUG] ProviderTransformer: "module.network.aws_security_group.lambda" (*terraform.NodeAbstractResource) needs provider["registry.terraform.io/hashicorp/aws"]
2026-09-27T23:34:33.443+0100 [DEBUG] ProviderTransformer: "module.iam.aws_iam_role.ecs_execution_role" (*terraform.NodeAbstractResource) needs provider["registry.terraform.io/hashicorp/aws"]
2026-09-27T23:34:33.443+0100 [DEBUG] ProviderTransformer: "module.ecs_cluster.aws_ecs_cluster.main" (*terraform.NodeAbstractResource) needs provider["registry.terraform.io/hashicorp/aws"]
2026-09-27T23:34:33.443+0100 [DEBUG] ProviderTransformer: "module.sqs.aws_sqs_queue.fatsecret" (*terraform.NodeAbstractResource) needs provider["registry.terraform.io/hashicorp/aws"]
2026-09-27T23:34:33.443+0100 [DEBUG] ProviderTransformer: "module.iam.aws_iam_role_policy_attachment.ecs_execution_policy" (*terraform.NodeAbstractResource) needs provider["registry.terraform.io/hashicorp/aws"]
2026-09-27T23:34:33.443+0100 [DEBUG] ProviderTransformer: "module.network.aws_security_group.vpc_endpoint" (*terraform.NodeAbstractResource) needs provider["registry.terraform.io/hashicorp/aws"]
2026-09-27T23:34:33.443+0100 [DEBUG] ProviderTransformer: "module.network.aws_route.public_internet" (*terraform.NodeAbstractResource) needs provider["registry.terraform.io/hashicorp/aws"]
2026-09-27T23:34:33.443+0100 [DEBUG] ProviderTransformer: "module.network.aws_subnet.public-a" (*terraform.NodeAbstractResource) needs provider["registry.terraform.io/hashicorp/aws"]
2026-09-27T23:34:33.443+0100 [DEBUG] ProviderTransformer: "module.network.aws_subnet.private-a" (*terraform.NodeAbstractResource) needs provider["registry.terraform.io/hashicorp/aws"]
2026-09-27T23:34:33.443+0100 [DEBUG] ProviderTransformer: "module.network.aws_db_subnet_group.this" (*terraform.NodeAbstractResource) needs provider["registry.terraform.io/hashicorp/aws"]
2026-09-27T23:34:33.443+0100 [DEBUG] ProviderTransformer: "module.lambda.aws_lambda_function.dispatcher" (*terraform.NodeAbstractResource) needs provider["registry.terraform.io/hashicorp/aws"]
2026-09-27T23:34:33.443+0100 [DEBUG] ProviderTransformer: "module.iam.aws_iam_role_policy_attachment.attach_logs" (*terraform.NodeAbstractResource) needs provider["registry.terraform.io/hashicorp/aws"]
2026-09-27T23:34:33.444+0100 [DEBUG] ProviderTransformer: "module.progress_photo_s3.aws_s3_bucket_public_access_block.progress_photos" (*terraform.NodeAbstractResource) needs provider["registry.terraform.io/hashicorp/aws"]
2026-09-27T23:34:33.444+0100 [DEBUG] ProviderTransformer: "module.progress_photo_s3.aws_s3_bucket.progress_photos" (*terraform.NodeAbstractResource) needs provider["registry.terraform.io/hashicorp/aws"]
2026-09-27T23:34:33.444+0100 [DEBUG] ProviderTransformer: "module.iam.aws_iam_policy.worker_policies" (*terraform.NodeAbstractResource) needs provider["registry.terraform.io/hashicorp/aws"]
2026-09-27T23:34:33.444+0100 [DEBUG] ProviderTransformer: "module.network.aws_subnet.private-b" (*terraform.NodeAbstractResource) needs provider["registry.terraform.io/hashicorp/aws"]
2026-09-27T23:34:33.444+0100 [DEBUG] ProviderTransformer: "module.ecr.aws_ecr_repository.health_worker" (*terraform.NodeAbstractResource) needs provider["registry.terraform.io/hashicorp/aws"]
2026-09-27T23:34:33.444+0100 [DEBUG] ProviderTransformer: "module.secrets.aws_secretsmanager_secret_version.db_password" (*terraform.NodeAbstractResource) needs provider["registry.terraform.io/hashicorp/aws"]
2026-09-27T23:34:33.444+0100 [DEBUG] ProviderTransformer: "module.progress_photo_s3.aws_s3_bucket_versioning.progress_photos" (*terraform.NodeAbstractResource) needs provider["registry.terraform.io/hashicorp/aws"]
2026-09-27T23:34:33.444+0100 [DEBUG] ProviderTransformer: "module.network.aws_security_group_rule.vpc_endpoint_from_ecs" (*terraform.NodeAbstractResource) needs provider["registry.terraform.io/hashicorp/aws"]
2026-09-27T23:34:33.444+0100 [DEBUG] ProviderTransformer: "module.secrets.random_password.db_password" (*terraform.NodeAbstractResource) needs provider["registry.terraform.io/hashicorp/random"]
2026-09-27T23:34:33.444+0100 [DEBUG] ProviderTransformer: "module.fatsecret_fargate.aws_appautoscaling_policy.worker_scale_out" (*terraform.NodeAbstractResource) needs provider["registry.terraform.io/hashicorp/aws"]
2026-09-27T23:34:33.444+0100 [DEBUG] ProviderTransformer: "module.network.aws_vpc_endpoint.sqs" (*terraform.NodeAbstractResource) needs provider["registry.terraform.io/hashicorp/aws"]
2026-09-27T23:34:33.444+0100 [DEBUG] ProviderTransformer: "module.iam.aws_iam_role.dispatcher" (*terraform.NodeAbstractResource) needs provider["registry.terraform.io/hashicorp/aws"]
2026-09-27T23:34:33.444+0100 [DEBUG] ProviderTransformer: "module.network.aws_security_group_rule.vpc_endpoint_from_lambda" (*terraform.NodeAbstractResource) needs provider["registry.terraform.io/hashicorp/aws"]
2026-09-27T23:34:33.444+0100 [DEBUG] ProviderTransformer: "module.sqs.aws_sqs_queue.lyfta" (*terraform.NodeAbstractResource) needs provider["registry.terraform.io/hashicorp/aws"]
2026-09-27T23:34:33.444+0100 [DEBUG] ProviderTransformer: "module.secrets.aws_secretsmanager_secret.db_password" (*terraform.NodeAbstractResource) needs provider["registry.terraform.io/hashicorp/aws"]
2026-09-27T23:34:33.444+0100 [DEBUG] ProviderTransformer: "module.sns.aws_sns_topic.alerts" (*terraform.NodeAbstractResource) needs provider["registry.terraform.io/hashicorp/aws"]
2026-09-27T23:34:33.445+0100 [DEBUG] ProviderTransformer: "module.network.aws_security_group_rule.rds_from_ecs" (*terraform.NodeAbstractResource) needs provider["registry.terraform.io/hashicorp/aws"]
2026-09-27T23:34:33.445+0100 [DEBUG] ProviderTransformer: "module.fatsecret_fargate.aws_ecs_service.worker" (*terraform.NodeAbstractResource) needs provider["registry.terraform.io/hashicorp/aws"]
2026-09-27T23:34:33.445+0100 [DEBUG] ProviderTransformer: "module.network.aws_security_group.ecs" (*terraform.NodeAbstractResource) needs provider["registry.terraform.io/hashicorp/aws"]
2026-09-27T23:34:33.445+0100 [DEBUG] ProviderTransformer: "module.network.aws_internet_gateway.main" (*terraform.NodeAbstractResource) needs provider["registry.terraform.io/hashicorp/aws"]
2026-09-27T23:34:33.445+0100 [DEBUG] ProviderTransformer: "module.fatsecret_cloudwatch_metric_autoscaling.aws_cloudwatch_metric_alarm.worker_queue_depth" (*terraform.NodeAbstractResource) needs provider["registry.terraform.io/hashicorp/aws"]
2026-09-27T23:34:33.445+0100 [DEBUG] ProviderTransformer: "module.network.aws_vpc.main" (*terraform.NodeAbstractResource) needs provider["registry.terraform.io/hashicorp/aws"]
2026-09-27T23:34:33.445+0100 [DEBUG] ProviderTransformer: "module.fatsecret_log_group.aws_cloudwatch_log_group.worker" (*terraform.NodeAbstractResource) needs provider["registry.terraform.io/hashicorp/aws"]
2026-09-27T23:34:33.445+0100 [DEBUG] ProviderTransformer: "module.network.aws_security_group_rule.rds_from_lambda" (*terraform.NodeAbstractResource) needs provider["registry.terraform.io/hashicorp/aws"]
2026-09-27T23:34:33.445+0100 [DEBUG] ProviderTransformer: "module.network.aws_security_group_rule.rds_from_allowed_ips" (*terraform.NodeAbstractResource) needs provider["registry.terraform.io/hashicorp/aws"]
2026-09-27T23:34:33.448+0100 [DEBUG] created provider logger: level=debug
2026-09-27T23:34:33.448+0100 [INFO]  provider: configuring client automatic mTLS
2026-09-27T23:34:33.497+0100 [DEBUG] provider: starting plugin: path=.terraform/providers/registry.terraform.io/hashicorp/aws/5.100.0/windows_amd64/terraform-provider-aws_v5.100.0_x5.exe args=[".terraform/providers/registry.terraform.io/hashicorp/aws/5.100.0/windows_amd64/terraform-provider-aws_v5.100.0_x5.exe"]
2026-09-27T23:34:33.518+0100 [DEBUG] provider: plugin started: path=.terraform/providers/registry.terraform.io/hashicorp/aws/5.100.0/windows_amd64/terraform-provider-aws_v5.100.0_x5.exe pid=5884
2026-09-27T23:34:33.518+0100 [DEBUG] provider: waiting for RPC address: plugin=.terraform/providers/registry.terraform.io/hashicorp/aws/5.100.0/windows_amd64/terraform-provider-aws_v5.100.0_x5.exe
2026-09-27T23:34:34.165+0100 [DEBUG] provider.terraform-provider-aws_v5.100.0_x5.exe: Starting github.com/hashicorp/terraform-provider-aws@5.100.0 (go1.23.10)...
2026-09-27T23:34:34.166+0100 [DEBUG] provider.terraform-provider-aws_v5.100.0_x5.exe: Initializing Terraform AWS Provider...
2026-09-27T23:34:35.099+0100 [INFO]  provider.terraform-provider-aws_v5.100.0_x5.exe: configuring server automatic mTLS: timestamp="2026-09-27T23:34:35.017+0100"
2026-09-27T23:34:35.119+0100 [DEBUG] provider: using plugin: version=5
2026-09-27T23:34:35.119+0100 [DEBUG] provider.terraform-provider-aws_v5.100.0_x5.exe: plugin address: address=127.0.0.1:10000 network=tcp timestamp="2026-09-27T23:34:35.119+0100"
2026-09-27T23:34:40.234+0100 [DEBUG] provider.stdio: received EOF, stopping recv loop: err="rpc error: code = Unavailable desc = error reading from server: EOF"
2026-09-27T23:34:40.451+0100 [INFO]  provider: plugin process exited: plugin=.terraform/providers/registry.terraform.io/hashicorp/aws/5.100.0/windows_amd64/terraform-provider-aws_v5.100.0_x5.exe id=5884
2026-09-27T23:34:40.451+0100 [DEBUG] provider: plugin exited
2026-09-27T23:34:40.548+0100 [DEBUG] created provider logger: level=debug
2026-09-27T23:34:40.548+0100 [INFO]  provider: configuring client automatic mTLS
2026-09-27T23:34:40.564+0100 [DEBUG] provider: starting plugin: path=.terraform/providers/registry.terraform.io/hashicorp/random/3.9.0/windows_amd64/terraform-provider-random_v3.9.0_x5.exe args=[".terraform/providers/registry.terraform.io/hashicorp/random/3.9.0/windows_amd64/terraform-provider-random_v3.9.0_x5.exe"]
2026-09-27T23:34:40.580+0100 [DEBUG] provider: plugin started: path=.terraform/providers/registry.terraform.io/hashicorp/random/3.9.0/windows_amd64/terraform-provider-random_v3.9.0_x5.exe pid=236
2026-09-27T23:34:40.581+0100 [DEBUG] provider: waiting for RPC address: plugin=.terraform/providers/registry.terraform.io/hashicorp/random/3.9.0/windows_amd64/terraform-provider-random_v3.9.0_x5.exe
2026-09-27T23:34:41.412+0100 [INFO]  provider.terraform-provider-random_v3.9.0_x5.exe: configuring server automatic mTLS: timestamp="2026-09-27T23:34:41.350+0100"
2026-09-27T23:34:41.427+0100 [DEBUG] provider: using plugin: version=5
2026-09-27T23:34:41.427+0100 [DEBUG] provider.terraform-provider-random_v3.9.0_x5.exe: plugin address: address=127.0.0.1:10000 network=tcp timestamp="2026-09-27T23:34:41.427+0100"
2026-09-27T23:34:41.655+0100 [DEBUG] No provider meta schema returned
2026-09-27T23:34:41.657+0100 [DEBUG] provider.stdio: received EOF, stopping recv loop: err="rpc error: code = Unavailable desc = error reading from server: EOF"
2026-09-27T23:34:41.662+0100 [INFO]  provider: plugin process exited: plugin=.terraform/providers/registry.terraform.io/hashicorp/random/3.9.0/windows_amd64/terraform-provider-random_v3.9.0_x5.exe id=236
2026-09-27T23:34:41.662+0100 [DEBUG] provider: plugin exited
2026-09-27T23:34:41.770+0100 [DEBUG] ReferenceTransformer: "module.network.aws_internet_gateway.main" references: [module.network.var.tags (expand) module.network.var.project_name (expand) module.network.aws_vpc.main]
2026-09-27T23:34:41.770+0100 [DEBUG] ReferenceTransformer: "module.fatsecret_fargate.var.cluster_name (expand)" references: [module.ecs_cluster.output.cluster_name (expand)]
2026-09-27T23:34:41.770+0100 [DEBUG] ReferenceTransformer: "module.budgets.var.project_name (expand)" references: [var.project_name]
2026-09-27T23:34:41.770+0100 [DEBUG] ReferenceTransformer: "module.fatsecret_fargate.var.memory (expand)" references: []
2026-09-27T23:34:41.770+0100 [DEBUG] ReferenceTransformer: "module.budgets.var.sns_topic_arn (expand)" references: [module.sns.output.topic_arn (expand)]
2026-09-27T23:34:41.789+0100 [DEBUG] ReferenceTransformer: "provider[\"registry.terraform.io/hashicorp/aws\"]" references: [var.region]
2026-09-27T23:34:41.790+0100 [DEBUG] ReferenceTransformer: "module.budgets (close)" references: []
2026-09-27T23:34:41.790+0100 [DEBUG] ReferenceTransformer: "module.fatsecret_cloudwatch_metric_autoscaling.aws_cloudwatch_metric_alarm.worker_queue_depth" references: [module.fatsecret_cloudwatch_metric_autoscaling.var.queue_depth_threshold (expand) module.fatsecret_cloudwatch_metric_autoscaling.var.queue_name (expand) module.fatsecret_cloudwatch_metric_autoscaling.var.project_name (expand) module.fatsecret_cloudwatch_metric_autoscaling.var.queue_name (expand) module.fatsecret_cloudwatch_metric_autoscaling.var.autoscaling_policy_arn (expand)]
2026-09-27T23:34:41.790+0100 [DEBUG] ReferenceTransformer: "module.network.var.allowed_cidr_blocks (expand)" references: []
2026-09-27T23:34:41.790+0100 [DEBUG] ReferenceTransformer: "module.network.var.project_name (expand)" references: [var.project_name]
2026-09-27T23:34:41.836+0100 [DEBUG] ReferenceTransformer: "module.progress_photo_s3.output.bucket_name (expand)" references: [module.progress_photo_s3.aws_s3_bucket.progress_photos]
2026-09-27T23:34:41.836+0100 [DEBUG] ReferenceTransformer: "module.ecs_cluster.output.cluster_arn (expand)" references: [module.ecs_cluster.aws_ecs_cluster.main]
2026-09-27T23:34:41.836+0100 [DEBUG] ReferenceTransformer: "module.ecs_cluster.output.cluster_id (expand)" references: [module.ecs_cluster.aws_ecs_cluster.main]
2026-09-27T23:34:41.836+0100 [DEBUG] ReferenceTransformer: "module.fatsecret_cloudwatch_metric_autoscaling (expand)" references: []
2026-09-27T23:34:41.836+0100 [DEBUG] ReferenceTransformer: "module.network.aws_subnet.public-a" references: [module.network.aws_vpc.main module.network.var.public_subnet_cidrs (expand) module.network.var.tags (expand) module.network.var.project_name (expand) module.network.var.availability_zones (expand)]
2026-09-27T23:34:41.836+0100 [DEBUG] ReferenceTransformer: "provider[\"registry.terraform.io/hashicorp/random\"]" references: []
2026-09-27T23:34:41.836+0100 [DEBUG] ReferenceTransformer: "module.lambda.var.google_health_queue_url (expand)" references: [module.sqs.output.google_health_queue_url (expand)]
2026-09-27T23:34:41.836+0100 [DEBUG] ReferenceTransformer: "module.ecs_cluster.var.tags (expand)" references: [local.common_tags (expand)]
2026-09-27T23:34:41.836+0100 [DEBUG] ReferenceTransformer: "module.fatsecret_cloudwatch_metric_autoscaling.var.tags (expand)" references: [local.common_tags (expand)]
2026-09-27T23:34:41.836+0100 [DEBUG] ReferenceTransformer: "module.kms (close)" references: []
2026-09-27T23:34:41.836+0100 [DEBUG] ReferenceTransformer: "module.network.aws_route_table_association.private_a" references: [module.network.aws_route_table.private module.network.aws_subnet.private-a]
2026-09-27T23:34:41.836+0100 [DEBUG] ReferenceTransformer: "module.iam.aws_iam_role_policy.dispatcher" references: [module.iam.aws_iam_role.dispatcher module.iam.var.project_name (expand) module.iam.var.queue_arns (expand)]
2026-09-27T23:34:41.836+0100 [DEBUG] ReferenceTransformer: "module.rds.output.endpoint (expand)" references: [module.rds.aws_db_instance.this]
2026-09-27T23:34:41.836+0100 [DEBUG] ReferenceTransformer: "module.fatsecret_fargate (expand)" references: []
2026-09-27T23:34:41.837+0100 [DEBUG] ReferenceTransformer: "module.network.aws_security_group.rds" references: [module.network.aws_vpc.main module.network.var.tags (expand)]
2026-09-27T23:34:41.837+0100 [DEBUG] ReferenceTransformer: "module.fatsecret_fargate.var.cluster_id (expand)" references: [module.ecs_cluster.output.cluster_id (expand)]
2026-09-27T23:34:41.837+0100 [DEBUG] ReferenceTransformer: "module.network.var.region (expand)" references: [var.region]
2026-09-27T23:34:41.837+0100 [DEBUG] ReferenceTransformer: "module.fatsecret_cloudwatch_metric_autoscaling.output.queue_depth_metric_arn (expand)" references: [module.fatsecret_cloudwatch_metric_autoscaling.aws_cloudwatch_metric_alarm.worker_queue_depth]
2026-09-27T23:34:41.837+0100 [DEBUG] ReferenceTransformer: "module.secrets.output.secret_arn (expand)" references: [module.secrets.aws_secretsmanager_secret.db_password]
2026-09-27T23:34:41.837+0100 [DEBUG] ReferenceTransformer: "module.iam (expand)" references: []
2026-09-27T23:34:41.837+0100 [DEBUG] ReferenceTransformer: "module.network.aws_db_subnet_group.this" references: [module.network.aws_subnet.private-a module.network.aws_subnet.private-b module.network.var.tags (expand)]
2026-09-27T23:34:41.837+0100 [DEBUG] ReferenceTransformer: "module.secrets.aws_secretsmanager_secret_version.db_password" references: [module.secrets.aws_secretsmanager_secret.db_password module.secrets.random_password.db_password]
2026-09-27T23:34:41.838+0100 [DEBUG] ReferenceTransformer: "module.fatsecret_fargate.aws_ecs_task_definition.worker" references: [module.fatsecret_fargate.var.ecr_image (expand) module.fatsecret_fargate.var.worker_provider (expand) module.fatsecret_fargate.var.queue_url (expand) module.fatsecret_fargate.var.redis_url (expand) module.fatsecret_fargate.var.region (expand) module.fatsecret_fargate.var.database_host (expand) module.fatsecret_fargate.var.database_password (expand) module.fatsecret_fargate.var.db_user (expand) module.fatsecret_fargate.var.cert_path (expand) module.fatsecret_fargate.var.log_group_name (expand) module.fatsecret_fargate.var.region (expand) module.fatsecret_fargate.var.cpu (expand) module.fatsecret_fargate.var.memory (expand) module.fatsecret_fargate.var.project_name (expand) module.fatsecret_fargate.var.worker_provider (expand) module.fatsecret_fargate.var.ecs_task_role_arn (expand) module.fatsecret_fargate.var.ecs_execution_role_arn (expand) module.fatsecret_fargate.var.tags (expand)]
2026-09-27T23:34:41.838+0100 [DEBUG] ReferenceTransformer: "module.fatsecret_fargate.var.region (expand)" references: [var.region]
2026-09-27T23:34:41.838+0100 [DEBUG] ReferenceTransformer: "module.fatsecret_log_group.var.tags (expand)" references: [local.common_tags (expand)]
2026-09-27T23:34:41.838+0100 [DEBUG] ReferenceTransformer: "module.iam.var.tags (expand)" references: [local.common_tags (expand)]
2026-09-27T23:34:41.838+0100 [DEBUG] ReferenceTransformer: "module.network.output.private_subnet_ids (expand)" references: [module.network.aws_subnet.private-a module.network.aws_subnet.private-b]
2026-09-27T23:34:41.838+0100 [DEBUG] ReferenceTransformer: "output.kms_key_id (expand)" references: [module.kms.output.key_id (expand)]
2026-09-27T23:34:41.838+0100 [DEBUG] ReferenceTransformer: "module.iam.aws_iam_role.ecs_execution_role" references: [module.iam.var.project_name (expand) module.iam.var.tags (expand)]
2026-09-27T23:34:41.838+0100 [DEBUG] ReferenceTransformer: "module.lambda.var.fatsecret_queue_url (expand)" references: [module.sqs.output.fatsecret_queue_url (expand)]
2026-09-27T23:34:41.838+0100 [DEBUG] ReferenceTransformer: "module.ecr.output.repository_arn (expand)" references: [module.ecr.aws_ecr_repository.health_worker]
2026-09-27T23:34:41.838+0100 [DEBUG] ReferenceTransformer: "module.secrets (close)" references: []
2026-09-27T23:34:41.839+0100 [DEBUG] ReferenceTransformer: "module.kms.aws_kms_key.credentials" references: [module.kms.var.tags (expand)]
2026-09-27T23:34:41.839+0100 [DEBUG] ReferenceTransformer: "module.fatsecret_cloudwatch_metric_autoscaling.var.project_name (expand)" references: [var.project_name]
2026-09-27T23:34:41.839+0100 [DEBUG] ReferenceTransformer: "module.fatsecret_log_group (expand)" references: []
2026-09-27T23:34:41.839+0100 [DEBUG] ReferenceTransformer: "module.sqs.aws_sqs_queue.google_health" references: [module.sqs.var.google_health_queue_name (expand) module.sqs.var.tags (expand)]
2026-09-27T23:34:41.839+0100 [DEBUG] ReferenceTransformer: "module.ecs_cluster.aws_ecs_cluster.main" references: [module.ecs_cluster.var.project_name (expand) module.ecs_cluster.var.tags (expand)]
2026-09-27T23:34:41.839+0100 [DEBUG] ReferenceTransformer: "module.network.aws_security_group.vpc_endpoint" references: [module.network.aws_vpc.main module.network.var.tags (expand)]
2026-09-27T23:34:41.839+0100 [DEBUG] ReferenceTransformer: "module.fatsecret_fargate.var.min_capacity (expand)" references: []
2026-09-27T23:34:41.839+0100 [DEBUG] ReferenceTransformer: "module.lambda.var.project_name (expand)" references: [var.project_name]
2026-09-27T23:34:41.839+0100 [DEBUG] ReferenceTransformer: "module.iam.var.project_name (expand)" references: [var.project_name]
2026-09-27T23:34:41.840+0100 [DEBUG] ReferenceTransformer: "var.db_user" references: []
2026-09-27T23:34:41.840+0100 [DEBUG] ReferenceTransformer: "var.progress_photo_bucket_name" references: []
2026-09-27T23:34:41.840+0100 [DEBUG] ReferenceTransformer: "module.fatsecret_log_group.var.retention_in_days (expand)" references: []
2026-09-27T23:34:41.840+0100 [DEBUG] ReferenceTransformer: "module.fatsecret_cloudwatch_metric_autoscaling.var.autoscaling_policy_arn (expand)" references: [module.fatsecret_fargate.output.autoscaling_policy_arn (expand)]
2026-09-27T23:34:41.840+0100 [DEBUG] ReferenceTransformer: "module.rds.output.db_name (expand)" references: [module.rds.aws_db_instance.this]
2026-09-27T23:34:41.840+0100 [DEBUG] ReferenceTransformer: "module.iam (close)" references: []
2026-09-27T23:34:41.840+0100 [DEBUG] ReferenceTransformer: "module.sqs.aws_sqs_queue.fatsecret" references: [module.sqs.var.fatsecret_queue_name (expand) module.sqs.var.tags (expand)]
2026-09-27T23:34:41.840+0100 [DEBUG] ReferenceTransformer: "module.iam.aws_iam_role_policy_attachment.dispatcher_vpc" references: [module.iam.aws_iam_role.dispatcher]
2026-09-27T23:34:41.840+0100 [DEBUG] ReferenceTransformer: "module.rds.var.db_name (expand)" references: []
2026-09-27T23:34:41.840+0100 [DEBUG] ReferenceTransformer: "module.fatsecret_fargate.var.cert_path (expand)" references: []
2026-09-27T23:34:41.840+0100 [DEBUG] ReferenceTransformer: "module.sqs.var.lyfta_queue_name (expand)" references: []
2026-09-27T23:34:41.840+0100 [DEBUG] ReferenceTransformer: "module.sns (close)" references: []
2026-09-27T23:34:41.840+0100 [DEBUG] ReferenceTransformer: "module.sqs (expand)" references: []
2026-09-27T23:34:41.840+0100 [DEBUG] ReferenceTransformer: "module.fatsecret_fargate.var.queue_url (expand)" references: [module.sqs.output.fatsecret_queue_url (expand)]
2026-09-27T23:34:41.840+0100 [DEBUG] ReferenceTransformer: "module.fatsecret_fargate.var.database_host (expand)" references: [var.database_host]
2026-09-27T23:34:41.840+0100 [DEBUG] ReferenceTransformer: "module.lambda.var.tags (expand)" references: [local.common_tags (expand)]
2026-09-27T23:34:41.840+0100 [DEBUG] ReferenceTransformer: "module.progress_photo_s3.var.progress_photo_bucket_name (expand)" references: [var.progress_photo_bucket_name]
2026-09-27T23:34:41.841+0100 [DEBUG] ReferenceTransformer: "module.iam.output.ecs_execution_role_arn (expand)" references: [module.iam.aws_iam_role.ecs_execution_role]
2026-09-27T23:34:41.841+0100 [DEBUG] ReferenceTransformer: "output.repository_url (expand)" references: []
2026-09-27T23:34:41.841+0100 [DEBUG] ReferenceTransformer: "module.network (close)" references: []
2026-09-27T23:34:41.841+0100 [DEBUG] ReferenceTransformer: "module.fatsecret_log_group.aws_cloudwatch_log_group.worker" references: [module.fatsecret_log_group.var.retention_in_days (expand) module.fatsecret_log_group.var.tags (expand) module.fatsecret_log_group.var.project_name (expand) module.fatsecret_log_group.var.queue_name (expand)]
2026-09-27T23:34:41.841+0100 [DEBUG] ReferenceTransformer: "module.fatsecret_fargate.var.scale_out_cooldown (expand)" references: []
2026-09-27T23:34:41.841+0100 [DEBUG] ReferenceTransformer: "module.ecs_cluster (expand)" references: []
2026-09-27T23:34:41.841+0100 [DEBUG] ReferenceTransformer: "module.network.aws_security_group_rule.vpc_endpoint_from_lambda" references: [module.network.aws_security_group.vpc_endpoint module.network.aws_security_group.lambda]
2026-09-27T23:34:41.841+0100 [DEBUG] ReferenceTransformer: "var.lambda_zip_path" references: []
2026-09-27T23:34:41.841+0100 [DEBUG] ReferenceTransformer: "module.rds.var.db_username (expand)" references: []
2026-09-27T23:34:41.841+0100 [DEBUG] ReferenceTransformer: "module.network.var.vpc_cidr (expand)" references: []
2026-09-27T23:34:41.842+0100 [DEBUG] ReferenceTransformer: "module.fatsecret_fargate.aws_appautoscaling_policy.worker_scale_out" references: [module.fatsecret_fargate.var.project_name (expand) module.fatsecret_fargate.var.worker_provider (expand) module.fatsecret_fargate.var.cluster_name (expand) module.fatsecret_fargate.aws_ecs_service.worker module.fatsecret_fargate.var.scale_out_cooldown (expand) module.fatsecret_fargate.var.scale_out_step_1 (expand) module.fatsecret_fargate.var.scale_out_step_2 (expand) module.fatsecret_fargate.var.scale_out_step_3 (expand)]
2026-09-27T23:34:41.842+0100 [DEBUG] ReferenceTransformer: "module.fatsecret_fargate.var.subnet_ids (expand)" references: [module.network.output.private_subnet_ids (expand)]
2026-09-27T23:34:41.842+0100 [DEBUG] ReferenceTransformer: "module.sqs.var.tags (expand)" references: [local.common_tags (expand)]
2026-09-27T23:34:41.842+0100 [DEBUG] ReferenceTransformer: "module.rds (close)" references: []
2026-09-27T23:34:41.842+0100 [DEBUG] ReferenceTransformer: "module.fatsecret_fargate.var.tags (expand)" references: [local.common_tags (expand)]
2026-09-27T23:34:41.842+0100 [DEBUG] ReferenceTransformer: "module.fatsecret_log_group.var.project_name (expand)" references: [var.project_name]
2026-09-27T23:34:41.842+0100 [DEBUG] ReferenceTransformer: "module.network.output.ecs_security_group_id (expand)" references: [module.network.aws_security_group.ecs]
2026-09-27T23:34:41.842+0100 [DEBUG] ReferenceTransformer: "var.redis_url" references: []
2026-09-27T23:34:41.842+0100 [DEBUG] ReferenceTransformer: "module.fatsecret_fargate.var.redis_url (expand)" references: [var.redis_url]
2026-09-27T23:34:41.842+0100 [DEBUG] ReferenceTransformer: "module.kms.var.tags (expand)" references: [local.common_tags (expand)]
2026-09-27T23:34:41.842+0100 [DEBUG] ReferenceTransformer: "module.ecr.var.tags (expand)" references: [local.common_tags (expand)]
2026-09-27T23:34:41.842+0100 [DEBUG] ReferenceTransformer: "module.network.aws_security_group_rule.vpc_endpoint_from_ecs" references: [module.network.aws_security_group.vpc_endpoint module.network.aws_security_group.ecs]
2026-09-27T23:34:41.842+0100 [DEBUG] ReferenceTransformer: "module.ecr.var.project_name (expand)" references: [var.project_name]
2026-09-27T23:34:41.842+0100 [DEBUG] ReferenceTransformer: "module.fatsecret_fargate (close)" references: []
2026-09-27T23:34:41.842+0100 [DEBUG] ReferenceTransformer: "module.progress_photo_s3.aws_s3_bucket_public_access_block.progress_photos" references: [module.progress_photo_s3.aws_s3_bucket.progress_photos]
2026-09-27T23:34:41.842+0100 [DEBUG] ReferenceTransformer: "var.bucket_name" references: []
2026-09-27T23:34:41.843+0100 [DEBUG] ReferenceTransformer: "module.budgets.output.budget_name (expand)" references: [module.budgets.aws_budgets_budget.project_budget]
2026-09-27T23:34:41.843+0100 [DEBUG] ReferenceTransformer: "module.sqs.output.google_health_queue_arn (expand)" references: [module.sqs.aws_sqs_queue.google_health]
2026-09-27T23:34:41.843+0100 [DEBUG] ReferenceTransformer: "module.lambda.var.database_host (expand)" references: [var.database_host]
2026-09-27T23:34:41.843+0100 [DEBUG] ReferenceTransformer: "module.fatsecret_cloudwatch_metric_autoscaling.var.queue_name (expand)" references: []
2026-09-27T23:34:41.843+0100 [DEBUG] ReferenceTransformer: "module.ecr.output.repository_url (expand)" references: [module.ecr.aws_ecr_repository.health_worker]
2026-09-27T23:34:41.843+0100 [DEBUG] ReferenceTransformer: "module.sqs.aws_sqs_queue.lyfta" references: [module.sqs.var.tags (expand) module.sqs.var.lyfta_queue_name (expand)]
2026-09-27T23:34:41.843+0100 [DEBUG] ReferenceTransformer: "module.network.var.private_subnet_cidrs (expand)" references: []
2026-09-27T23:34:41.843+0100 [DEBUG] ReferenceTransformer: "module.rds (expand)" references: []
2026-09-27T23:34:41.843+0100 [DEBUG] ReferenceTransformer: "module.progress_photo_s3.aws_s3_bucket.progress_photos" references: [module.progress_photo_s3.var.tags (expand) module.progress_photo_s3.var.progress_photo_bucket_name (expand)]
2026-09-27T23:34:41.843+0100 [DEBUG] ReferenceTransformer: "module.fatsecret_fargate.var.project_name (expand)" references: [var.project_name]
2026-09-27T23:34:41.843+0100 [DEBUG] ReferenceTransformer: "module.fatsecret_fargate.var.ecs_task_role_arn (expand)" references: [module.iam.output.ecs_task_role_arn (expand)]
2026-09-27T23:34:41.843+0100 [DEBUG] ReferenceTransformer: "module.network.output.subnet_group_name (expand)" references: [module.network.aws_db_subnet_group.this]
2026-09-27T23:34:41.844+0100 [DEBUG] ReferenceTransformer: "module.lambda (close)" references: []
2026-09-27T23:34:41.844+0100 [DEBUG] ReferenceTransformer: "module.secrets.aws_secretsmanager_secret.db_password" references: [module.secrets.var.tags (expand)]
2026-09-27T23:34:41.844+0100 [DEBUG] ReferenceTransformer: "module.rds.var.db_password (expand)" references: [module.secrets.output.db_password (expand)]
2026-09-27T23:34:41.844+0100 [DEBUG] ReferenceTransformer: "module.sns.output.topic_arn (expand)" references: [module.sns.aws_sns_topic.alerts]
2026-09-27T23:34:41.844+0100 [DEBUG] ReferenceTransformer: "module.ecr (close)" references: []
2026-09-27T23:34:41.844+0100 [DEBUG] ReferenceTransformer: "module.network.aws_route.public_internet" references: [module.network.aws_internet_gateway.main module.network.aws_route_table.public]
2026-09-27T23:34:41.844+0100 [DEBUG] ReferenceTransformer: "module.sns.aws_sns_topic_subscription.email" references: [module.sns.aws_sns_topic.alerts module.sns.var.alert_email (expand)]
2026-09-27T23:34:41.844+0100 [DEBUG] ReferenceTransformer: "module.fatsecret_log_group.var.queue_name (expand)" references: []
2026-09-27T23:34:41.844+0100 [DEBUG] ReferenceTransformer: "module.iam.output.dispatcher_role_arn (expand)" references: [module.iam.aws_iam_role.dispatcher]
2026-09-27T23:34:41.844+0100 [DEBUG] ReferenceTransformer: "module.network.output.lambda_security_group_id (expand)" references: [module.network.aws_security_group.lambda]
2026-09-27T23:34:41.845+0100 [DEBUG] ReferenceTransformer: "module.fatsecret_fargate.var.scale_out_step_1 (expand)" references: []
2026-09-27T23:34:41.845+0100 [DEBUG] ReferenceTransformer: "module.network.aws_security_group_rule.rds_from_allowed_ips" references: [module.network.var.allowed_cidr_blocks (expand) module.network.aws_security_group.rds]
2026-09-27T23:34:41.845+0100 [DEBUG] ReferenceTransformer: "module.network.aws_route.private_internet" references: [module.network.aws_route_table.private module.network.aws_nat_gateway.main]
2026-09-27T23:34:41.845+0100 [DEBUG] ReferenceTransformer: "module.lambda.var.database_password (expand)" references: [var.database_password]
2026-09-27T23:34:41.845+0100 [DEBUG] ReferenceTransformer: "module.budgets (expand)" references: []
2026-09-27T23:34:41.845+0100 [DEBUG] ReferenceTransformer: "module.lambda (expand)" references: []
2026-09-27T23:34:41.845+0100 [DEBUG] ReferenceTransformer: "module.sns.var.alert_email (expand)" references: [var.alert_email]
2026-09-27T23:34:41.845+0100 [DEBUG] ReferenceTransformer: "module.lambda.var.db_user (expand)" references: [var.db_user]
2026-09-27T23:34:41.845+0100 [DEBUG] ReferenceTransformer: "local.common_tags (expand)" references: []
2026-09-27T23:34:41.845+0100 [DEBUG] ReferenceTransformer: "module.iam.output.dispatcher_role_name (expand)" references: [module.iam.aws_iam_role.dispatcher]
2026-09-27T23:34:41.845+0100 [DEBUG] ReferenceTransformer: "module.network.aws_vpc_endpoint.sqs" references: [module.network.aws_vpc.main module.network.aws_subnet.private-a module.network.aws_security_group.vpc_endpoint module.network.var.region (expand) module.network.var.tags (expand)]
2026-09-27T23:34:41.845+0100 [DEBUG] ReferenceTransformer: "module.network.var.availability_zones (expand)" references: []
2026-09-27T23:34:41.846+0100 [DEBUG] ReferenceTransformer: "module.network.aws_eip.nat" references: [module.network.var.tags (expand) module.network.var.project_name (expand)]
2026-09-27T23:34:41.846+0100 [DEBUG] ReferenceTransformer: "module.network.aws_route_table_association.private_b" references: [module.network.aws_route_table.private module.network.aws_subnet.private-b]
2026-09-27T23:34:41.846+0100 [DEBUG] ReferenceTransformer: "module.rds.aws_db_instance.this" references: [module.rds.var.db_identifier (expand) module.rds.var.subnet_group_name (expand) module.rds.var.db_username (expand) module.rds.var.db_password (expand) module.rds.var.allocated_storage (expand) module.rds.var.instance_class (expand) module.rds.var.tags (expand) module.rds.var.db_name (expand) module.rds.var.engine_version (expand) module.rds.var.security_group_ids (expand)]
2026-09-27T23:34:41.846+0100 [DEBUG] ReferenceTransformer: "module.secrets.output.db_password (expand)" references: [module.secrets.random_password.db_password]
2026-09-27T23:34:41.846+0100 [DEBUG] ReferenceTransformer: "module.ecs_cluster (close)" references: []
2026-09-27T23:34:41.846+0100 [DEBUG] ReferenceTransformer: "module.iam.aws_iam_role_policy_attachment.ecs_execution_policy" references: [module.iam.aws_iam_role.ecs_execution_role]
2026-09-27T23:34:41.846+0100 [DEBUG] ReferenceTransformer: "module.fatsecret_fargate.var.cpu (expand)" references: []
2026-09-27T23:34:41.847+0100 [DEBUG] ReferenceTransformer: "module.lambda.var.cert_path (expand)" references: [var.cert_path]
2026-09-27T23:34:41.847+0100 [DEBUG] ReferenceTransformer: "module.fatsecret_fargate.var.worker_provider (expand)" references: []
2026-09-27T23:34:41.847+0100 [DEBUG] ReferenceTransformer: "module.lambda.var.lambda_security_group_id (expand)" references: [module.network.output.lambda_security_group_id (expand)]
2026-09-27T23:34:41.847+0100 [DEBUG] ReferenceTransformer: "module.sqs.var.google_health_queue_name (expand)" references: []
2026-09-27T23:34:41.847+0100 [DEBUG] ReferenceTransformer: "module.progress_photo_s3 (close)" references: []
2026-09-27T23:34:41.847+0100 [DEBUG] ReferenceTransformer: "module.network.aws_subnet.private-b" references: [module.network.aws_vpc.main module.network.var.private_subnet_cidrs (expand) module.network.var.tags (expand) module.network.var.project_name (expand) module.network.var.availability_zones (expand)]
2026-09-27T23:34:41.847+0100 [DEBUG] ReferenceTransformer: "module.network.aws_security_group_rule.rds_from_ecs" references: [module.network.aws_security_group.ecs module.network.aws_security_group.rds]
2026-09-27T23:34:41.847+0100 [DEBUG] ReferenceTransformer: "module.network.aws_security_group.lambda" references: [module.network.var.tags (expand) module.network.aws_vpc.main]
2026-09-27T23:34:41.847+0100 [DEBUG] ReferenceTransformer: "module.lambda.var.dispatcher_role_arn (expand)" references: [module.iam.output.dispatcher_role_arn (expand)]
2026-09-27T23:34:41.847+0100 [DEBUG] ReferenceTransformer: "module.sqs.output.fatsecret_queue_arn (expand)" references: [module.sqs.aws_sqs_queue.fatsecret]
2026-09-27T23:34:41.848+0100 [DEBUG] ReferenceTransformer: "module.network.aws_subnet.private-a" references: [module.network.aws_vpc.main module.network.var.private_subnet_cidrs (expand) module.network.var.tags (expand) module.network.var.project_name (expand) module.network.var.availability_zones (expand)]
2026-09-27T23:34:41.848+0100 [DEBUG] ReferenceTransformer: "module.fatsecret_fargate.aws_ecs_service.worker" references: [module.fatsecret_fargate.var.cluster_id (expand) module.fatsecret_fargate.var.project_name (expand) module.fatsecret_fargate.var.worker_provider (expand) module.fatsecret_fargate.var.tags (expand) module.fatsecret_fargate.aws_ecs_task_definition.worker module.fatsecret_fargate.var.security_group_ids (expand) module.fatsecret_fargate.var.subnet_ids (expand)]
2026-09-27T23:34:41.848+0100 [DEBUG] ReferenceTransformer: "module.fatsecret_fargate.var.db_user (expand)" references: [var.db_user]
2026-09-27T23:34:41.848+0100 [DEBUG] ReferenceTransformer: "module.network.var.public_subnet_cidrs (expand)" references: []
2026-09-27T23:34:41.848+0100 [DEBUG] ReferenceTransformer: "module.fatsecret_fargate.output.autoscaling_policy_arn (expand)" references: [module.fatsecret_fargate.aws_appautoscaling_policy.worker_scale_out]
2026-09-27T23:34:41.848+0100 [DEBUG] ReferenceTransformer: "module.kms (expand)" references: []
2026-09-27T23:34:41.849+0100 [DEBUG] ReferenceTransformer: "module.budgets.aws_budgets_budget.project_budget" references: [module.budgets.var.project_name (expand) module.budgets.var.monthly_budget (expand) module.budgets.var.project_name (expand) module.budgets.var.sns_topic_arn (expand) module.budgets.var.sns_topic_arn (expand) module.budgets.var.sns_topic_arn (expand)]
2026-09-27T23:34:41.849+0100 [DEBUG] ReferenceTransformer: "module.fatsecret_fargate.var.ecr_image (expand)" references: [module.ecr.output.repository_url (expand)]
2026-09-27T23:34:41.849+0100 [DEBUG] ReferenceTransformer: "module.lambda.var.subnet_ids (expand)" references: [module.network.output.private_subnet_ids (expand)]
2026-09-27T23:34:41.849+0100 [DEBUG] ReferenceTransformer: "module.kms.var.key_alias (expand)" references: []
2026-09-27T23:34:41.849+0100 [DEBUG] ReferenceTransformer: "module.sqs.output.google_health_queue_url (expand)" references: [module.sqs.aws_sqs_queue.google_health]
2026-09-27T23:34:41.849+0100 [DEBUG] ReferenceTransformer: "var.project_name" references: []
2026-09-27T23:34:41.849+0100 [DEBUG] ReferenceTransformer: "module.fatsecret_fargate.var.log_group_name (expand)" references: [module.fatsecret_log_group.output.log_group_name (expand)]
2026-09-27T23:34:41.849+0100 [DEBUG] ReferenceTransformer: "module.kms.output.key_arn (expand)" references: [module.kms.aws_kms_key.credentials]
2026-09-27T23:34:41.849+0100 [DEBUG] ReferenceTransformer: "module.network.aws_route_table_association.public" references: [module.network.aws_route_table.public module.network.aws_subnet.public-a]
2026-09-27T23:34:41.849+0100 [DEBUG] ReferenceTransformer: "var.database_host" references: []
2026-09-27T23:34:41.850+0100 [DEBUG] ReferenceTransformer: "module.iam.output.ecs_task_role_arn (expand)" references: [module.iam.aws_iam_role.ecs_task_role]
2026-09-27T23:34:41.850+0100 [DEBUG] ReferenceTransformer: "module.ecs_cluster.output.cluster_name (expand)" references: [module.ecs_cluster.aws_ecs_cluster.main]
2026-09-27T23:34:41.850+0100 [DEBUG] ReferenceTransformer: "var.alert_email" references: []
2026-09-27T23:34:41.850+0100 [DEBUG] ReferenceTransformer: "var.cert_path" references: []
2026-09-27T23:34:41.850+0100 [DEBUG] ReferenceTransformer: "module.iam.aws_iam_role.ecs_task_role" references: [module.iam.var.project_name (expand) module.iam.var.tags (expand)]
2026-09-27T23:34:41.850+0100 [DEBUG] ReferenceTransformer: "module.sqs.var.fatsecret_queue_name (expand)" references: []
2026-09-27T23:34:41.850+0100 [DEBUG] ReferenceTransformer: "module.fatsecret_fargate.aws_appautoscaling_target.worker" references: [module.fatsecret_fargate.var.max_capacity (expand) module.fatsecret_fargate.var.min_capacity (expand) module.fatsecret_fargate.var.cluster_name (expand) module.fatsecret_fargate.aws_ecs_service.worker]
2026-09-27T23:34:41.850+0100 [DEBUG] ReferenceTransformer: "module.network.aws_route_table.private" references: [module.network.aws_vpc.main module.network.var.tags (expand) module.network.var.project_name (expand)]
2026-09-27T23:34:41.850+0100 [DEBUG] ReferenceTransformer: "module.rds.var.instance_class (expand)" references: []
2026-09-27T23:34:41.850+0100 [DEBUG] ReferenceTransformer: "module.rds.var.security_group_ids (expand)" references: [module.network.output.security_group_ids (expand)]
2026-09-27T23:34:41.850+0100 [DEBUG] ReferenceTransformer: "module.fatsecret_log_group.output.log_group_name (expand)" references: [module.fatsecret_log_group.aws_cloudwatch_log_group.worker]
2026-09-27T23:34:41.850+0100 [DEBUG] ReferenceTransformer: "module.sqs.output.lyfta_queue_url (expand)" references: [module.sqs.aws_sqs_queue.lyfta]
2026-09-27T23:34:41.850+0100 [DEBUG] ReferenceTransformer: "module.secrets (expand)" references: []
2026-09-27T23:34:41.851+0100 [DEBUG] ReferenceTransformer: "module.network.aws_route_table.public" references: [module.network.aws_vpc.main module.network.var.tags (expand) module.network.var.project_name (expand)]
2026-09-27T23:34:41.851+0100 [DEBUG] ReferenceTransformer: "module.lambda.aws_lambda_function.dispatcher" references: [module.lambda.var.lambda_zip_path (expand) module.lambda.var.project_name (expand) module.lambda.var.dispatcher_role_arn (expand) module.lambda.var.tags (expand) module.lambda.var.lambda_zip_path (expand) module.lambda.var.subnet_ids (expand) module.lambda.var.lambda_security_group_id (expand) module.lambda.var.active_user_window_days (expand) module.lambda.var.google_health_queue_url (expand) module.lambda.var.fatsecret_queue_url (expand) module.lambda.var.lyfta_queue_url (expand) module.lambda.var.database_host (expand) module.lambda.var.db_user (expand) module.lambda.var.database_password (expand) module.lambda.var.cert_path (expand)]
2026-09-27T23:34:41.851+0100 [DEBUG] ReferenceTransformer: "module.rds.var.tags (expand)" references: [local.common_tags (expand)]
2026-09-27T23:34:41.851+0100 [DEBUG] ReferenceTransformer: "module.sqs.output.lyfta_queue_arn (expand)" references: [module.sqs.aws_sqs_queue.lyfta]
2026-09-27T23:34:41.851+0100 [DEBUG] ReferenceTransformer: "module.network.aws_vpc.main" references: [module.network.var.tags (expand) module.network.var.project_name (expand) module.network.var.vpc_cidr (expand)]
2026-09-27T23:34:41.852+0100 [DEBUG] ReferenceTransformer: "module.iam.aws_iam_role.dispatcher" references: [module.iam.var.project_name (expand) module.iam.var.tags (expand)]
2026-09-27T23:34:41.852+0100 [DEBUG] ReferenceTransformer: "module.rds.var.subnet_group_name (expand)" references: [module.network.output.subnet_group_name (expand)]
2026-09-27T23:34:41.852+0100 [DEBUG] ReferenceTransformer: "module.rds.var.db_identifier (expand)" references: []
2026-09-27T23:34:41.852+0100 [DEBUG] ReferenceTransformer: "module.sns.var.tags (expand)" references: [local.common_tags (expand)]
2026-09-27T23:34:41.852+0100 [DEBUG] ReferenceTransformer: "module.fatsecret_cloudwatch_metric_autoscaling.var.queue_depth_threshold (expand)" references: []
2026-09-27T23:34:41.852+0100 [DEBUG] ReferenceTransformer: "module.secrets.random_password.db_password" references: []
2026-09-27T23:34:41.852+0100 [DEBUG] ReferenceTransformer: "module.lambda.var.lambda_zip_path (expand)" references: [var.lambda_zip_path]
2026-09-27T23:34:41.852+0100 [DEBUG] ReferenceTransformer: "module.rds.var.allocated_storage (expand)" references: []
2026-09-27T23:34:41.852+0100 [DEBUG] ReferenceTransformer: "module.fatsecret_fargate.var.security_group_ids (expand)" references: [module.network.output.ecs_security_group_id (expand)]
2026-09-27T23:34:41.852+0100 [DEBUG] ReferenceTransformer: "module.lambda.var.lyfta_queue_url (expand)" references: [module.sqs.output.lyfta_queue_url (expand)]
2026-09-27T23:34:41.852+0100 [DEBUG] ReferenceTransformer: "module.fatsecret_fargate.var.scale_out_step_3 (expand)" references: []
2026-09-27T23:34:41.852+0100 [DEBUG] ReferenceTransformer: "module.rds.output.db_username (expand)" references: [module.rds.aws_db_instance.this]
2026-09-27T23:34:41.852+0100 [DEBUG] ReferenceTransformer: "module.progress_photo_s3 (expand)" references: []
2026-09-27T23:34:41.852+0100 [DEBUG] ReferenceTransformer: "module.kms.aws_kms_alias.credentials" references: [module.kms.var.key_alias (expand) module.kms.aws_kms_key.credentials]
2026-09-27T23:34:41.852+0100 [DEBUG] ReferenceTransformer: "module.fatsecret_fargate.var.scale_out_step_2 (expand)" references: []
2026-09-27T23:34:41.852+0100 [DEBUG] ReferenceTransformer: "module.sns.var.project_name (expand)" references: [var.project_name]
2026-09-27T23:34:41.853+0100 [DEBUG] ReferenceTransformer: "module.sqs.output.fatsecret_queue_url (expand)" references: [module.sqs.aws_sqs_queue.fatsecret]
2026-09-27T23:34:41.853+0100 [DEBUG] ReferenceTransformer: "module.fatsecret_cloudwatch_metric_autoscaling (close)" references: []
2026-09-27T23:34:41.853+0100 [DEBUG] ReferenceTransformer: "module.progress_photo_s3.aws_s3_bucket_versioning.progress_photos" references: [module.progress_photo_s3.aws_s3_bucket.progress_photos]
2026-09-27T23:34:41.853+0100 [DEBUG] ReferenceTransformer: "module.ecr (expand)" references: []
2026-09-27T23:34:41.853+0100 [DEBUG] ReferenceTransformer: "module.budgets.var.monthly_budget (expand)" references: []
2026-09-27T23:34:41.853+0100 [DEBUG] ReferenceTransformer: "module.iam.aws_iam_role_policy_attachment.attach_logs" references: [module.iam.aws_iam_policy.worker_policies module.iam.aws_iam_role.ecs_task_role]
2026-09-27T23:34:41.853+0100 [DEBUG] ReferenceTransformer: "var.database_password" references: []
2026-09-27T23:34:41.853+0100 [DEBUG] ReferenceTransformer: "module.ecr.aws_ecr_lifecycle_policy.health_worker" references: [module.ecr.aws_ecr_repository.health_worker]
2026-09-27T23:34:41.853+0100 [DEBUG] ReferenceTransformer: "module.rds.var.engine_version (expand)" references: []
2026-09-27T23:34:41.853+0100 [DEBUG] ReferenceTransformer: "module.secrets.var.tags (expand)" references: [local.common_tags (expand)]
2026-09-27T23:34:41.853+0100 [DEBUG] ReferenceTransformer: "module.sqs (close)" references: []
2026-09-27T23:34:41.853+0100 [DEBUG] ReferenceTransformer: "module.network.aws_security_group_rule.rds_from_lambda" references: [module.network.aws_security_group.rds module.network.aws_security_group.lambda]
2026-09-27T23:34:41.854+0100 [DEBUG] ReferenceTransformer: "module.ecr.aws_ecr_repository.health_worker" references: [module.ecr.var.tags (expand) module.ecr.var.project_name (expand)]
2026-09-27T23:34:41.854+0100 [DEBUG] ReferenceTransformer: "module.lambda.output.dispatcher_lambda_name (expand)" references: [module.lambda.aws_lambda_function.dispatcher]
2026-09-27T23:34:41.854+0100 [DEBUG] ReferenceTransformer: "module.network.aws_nat_gateway.main" references: [module.network.aws_internet_gateway.main module.network.aws_subnet.public-a module.network.var.tags (expand) module.network.var.project_name (expand) module.network.aws_eip.nat]
2026-09-27T23:34:41.854+0100 [DEBUG] ReferenceTransformer: "module.network.var.tags (expand)" references: [local.common_tags (expand)]
2026-09-27T23:34:41.854+0100 [DEBUG] ReferenceTransformer: "module.iam.var.queue_arns (expand)" references: [module.sqs.output.google_health_queue_arn (expand) module.sqs.output.lyfta_queue_arn (expand) module.sqs.output.fatsecret_queue_arn (expand)]
2026-09-27T23:34:41.854+0100 [DEBUG] ReferenceTransformer: "module.fatsecret_log_group.output.log_group_arn (expand)" references: [module.fatsecret_log_group.aws_cloudwatch_log_group.worker]
2026-09-27T23:34:41.854+0100 [DEBUG] ReferenceTransformer: "module.lambda.output.dispatcher_lambda_arn (expand)" references: [module.lambda.aws_lambda_function.dispatcher]
2026-09-27T23:34:41.854+0100 [DEBUG] ReferenceTransformer: "module.fatsecret_log_group (close)" references: []
2026-09-27T23:34:41.854+0100 [DEBUG] ReferenceTransformer: "module.network.aws_security_group.ecs" references: [module.network.var.tags (expand) module.network.aws_vpc.main]
2026-09-27T23:34:41.855+0100 [DEBUG] ReferenceTransformer: "module.iam.aws_iam_policy.worker_policies" references: [module.iam.var.queue_arns (expand) module.iam.var.project_name (expand)]
2026-09-27T23:34:41.855+0100 [DEBUG] ReferenceTransformer: "module.fatsecret_fargate.var.ecs_execution_role_arn (expand)" references: [module.iam.output.ecs_execution_role_arn (expand)]
2026-09-27T23:34:41.855+0100 [DEBUG] ReferenceTransformer: "module.progress_photo_s3.var.tags (expand)" references: [local.common_tags (expand)]
2026-09-27T23:34:41.855+0100 [DEBUG] ReferenceTransformer: "module.sns (expand)" references: []
2026-09-27T23:34:41.855+0100 [DEBUG] ReferenceTransformer: "module.sns.aws_sns_topic.alerts" references: [module.sns.var.project_name (expand) module.sns.var.tags (expand)]
2026-09-27T23:34:41.855+0100 [DEBUG] ReferenceTransformer: "var.active_user_window_days" references: []
2026-09-27T23:34:41.855+0100 [DEBUG] ReferenceTransformer: "module.fatsecret_fargate.var.database_password (expand)" references: [var.database_password]
2026-09-27T23:34:41.855+0100 [DEBUG] ReferenceTransformer: "module.ecs_cluster.var.project_name (expand)" references: [var.project_name]
2026-09-27T23:34:41.855+0100 [DEBUG] ReferenceTransformer: "module.ecr.output.repository_name (expand)" references: [module.ecr.aws_ecr_repository.health_worker]
2026-09-27T23:34:41.855+0100 [DEBUG] ReferenceTransformer: "module.fatsecret_fargate.var.max_capacity (expand)" references: []
2026-09-27T23:34:41.855+0100 [DEBUG] ReferenceTransformer: "module.kms.output.key_id (expand)" references: [module.kms.aws_kms_key.credentials]
2026-09-27T23:34:41.855+0100 [DEBUG] ReferenceTransformer: "module.kms.output.alias_arn (expand)" references: [module.kms.aws_kms_alias.credentials]
2026-09-27T23:34:41.855+0100 [DEBUG] ReferenceTransformer: "module.network (expand)" references: []
2026-09-27T23:34:41.855+0100 [DEBUG] ReferenceTransformer: "var.region" references: []
2026-09-27T23:34:41.855+0100 [DEBUG] ReferenceTransformer: "module.lambda.var.active_user_window_days (expand)" references: [var.active_user_window_days]
2026-09-27T23:34:41.855+0100 [DEBUG] ReferenceTransformer: "module.network.output.security_group_ids (expand)" references: [module.network.aws_security_group.rds]
2026-09-27T23:34:41.965+0100 [DEBUG] Starting graph walk: walkEval
2026-09-27T23:34:42.108+0100 [DEBUG] created provider logger: level=debug
2026-09-27T23:34:42.108+0100 [INFO]  provider: configuring client automatic mTLS
2026-09-27T23:34:42.220+0100 [DEBUG] provider: starting plugin: path=.terraform/providers/registry.terraform.io/hashicorp/random/3.9.0/windows_amd64/terraform-provider-random_v3.9.0_x5.exe args=[".terraform/providers/registry.terraform.io/hashicorp/random/3.9.0/windows_amd64/terraform-provider-random_v3.9.0_x5.exe"]
2026-09-27T23:34:42.226+0100 [DEBUG] provider: plugin started: path=.terraform/providers/registry.terraform.io/hashicorp/random/3.9.0/windows_amd64/terraform-provider-random_v3.9.0_x5.exe pid=12076
2026-09-27T23:34:42.226+0100 [DEBUG] provider: waiting for RPC address: plugin=.terraform/providers/registry.terraform.io/hashicorp/random/3.9.0/windows_amd64/terraform-provider-random_v3.9.0_x5.exe
2026-09-27T23:34:42.314+0100 [INFO]  provider.terraform-provider-random_v3.9.0_x5.exe: configuring server automatic mTLS: timestamp="2026-09-27T23:34:42.253+0100"
2026-09-27T23:34:42.329+0100 [DEBUG] provider.terraform-provider-random_v3.9.0_x5.exe: plugin address: address=127.0.0.1:10000 network=tcp timestamp="2026-09-27T23:34:42.329+0100"
2026-09-27T23:34:42.329+0100 [DEBUG] provider: using plugin: version=5
2026-09-27T23:34:42.340+0100 [DEBUG] created provider logger: level=debug
2026-09-27T23:34:42.340+0100 [INFO]  provider: configuring client automatic mTLS
2026-09-27T23:34:42.346+0100 [DEBUG] provider: starting plugin: path=.terraform/providers/registry.terraform.io/hashicorp/aws/5.100.0/windows_amd64/terraform-provider-aws_v5.100.0_x5.exe args=[".terraform/providers/registry.terraform.io/hashicorp/aws/5.100.0/windows_amd64/terraform-provider-aws_v5.100.0_x5.exe"]
2026-09-27T23:34:42.352+0100 [DEBUG] provider: plugin started: path=.terraform/providers/registry.terraform.io/hashicorp/aws/5.100.0/windows_amd64/terraform-provider-aws_v5.100.0_x5.exe pid=1092
2026-09-27T23:34:42.353+0100 [DEBUG] provider: waiting for RPC address: plugin=.terraform/providers/registry.terraform.io/hashicorp/aws/5.100.0/windows_amd64/terraform-provider-aws_v5.100.0_x5.exe
2026-09-27T23:34:43.224+0100 [DEBUG] provider.terraform-provider-aws_v5.100.0_x5.exe: Starting github.com/hashicorp/terraform-provider-aws@5.100.0 (go1.23.10)...
2026-09-27T23:34:43.224+0100 [DEBUG] provider.terraform-provider-aws_v5.100.0_x5.exe: Initializing Terraform AWS Provider...
2026-09-27T23:34:43.894+0100 [INFO]  provider.terraform-provider-aws_v5.100.0_x5.exe: configuring server automatic mTLS: timestamp="2026-09-27T23:34:43.820+0100"
2026-09-27T23:34:43.909+0100 [DEBUG] provider: using plugin: version=5
2026-09-27T23:34:43.909+0100 [DEBUG] provider.terraform-provider-aws_v5.100.0_x5.exe: plugin address: address=127.0.0.1:10001 network=tcp timestamp="2026-09-27T23:34:43.909+0100"
2026-09-27T23:34:43.954+0100 [INFO]  provider: plugin process exited: plugin=.terraform/providers/registry.terraform.io/hashicorp/random/3.9.0/windows_amd64/terraform-provider-random_v3.9.0_x5.exe id=12076
2026-09-27T23:34:43.954+0100 [DEBUG] provider.stdio: received EOF, stopping recv loop: err="rpc error: code = Canceled desc = context canceled"
2026-09-27T23:34:44.003+0100 [DEBUG] provider: plugin exited
2026-09-27T23:34:44.131+0100 [DEBUG] provider.stdio: received EOF, stopping recv loop: err="rpc error: code = Unavailable desc = error reading from server: EOF"
2026-09-27T23:34:44.146+0100 [INFO]  provider: plugin process exited: plugin=.terraform/providers/registry.terraform.io/hashicorp/aws/5.100.0/windows_amd64/terraform-provider-aws_v5.100.0_x5.exe id=1092
2026-09-27T23:34:44.146+0100 [DEBUG] provider: plugin exited
